0x0a98f97e89743406a8611e1b4219a073b60ffed3,1
0x0ca4dc095608c6b153019f734106581c85f2dcc3,1
0x129c6695dfe7a906bd8fda202d26dfff601f83a4,1
0x22fbaa2dd20b848084545515fb04b9c846942779,1
0x2f2242b447a54cb110b8a7991cf8a27054ee6921,1
0x61d9d9cc8c3203dab7100ea79ced77587201c990,1
0x6d1db4a7e83dae0eee7e95d421722d46d2a7e94b,1
0x729fcbb6e1289c88ce5113ec1c83a48a8e3c9f2f,1
0x896b94f4f27f12369698c302e2049cae86936bbb,1
0x9224bbb4e0fbe2f2f8fab55debc41eb21fdfb804,1
0x982d3c5223f6b5794fccb3208eb164d042cf2526,1
0xa71000e72d38e6a84d7190f59fd3dfc73931c0e8,1
0xa743c8c57c425b84cb2ed18c6b9ae3ad21629cb5,1
0xb5374cac6cad6b025246f19d20b0d4151b640558,1
0xbc30e90dc528ece58c1a51b6fb6d572838416489,1
0xc02e6b0d0c1a5d8cd26beeba0fe8d76c5d2f19b9,1
0xc2419841dcb9a0f8906d06463ae24e00e1470846,1
0xdb561a899557404581e6180fe6d4178577dc117b,1
0xea39c551834d07ee2ee87f1ceff843c308e089af,1
0xf2c5f1fd977dbd6de9d04bc4e62dff722d4bb1a1,1
