0x04df8d02f912d34fef12a1b0488ee56fd6f7416c,1
0x06c96dc43b739cd1d7428d4cf29c3caeb14d7e82,1
0x0a98f97e89743406a8611e1b4219a073b60ffed3,1
0x0b3e3a27d85996e20b2cdd0e7f1e1208816d05b8,1
0x0ca4dc095608c6b153019f734106581c85f2dcc3,1
0x129c6695dfe7a906bd8fda202d26dfff601f83a4,1
0x134cb213549c9f114176adb9e4a78d6a272a3672,1
0x1566ae673ae80725bcce901b486c336e6acef465,1
0x1a9aee029a1b8c69c4404890c85715cc726746c7,1
0x22fbaa2dd20b848084545515fb04b9c846942779,1
0x248458947c120ca057ec028b3fe7e4b3f26fdb3d,1
0x27b1abafb2cb065cfaf41b4b7ee95d27192151b2,1
0x2947cd7346b3a372b357256b8955ebd4b5735987,1
0x2f2242b447a54cb110b8a7991cf8a27054ee6921,1
0x3511ae23ee25e2b97dce883c7d496ff5d18f1dfa,1
0x3cb63b82d778105e43f064ed739b0655f1f0fb87,1
0x3d0a1d20ac580ca8fa35888c92dd0859887f3398,1
0x40d2f4399d23f9afb82d0a6b73055f13208614f9,1
0x43b0bd27d5016e969193412933387b0dd4cf3e0a,1
0x477ea7a022e51b6eb0dcb6d802fb5f0cfc3b4a81,1
0x48464efe55fbcae8ae0c992b306afcf21d4910cf,1
0x520e8d6c5b2dbbe62bf8a40653a314d879b19b86,1
0x53006f95def268f88dc1b8216654ab56f3afd052,1
0x53562e8ecee54356dc89ad263a444528b34d6c80,1
0x575f6540c16a72696c14a17fa64f049992d661ab,1
0x59068075a799594db03c0255eed68e8e121155c8,1
0x5fdb5fdb61bc2975f3be446c5ae9c5df490f55d2,1
0x615502edd5cf2d59244dd0dd53d3c8ec035e172b,1
0x61d9d9cc8c3203dab7100ea79ced77587201c990,1
0x64f7de90dc79d775703bbec66a1591c7a26a22f0,1
0x665654f2d2a151be2d0f8e3697e6ce780f732af2,1
0x670a840848eba22eb2a090fd65e1ff60c3ba9e5b,1
0x699990a8e7ada9e92c932d6e8fb365024fc74b43,1
0x69e68074f1aada957edd39c5eae0069973343f30,1
0x6f0735bf1e6c69030d6990cdd580345b370eb50a,1
0x6f113b0c8c7266d7514e4986e3d6aaf013b6754f,1
0x729fcbb6e1289c88ce5113ec1c83a48a8e3c9f2f,1
0x73bcb8c5e30bf85806aade7fc36f16c6b80fd3b9,1
0x75005a05bc163b85991b9c9facbcf3155372422e,1
0x78a576d3751e8cc8f30c54c367fe8e5a2cd71228,1
0x7e5ab36876a267560e7191cedbe99ee7bc04bc30,1
0x82139687faae8a29851902783e02e699de0e0846,1
0x85603a042455d2f36f3ec52c1c756344aa70c5ef,1
0x88ccdfe9dd047b4cec4c1102d2d803e2d8bf683e,1
0x896b94f4f27f12369698c302e2049cae86936bbb,1
0x8ba68cfe71550efc8988d81d040473709b7f9218,1
0x8bd9c4b5ea8f6f14c9b14d830ddb67f3720d77f6,1
0x8fc2326375174bfe3baccc98cb9906921dc9599c,1
0x982d3c5223f6b5794fccb3208eb164d042cf2526,1
0xa56c04347abee42f663eff9bc2d0147b97c8f782,1
0xa743c8c57c425b84cb2ed18c6b9ae3ad21629cb5,1
0xab2056903a7b62bac46f45a3d7a70ac799ca88cb,1
0xae0d16586e5d60d334624c115216a52b9b1a0335,1
0xae72c6a6fad9fa9d82d089e1ebf73b3043855425,1
0xb6cf25f5cf8a1e1727d988facdd47f1dfc492caf,1
0xb735af7ae1a77d1ec764c862c2c09bdbf2b34b27,1
0xba4575ea27041d99e6614ec02318f1e23a623fe2,1
0xbbdd72fcce73c2626719be00259ddffef0d5673d,1
0xbf270918afe2ad16093ddce904fc358ad337cefa,1
0xbf814810b44978de273191fd612aa47f7b69d564,1
0xc02e6b0d0c1a5d8cd26beeba0fe8d76c5d2f19b9,1
0xc2419841dcb9a0f8906d06463ae24e00e1470846,1
0xc6400a5584db71e41b0e5dfbdc769b54b91256cd,1
0xcaa1c396e70384db58dd33be74b26fb119e98c3a,1
0xcabd5f77ca9d48f4ef9793f20de42ad39ce93979,1
0xd007058e9b58e74c33c6bf6fbcd38baab813cbb6,1
0xd3e401814d1faa8ca0419ecccbfee93ac7b15b31,1
0xde112b77a1a72c726d8c914c23dceaa53273c351,1
0xe359ab04cec41ac8c62bc5016c10c749c7de5480,1
0xe3b41ae8785e4107cc69f988042ff4a66a367fac,1
0xea39c551834d07ee2ee87f1ceff843c308e089af,1
0xef5ab90a44b68d4f5e3f6be6af4bedb12cd2c66e,1
0xf15a6b54e68884d27e1bebb1624d70c227b7d04b,1
0xf2c5f1fd977dbd6de9d04bc4e62dff722d4bb1a1,1
0xf8aace471723dba6514f6c6d43651611a0c34529,1
0xfcbca52b23db28470eb97680d18e988d8b60b608,1
0xfd22004806a6846ea67ad883356be810f0428793,1
