0x13eac939d3c7ff1a985d164d1f14411505b4c822,1
0x2c8875f34ceb219f61b7453b2c5f100ec2f6ed33,1
0x9274f2f89fbe5dc00c21c628e46a18c7187c14d7,1
0x9dc5b2cee788e3e9c67489b5d7ce634dbf48a32e,2
0x9ce3aebe5e73cdd5357aa4561fe1b01d78f89fbc,1
0x06c96dc43b739cd1d7428d4cf29c3caeb14d7e82,1
0x0a98f97e89743406a8611e1b4219a073b60ffed3,1
0x0b3e3a27d85996e20b2cdd0e7f1e1208816d05b8,1
0x149157a39b5966410e018c97107c641951e72ddb,1
0x129c6695dfe7a906bd8fda202d26dfff601f83a4,1
0x134cb213549c9f114176adb9e4a78d6a272a3672,1
0x1566ae673ae80725bcce901b486c336e6acef465,1
0x1a9aee029a1b8c69c4404890c85715cc726746c7,1
0x8a9bfdc136d5d1166497882af5d8c9718f27fbed,1
0x248458947c120ca057ec028b3fe7e4b3f26fdb3d,1
0x27b1abafb2cb065cfaf41b4b7ee95d27192151b2,1
0x114c1eb0ddd7cefe5f4fa679b1f4d92c09126b9b,1
0xc07a67f50eb5bf18fd0c140c702a3032faa3681c,1
0x2db19ee7f7e0eae5730e7a393fcc899d70df9f25,1
0x3cb63b82d778105e43f064ed739b0655f1f0fb87,1
0x3d0a1d20ac580ca8fa35888c92dd0859887f3398,1
0xd40b63bf04a44e43fbfe5784bcf22acaab34a180,1
0xbdc29767d8bc6dd6b08d64d74c8ecf11b3f5ccf4,1
0x477ea7a022e51b6eb0dcb6d802fb5f0cfc3b4a81,1
0x319af5203839970ccb04d2eda95c427941c498ae,1
0x520e8d6c5b2dbbe62bf8a40653a314d879b19b86,2
0xf0cf0a85c08527d8207a3ef45c5dc5af38a61da5,1
0x53562e8ecee54356dc89ad263a444528b34d6c80,1
0x494e6fd90217d3b19be362a4a698c760cb3caaba,1
0x44cb86a104d9c31bf98f8c7b7463b1a11239da36,1
0x2638c0c7bb8b6cc7af4f90a7ab01df9398e46893,1
0x615502edd5cf2d59244dd0dd53d3c8ec035e172b,1
0x61d9d9cc8c3203dab7100ea79ced77587201c990,1
0x64f7de90dc79d775703bbec66a1591c7a26a22f0,1
0x665654f2d2a151be2d0f8e3697e6ce780f732af2,1
0x670a840848eba22eb2a090fd65e1ff60c3ba9e5b,2
0x699990a8e7ada9e92c932d6e8fb365024fc74b43,2
0xeb17a51df787fcf40e2deda6c9ef26a6a5f44f6c,1
0x6f0735bf1e6c69030d6990cdd580345b370eb50a,2
0x6f113b0c8c7266d7514e4986e3d6aaf013b6754f,1
0x729fcbb6e1289c88ce5113ec1c83a48a8e3c9f2f,1
0xe39bd9e3af2054dd193b0d0217cfbd460f104902,2
0x75005a05bc163b85991b9c9facbcf3155372422e,1
0x78a576d3751e8cc8f30c54c367fe8e5a2cd71228,1
0x79c5146bd916944b4f4aee4c2447644be2b78e0f,1
0x82139687faae8a29851902783e02e699de0e0846,2
0x85603a042455d2f36f3ec52c1c756344aa70c5ef,1
0x9224bbb4e0fbe2f2f8fab55debc41eb21fdfb804,1
0x896b94f4f27f12369698c302e2049cae86936bbb,1
0x62da56c6f6a58d9c0efd4e67a9c05dd819f3019a,1
0x8bd9c4b5ea8f6f14c9b14d830ddb67f3720d77f6,1
0x8fc2326375174bfe3baccc98cb9906921dc9599c,1
0x982d3c5223f6b5794fccb3208eb164d042cf2526,1
0xa56c04347abee42f663eff9bc2d0147b97c8f782,1
0x09c3722773771ca55cdc70a4ebaa967fcd651224,1
0xca77fd51961eda60a9d5f9a0763baf4bb3b5eeaa,1
0xae0d16586e5d60d334624c115216a52b9b1a0335,1
0xae72c6a6fad9fa9d82d089e1ebf73b3043855425,1
0xb6cf25f5cf8a1e1727d988facdd47f1dfc492caf,2
0xceb6798d609f86e156f36735eb39108af6d9a8cb,1
0xedd1f30d69898e4cb710cfb47c6114d31e6fed06,1
0xbbdd72fcce73c2626719be00259ddffef0d5673d,1
0x41d5939a4525727cc3777073b40aaac6030a22f8,1
0xbf814810b44978de273191fd612aa47f7b69d564,1
0x087042b6e9716c2f04aaa45e48e7e87d63467184,2
0xc2419841dcb9a0f8906d06463ae24e00e1470846,1
0x2d52ac4c7cd1cef8b62e9d31c36b291642970c3d,1
0xcaa1c396e70384db58dd33be74b26fb119e98c3a,1
0xcabd5f77ca9d48f4ef9793f20de42ad39ce93979,1
0xd007058e9b58e74c33c6bf6fbcd38baab813cbb6,1
0xd3e401814d1faa8ca0419ecccbfee93ac7b15b31,1
0xde112b77a1a72c726d8c914c23dceaa53273c351,2
0xe359ab04cec41ac8c62bc5016c10c749c7de5480,1
0xe3b41ae8785e4107cc69f988042ff4a66a367fac,1
0xea39c551834d07ee2ee87f1ceff843c308e089af,1
0x538f08b2448d69d85b312274b15faa468464939e,2
0xf15a6b54e68884d27e1bebb1624d70c227b7d04b,1
0xe5798a530bb7105e148d38ac884f05c28ed8e804,2
0xf8aace471723dba6514f6c6d43651611a0c34529,1
0xfcbca52b23db28470eb97680d18e988d8b60b608,2
0xfd22004806a6846ea67ad883356be810f0428793,1
0x017347cb75ac8725608e593ea35d83f9b2b3cfb8,1
0x01ac9c8027c3c91c49b33d1dd084ed5b87c7dc92,1
0x039649f7c2f548692184da3fedf316f58e8356c0,1
0xa8d8342e6c68a10aaa88ce9134eb101d5a9d858d,1
0x03f4cb9e297ea659f30e09341ee7155a7d136398,1
0xf83fc0d27d92233e789e4d13d452d72404be6fe3,1
0x2d3fd9ee49189959368448a5cbc63213121d66b5,1
0x1cbf9983e0d59276a58db8e8529706004fcb1837,1
0xd35c49a60f9d5fec3ea2c43616ca0e2dc84a7af0,1
0x13928eb9a86c8278a45b6ff2935c7730b58ac675,1
0x4bf81b6e10809a944f3423bffcadd514e60aadb3,1
0x8a1e2c59edc994a7f1394624d1df6078d7e6c818,1
0xb79ca1348ae5726adbcae2bfaebd24b078743a59,1
0x5ffd8de19910efff95df729c54699aebcee8f747,1
0x17e31bf839acb700e0f584797574a2c1fde46d0b,1
0x18595f049a9c5c2019efda113009b0ec1c89ceaa,1
0x590e2ccd3b14227f6252617fa1a58bf8b2333d50,1
0x1a7d7e6abea492e7b9a3cae667f468c72e884671,1
0xaa1e92ddd28c835fe66689771d35f38947950fd4,1
0x1d10b0166a761f269adf864ebdaca9be445ca637,1
0x1ecded4519a9688ef4bfb5f15811c52f048ba1a6,1
0x20ebf9ae7c66da763fc1ce86062ce883389c8e23,1
0xafa5057edc21cca0a8406c59c76a6ff61fe113d8,1
0x2177da04f9479496c2292d6344d306aa49beb34a,1
0x21b9c7556376efdbf9ee316a4ede0c8257fb7533,1
0x23602ca06e977c86339ffddad74966e824ab691e,1
0x4c3daaef71d76fe12625e6be29d1c073dbf4e989,1
0x2c45f65d254e85584b47ec82450c91a30cfc6be1,1
0xad30b79c749c458601ddf4817dd768c0b4fd932a,1
0x2d8b81cde837334beb89a9c0a88179ad234770be,1
0x9adccfd429a7ba40e7945841164ea2cffa7611fd,1
0x2ee5fc834903186949c75e0dc10ec245397bf1fa,1
0xb5497427ac120c734a76be1b85a82156447c7e78,1
0xb960be49f51a6c3234319acc0b9fe1a10f70a94a,1
0x32e263cb9003f7fef329080bdcbc82f5cfd6c02f,1
0xcb6a1ff7aabbe2afceb4f7c5a6ec7ded94506c50,1
0x343e85ac3009ac01538d4251900ce1a2b7d7ffec,1
0x39256c222e2a16db63f21da9d8266fc6f95f45b9,1
0x4a5ab24d794951af8d611fb1ccb1cc453f43d37d,1
0x378dcff8e6be1778b04f5712d686517bb6a01927,1
0x37c14f24c73a9e151575a0af3dd2dd5cbbca8a29,1
0x39bba3c54a3412127bdfb0f218efea52b5d28300,1
0x3bf55d8aad7ca0c5cfe1f697d7783437b9e034fb,1
0x1773fad6563cd5b6a903e8bf81e9137127f941f8,1
0x3f4373afdde3d7de3ac433acc7de685338c3980e,1
0x405020c797a64f155c9966c88e5c677b2dbca5ab,1
0x40e6d6e798dc878e12987ed978f23c2391f1f570,1
0x410a9f44948576c60f94b165f63eb79ce769a04c,1
0x26170ef869643debab1491cd2248410dd5534bc5,1
0x571ae158b7f1ecc0ab4f17c9474a628882624919,1
0x27150c1107adbf8c971d575efd72325641a25459,1
0xb0689ce4c127345d05db41c942770b663fd111ca,1
0xe6d5ec576a21924dfbca631d8128f5b4272a7fe6,1
0x47a79ee280b4a6a8d68a3ba16e4082a765a2b20f,1
0x4c48d00997c6d23d6b47a9ce8caa6027d0068e42,1
0x7f94e30381aa6657c45833ec7fce2e493c1888ef,2
0xd35f84a9f82fbec2082b2b6c9afd20b4a8f7c959,1
0x52690f90740621f89f58521433e9b0921d626708,1
0x527bb834cc5c8ff730c673880e51372282b06e14,1
0x53f1b3d8990472d1adcd7b76348e5508db17cea0,1
0x542c5648d46462207fba8a4bd7d890b4154b722f,1
0x54669ca58bf3a59caea8ae5135db491e4738f65a,1
0x571493b6bb0b99dda41e2da1774b8c9b5bc302af,1
0x5e3118e91b0a02a5e2b92e49700c63434e94f0b2,1
0xa4580851905c60fca8c6a7995036ddcecf060f4a,1
0x5f656037e30a003862cf878db24ab5f537177fd9,1
0x614b89f072ea263a9387460963142e73548fbaf1,1
0x930922b1114ed66734bd773184667b227520f43f,1
0x69cd43dd4ecf3a076b1b9d2cfd41589987129bc0,1
0x6b29380bb9955d5b2df1624c5c6a72a5e69a6b80,1
0xc8bc8b83d592f9c72ea3ff494907280aaf096605,1
0x6b6ae848f555f70944bc99d736fe29fcaecf8b23,1
0x6c447537ed9c6928492e0f2882278ac530892ff2,1
0xb2d866297dbc7c7d8ad045c05afb48a95f28fb3c,1
0xdf3a3366e40dcdb9de0af5be8037d95cfbc2746d,1
0x803028dd9d3b5fc1b12e48b4f3f4218cc6470146,1
0x2a42cf4e1cfc33850fd8d8da24f86cd89b82ad95,1
0xd3aefe3c531e3e2eb0689206e7d495843c943550,1
0xd4e1a607d3ba4ac49f8517f8cfe011b5fb57b6f9,1
0x7c741ed01ee259feba4b7f9cac114f48bcafacf3,1
0x7dd14501c25c221ffe213d7d56d225f4fe411038,1
0xbd945e9c9519fffec7c87b4a26a89e522b6ba78a,1
0x7ed69ff055d746d451f675635e9bf773accc6a97,1
0x14ddb398ce7a516c399a95b5d5c9a41326ec93de,1
0x808421753a181e96812796b7ab43d3f356cc5a77,1
0x80a1c9fdc26199a69d190ebc8ad287ef48758977,1
0x832e47e53df5c771be86a3e03b49cde53088b156,1
0x8668681d2017c2322d7ba37070a8ea223ef3729c,1
0xcfb3adac1f63fcae9b9c559afd60fd2d6b52008e,1
0x886478d3cf9581b624cb35b5446693fc8a58b787,1
0x8af0b9a9b751e086122bc340188bd9d99b8c7ec1,1
0x170fb8f8f37776dc48184686dec386d2d1c41cc9,1
0x5fbe799de139710a2eb644f0410fdffbd5f189d3,1
0xd6ce702632f94069e138d30836194b121f047e79,1
0x8ffa8d00db5df56a20c30b737c5efdaabe140df4,1
0x2414db01b0624f877a360de7eda62afaca7abbcb,1
0x92b1b677728e36734d59067a4ce53e5bf1f3a2ab,1
0x957143815f0e1d1b1a31b2bfcded5b416ee675ed,1
0x96de627be6262ad2e19553824aad1af6ba1ebe9b,1
0x3e7374ee60f296ef2350c47a5110cb5233321756,1
0xf1d83de0ead95747f4ac184b36659c0d538309c8,1
0x9e1e3857fb2484379858b9daf230379015a7a100,1
0x9f3c44a7331ca9da2d3432bcb0df91186a27e3d7,1
0x9f6ae0370d74f0e591c64cec4a8ae0d627817014,1
0xa04f4a4b7306cb72f30828834db01699362a4989,1
0xa5214719feb1d07b66292a5d4d0a2712bd048435,1
0xa5ce27ca5e31b1de92db2d2bc109b3e23cf1d4c4,1
0xa71000e72d38e6a84d7190f59fd3dfc73931c0e8,1
0x2f4fc87fac91ae32fba3d9c60364897cbcc9f438,1
0x70da927bc27dff979cff22493e1ba26f3a61d941,1
0xa94ba6f81ede0d81a5252e71916b5c5567ad6a01,1
0xaa1d3f5d45333e40467e989d472effac4da00da9,1
0xeb0bd6bfa6d109205f857caab59f651fe7631094,1
0x5d3087d1aa04235610cad6198598977b9b8156d3,1
0xeff0c128d7c5c39b06924d750ffa0296066a3220,1
0xadebdeab678647a457743ea3af98f8b804e45c24,1
0xc7c32e908ceca0c308e6c6d58050d233cd278661,1
0xb08f95dbc639621dbaf48a472ae8fce0f6f56a6e,1
0xdfe7d27959988b1604637f44a0fc129dca9e0e9d,1
0xb31a4974499daad3255206daee7d1f3595fa259e,1
0xb37c5603fb0c6c2e2b62d0525affed9e1e5a6a19,1
0xb42ab92f5af0f162fffefa2b1e12702ce3fc9e17,1
0xb4627672ee52660a9e453ec541834e04583f3602,1
0x1778e3d9110a1014685d308be0c571de069e24cf,1
0x565465a0e19309ecb839319453e2c83aa0befdf2,1
0xb6c7e03ede87692deb1de7e40723b952e0fd3773,1
0xb7546d1b04151e1e96d38275af66eaf984fdad2a,1
0x8cebf0887979d86ee2c878663af7b71a35d0ba24,1
0xb8937891f08af9854a5ae7a5ec0cbaf4e68acd4c,1
0xc9870f60415c62d998dfe3ded15aafc015f45acc,1
0xffdc43e03609c792bc62f4fd137ad80e4b9c294b,1
0xa530f7739413e787c205233658185edc1e68c25e,1
0xbd751cac1fb27d930a6a0394d97c77908d94ad5d,1
0xbe8fe12b9eb1ca2a593e6c070c71c294b6fe9f00,1
0xbe9998830c38910ef83e85eb33c90dd301d5516e,1
0xbfb7969e75ee4e58620f74135d167f5bdd60800a,1
0x408198596e2a166d80d61ff7db4a8ef5f9e96e79,1
0xef0ce6fdf1fde9b1b0b5423603d135ab6ceca6e9,1
0xd87ca052936bcc2b6283b87d2f0aa95cf0080584,1
0xab5f32d395b515d132d5a1f1e3337f4f679d13be,1
0xc6cf5a020bcfc65c6f8181c04cbb5ef5050fe28e,1
0xc78cd2e1e8ad4a288eddafb139c9d0891ad01ae7,1
0xc8cb180415b83f3f9a61691d246fe39a74c6a41e,1
0xc8d3e10a72d2d846ebd134dfbd23e14cc26a4ed5,1
0xf42884e0a175a07b82354325d59be7d7d295e52a,1
0xe4c8476226ad79c16f614a20712d348b77cf95ce,1
0xca339bd4739227f71b646f8b23ca098c86f6c3a5,1
0xcaf3365d474690a1ac6643d3d6ef44cb0c6deec4,1
0x903395c9e6fd4f94fbd706c85d397a5df219efa2,1
0x6c0e639dcfc73e810bf66c90a9005d4ebd8a7e5d,1
0xcb9f87919b6818ccf3e8350e0ee2e13200dc8fe8,1
0xcd69150ece65cf880eaa7b91ca6fbb7d38e97cc3,1
0xa5894f85b5bb5145a69c3f4a41bb4918a8463701,1
0xd0b2d2d86a45bf2f13a3af83df6e7b5fe98050f9,1
0xebe326d8de3413f8132518dcfd45e6cbff7e5c27,1
0xd2ce17b0566df31f8020700fbda6521d28d98c22,1
0xd2f2a56affb67a9ae2499ab9df1689ee78fad89a,1
0xd3069c9e486a8b77add55ae3ceb3a4b138fb76c7,1
0xd3364ea1c742cc2d396ac65e1723b8d608a939bb,1
0xf5cadf5236b5eadb3df5ff55977bfc08f283c342,1
0x581bd489306df3fd5095b79d914d0db0f52eebd5,1
0xd5ec003289265705727b622f1700fe814e54ca67,1
0xfcf2c8a6b01af46a4bfcadbabe49b98294fce61e,1
0xd7e32b8a326ffd9e784a1ee1eea37684a7512171,1
0x5390b04839c6ebaa765886e1ede2bce7116e462f,1
0xd981a38d80de1c1528349b841833d3a9a745cb37,1
0xdcefc9ff1e47e458e56959154c1cdcf56003d30b,1
0xabfb3a0a0e4c1bc2ad036f4531217e2becd215ee,1
0xdf36b093cbc06522b68105c3d9141db188e980b6,1
0xe1c22662f4f1320c6e5319d002b3c3d52f0d0135,1
0x2ad6ddf08ee9344dab9c3cd0f37becb765b808b0,1
0xe74ca58ef724b94fac7f2e09e2e48536a5c1ad03,1
0xe776de32c9dc8889e2dcf1cf0606010a51d1abb2,1
0xc3a54d251ff53df49deab11aaae634203cb24ddb,1
0xe8a05c7f4e9c1aa060cf941dbb50381f342d7d43,1
0xe96ba1a10f72b58934b9ac0e3fb471d2ba65b757,1
0x0bc7815f29ede74742d7377821506f705cf0d809,1
0x9313d20e1657ab7fd434943c931f4b796841bac2,1
0xecea65d22233e7beed752a06c46cefc6c90a1d7f,1
0xed690606f908361c26bd2b1ad4fa31ed201dca4c,1
0xee2c055f7706b9dfcd98cd5a23d5629d6316c0bd,1
0xee91d62eb5aaea933efbfd0790613af5db305006,1
0x26a1e46832bd5ffd7d21481d185fc258a7080316,1
0xb082468c8414f30bae1c3b6136cd5bbdffebc1a2,1
0xf4df143e90c2095e173f861a22f1e6a2503d06cb,1
0xf84408070b4de16d6bb0ab2fd8b19d37e3fd1422,1
0x8081a75141dbc89f70d31eece08ff12cfe105e43,1
0xbc5a7cf988f7e7e8f3893cd0ee1d0786cd4af889,1
0x08f1f3669598eeb0e8a63fa73480d1e023c30afd,1
0xedafab34d7df41ecf39938de47b2308fa923d51e,1
0xffe6832850476eb6d5ff184d747ed84f1b686aa9,1
0xfff39900273ffb1045c7cfde62df1720b63fd6bd,1
0x0007fcf5590179336c826a60c80976623c7bbc29,1
0x017ffb7c9e5aff47d9569265d7c78b2494099782,1
0x01e8e9927d7c6b71671865f05783c8cbe04cc559,1
0x02009370ff755704e9acbd96042c1ab832d6067e,1
0xf762c3993403d170adee1f58974215905887128c,1
0x077bfc14dd6725f260e1abfd5c942ee13a27091b,1
0x09b059de568c4c16a862a68379452d9e7ff38fb4,1
0x0c358331732fe7c1a19cf78199c87ac9670c0ab9,1
0x0d08c74268c1260d9b50175c41738e1a45819700,1
0x0dbe146db9c963bdc56d7445e293c7c3119fa2a1,1
0xb3c0bc50b421ba2106b8d358d9cbe13efc096418,1
0x11924c505ecab6a2434bdfe94bc0ff1ca081facb,1
0x1236b147e44366e6b954b344cd9afc72bf71b34e,1
0x39f3c15dd690163b5d985543484a8b51fb3233d1,1
0x137f41ca27f570d4c50e56d5c20ae2807225f09c,1
0x14bee91efb79a8eb2332c31177fd3a61481ccc99,1
0xf3f44426e6939b85dbce9b60285be1f450177184,1
0x167e05781fc728a22155019293fce4df335e782a,1
0x183abe67478eb7e87c96ca28e2f63dec53f22e3a,1
0x026e3a7cd4ecf91a8ad116a6124880d876af3c99,1
0x197fe3ee16556577180f6578050802106e8bc446,1
0x1b008929f807de617552a72a62df98e0953699c4,1
0xde59d4fbd48fae4b3c20817981baae47f360f4c6,1
0x1da0f2a58e65d98a8d04ba3da56cff9f5ace5615,1
0x206b0526f4866e7580780015cbacbb4a8dbb8c80,1
0x21d79c2be4ab3de2802a60da66f86d497d06102b,1
0x4a0833202f399e27d8e6af4388ac36af07f043d8,1
0x2595aaffb353e812bb5cbb63f7f62e36fe528f02,1
0x271c6f480aeb26672b915a7b33159ce8f1e97fd3,1
0x2733cbe186440511cd0aeef6dd37a67dac40899c,1
0x2745bd23d9b23edf1ff4b695729c4804c111676c,1
0x27e037e0461e3d5587de786ea23441d83772353d,1
0x2c23b2ea134c3dd6d9a48676a9a41c6ade71adfc,1
0x2cfdaf06e39e5d9d3c9afe20362b725b41f68725,1
0x2db1307f1487c2586473f570ef6832d6873a0053,1
0x2e8f6f8662593134dc8311e312885921855332bc,1
0x2f44fb58135ae5d3793803c73d471c7cde4bb774,1
0x317c32ca0309bb8a1f9d8a3e2836544f233c841e,1
0x33a34e27a81436ba9d79276406a285e89a8bd8a8,1
0x9aa2b4782b7cf35b7dfc699604a4de16d80adfd6,1
0x348d43bd8daeb9f13611d5f0838225e6a9d89bd0,1
0x34b93462e65303f3857460971584fd0d908f2f45,1
0x35f4bbcc8490671edf37877684f5aaadfa4235f7,1
0x37769c5bdd7a43b0b52958ca51bdace1556c96bf,2
0x37dfaa62f0fe5e6ebe990ef1a0722f5279962e37,1
0x38b2739bcb869494cc7953c79c97e3bcad7eac04,1
0x3a4c619284748869eb3ab16494b461256b72f875,1
0x3bd835333aad77686595d734ad5b80934d8b026e,1
0x3cd8e762ef9b906000e23bde900f5c9061d8d4f7,1
0x3f358b4e54385ba4fc8dd9ea718d360db5c7fda5,1
0x41e12756498322b479f889af2b2f4b29a85d5605,1
0x4212d149f77308a87ce9928f1095eddb894f4d68,1
0x42617123b481f61df6b5b8a6484ba0a4e6929279,1
0x429683282e5a28b81aab1f9126b8d5e4847dfbeb,1
0x42e5abe19ba467b0b32a4d042d3dfd4ba2e196af,1
0x4525b5402a6d9eefc656e828b9391aa9dff2446c,1
0x47836f027d427e78c06f24eabfdd1d2089fdfd5a,1
0x4898203e852b3ed44cc3e8d37f702fd0a7bdac9a,1
0x48be4681972473b498e8b686d38e04826c26fc4f,1
0x4a15e3d354043fdefbb8fa77a55da211f4058190,1
0x4ab5189a020ccd88f05c36de69e4d868d29c75a9,1
0x4b4d75b8b0fc7528ea2614b2ca83555824c07867,1
0xe6a5f0bb03c43196d43badd08899396c224b8e31,1
0x9d36ee50503d0928d213926c1ecbab626a36e4af,1
0x7b83a03f7c8078d1e2b1e99a11fbe835d10e0d5f,1
0xda4ff7b6a1eb3176c347a3ffc56a26ee82fb6893,1
0x541237a3e049f2ef1105694b491152f450aba4db,1
0x3a78c445a403c72080cf7e29a1193e79656c6ac7,1
0xa3207a0aec9908922b1ed5ef60a0c73b529226c6,1
0x592e480e0066a51eb981b532e275d6576e5730fd,1
0x5c99e810eb0d87f17b0e467de52b3b2b4b2a2dca,1
0x5c9e2a6fec34b510996a8e2a3d1e2c47a382a8b9,1
0x5d63cbbd633bf02a9d22fcba1cbe1e7926a60851,1
0x5df6dd99718f32ae362b41e78b7bbf66ebccc179,1
0x747bd5f478a25892394fa202175b1a2282a53041,1
0x61e814fe997f0b2816fb9ac3c7df3aaa38d8ebb6,1
0x632734882ed0127fbdf2666478df42aa916bdc84,1
0x634ae4b57e6246f0318257743e5255648f9473a6,1
0x35837d1f64e15e537bdc4adf151f20ea624632a9,1
0x692997405c1cebbc56ff3416fa0b59ab97fac696,1
0x6a3d9412a705f5531b029ef4a7b8040e1eb84ad3,1
0x6e1ac9b3f4499a73385dd8d2daed6449406d49f4,1
0x70e680b9493685f72e76243c09993fca768eedf1,1
0x722e2e4c15be1fdded3c86f4100bc32b181827f5,1
0x734740c70db02f5710207f1d12df47c710665206,1
0x78089705ed807984cf3edf9149c9369e8fabb9be,1
0x799c5516c59312f229af008c3e09eacfc37dd5b1,1
0x79e561168835c783240a0637320d308897bd0922,1
0x7be800978fafd15f6501dfc64b27fc74a68276af,1
0x7cdbb8e309ce7c701ed200be123f16c6f7c9e525,2
0x7f3b24d4ee18c5f92cf83894a954737fe5752fad,1
0x7f9bea812b9b6c3c4b74ec8aae849a5745cc3ffa,1
0x80cf63b40741e041515e6ba6a4d327088540c6a6,1
0xad50355d638272c2fa0a6c409c5a8539e713f8b0,1
0x86f0a82dfd9745ec23bc8a72c819193e74962eb3,1
0x884b9565d3a9d7265211f9354170a4f12ee2c4c9,1
0x892eaf46a9c1cb75c3f230420dcbee6320c26932,1
0x898a4ce06716dda5436b3ba315662c366c3fbdae,1
0x1ff9e804ce80a701c8ddb3a2d645caf326af603b,1
0x29b318c8dd1600ed546da34785a67c6dba323ac4,1
0x8c4138dcead987bb50929ecfbeb39ef3e28b4c76,1
0x6510b218d9d775ae2d223332f6a05aaf5c18188d,1
0x8ce2b8f8b37b350feb8236f244ccb8ccb6988b36,1
0x8ebd84269464b6ad7353d192f3b487e69d607e05,1
0x1e868e0f5948fc94ed99dde0d0aba939e7677b47,1
0x9045ede9bc11bc1148a0743ea518e3f36f62bb23,1
0x93549cf8047b3e305fb10df7110da213e9429f9c,1
0x94db5f225a1f6968cd33c84580c0adae52a04edf,1
0xa73421c987e97278e9d9f7e55c687c2ab114b853,1
0x957b0cd4e9851537aa7cc84e9c7b22bb68d949d1,1
0x9929fef8c8f3e09e6e7d9caa69e50ce185a95a69,1
0x9996b56c2dd22e58d53a10d38bf299fb5dea07a4,1
0x9c37bf5faf485b3db73c95300cdce93410b83792,1
0x9dbc84d7199c97f9adcc9b57439d69c5ca9ad103,1
0x9ede39c1dc05ae3f37b622a71fd10d7b95d8809e,1
0x5a152749d3587bc255c2cb955974fe985b9bc9b2,1
0xa0b35fe7c9819211896d51b670ffebdbdce67fe2,1
0xa1ef5ac40d7ea6de39faef3cda7bdd82e09240d6,1
0xa21e1e6c69dfed02b6a69c4c89ea46a1e6e31b86,1
0x46d43db499b97e4933d43989d619fc4e193b67af,1
0xa8806ccb79069c976e37ed1950ada0eacef6a289,1
0xa8f1b7bee4bb60311511144ecd6dab7b04ef2735,1
0xa9237c4eeebc879208e59c867cb6d7cbffc1df30,1
0xaad4210b800f14660ef4068029d428936ebd21fd,1
0xab25a2c1a37e1f1fd689a8a9ea61eddee054f0ce,1
0x6fb4eea73ecb50d1d7a060c957967d0a7d379a66,1
0xadc9e7a7d129be37bb89d05defe860ea28d4e6fb,1
0xaef63b54eacbdceff0b63609623d038195008d88,1
0xaf12a9af19331fa9b89915537ce9d41bce5e4c5d,1
0x3ffe8e2923ccc0a45cdef30ac89351e4fb69da8e,1
0xafef3bb7fc3cd8ae083672b65f79e6cefd4ac619,1
0xb53ee69b92ad6d12e6f3b1f849ad3e706e31a263,1
0xb6c189179b204d14fcc0b608bc97243b389b0030,1
0xb70c3049982c09c18dcbf8596ccef6f5b3c239a3,1
0x089d3d1a1d25f565bc556d7f10b0fb35ddfd2ce4,1
0xb7abe0f0a1c31a88fdcdef71033cf7ae7d12f2d3,1
0xb9fdeaf50a38c18672218a89862e0a845494625e,1
0xbb5d3ad9f7b33e388cd3f29a2fb752a2ad9abe47,1
0xbccc968eeebffc2586a50eef0ee1cf12273c9604,1
0xbd09aea4b5f03361b9d165f1d81cd8b8b065f5e9,1
0xbd6006b93f10b484d22d5a9d4e17bfd0ade4f614,1
0xbe7a5ccea9f7279f714d4c9b4c5436dd38fb4fe1,1
0xc06a00899ebd1481f243ac4ec92a276c1ff26e8a,1
0xc26012491b9dfb2e6f2cb0305673e212721d5950,1
0xc30e9fda779efe2081dae6529c0d07fc16769c8f,1
0xc79eb3e0f6de5d735048779b366972077458775d,1
0xc7e8a6abb9b5c76c75c9bb4f77715793f7f8205e,1
0xca8299a5f070faf59e87f6c4df6e7627d565e006,1
0xcbfb9a917c2b45fbd8e820e66602ef26dff9cd40,1
0xcd8b72710595c69019c109aef5b1b92eea7f995f,1
0xcece625176cead11c8d2dd6149fda2496b0c192d,1
0xcf803a49f6e37b92a4040e397b976939dc5d9841,1
0xd33744da3013927fad387d24f57cfa241735ded9,1
0xd34e3c34ae9828dffedb9a2f236af47119a113bd,1
0xd361363a6401870ff8a23b7c77c004aecb8c8b84,1
0xd38e1fb60cd50cf9ae747ecf646b4ff1a310ba55,1
0x69af7c632b913a504b757eac63804edc35c67d15,1
0xd683678594e7b41281b2736f1beb13ebc5b06ec7,1
0xd70676cfa67abc65a8c39f049d62eea30e3080cf,1
0x3c8a67ff9d751c3cce50c9acf617959396daacd3,1
0xd86057c793bdfb77bb11dcabfe054ee4fd86ebdd,1
0xd905de91f928b20ea0ccf455e5ba07eb6373955c,1
0xdbeca36c48306867d9285e0e0d5ed1f5aec28a35,1
0xdbf55298b349984a50fa98c7c6965994e30fc3f4,1
0x57d7d6dbd9dc7ce82a6f359836700a6b21b444a5,1
0xdc78107155918e230246439e4159fea4c477eae9,1
0xdcab53e3c8a2c37cc5e2509c2db0caa6c04f3ce0,1
0xdd5f934edbcfbdb25ef5dd9b8a3868d3633de6e4,1
0xdf12ff846c99ad0beaaa0a6fb7df118a66355293,1
0xe0e31366067277dde4a391cd5d77f43cdb9ffa6d,1
0xe1759f0cd1358c049e7f64c26e13de9492f9f888,1
0x0594ad5995af0c6107ae1c031eefebe3eae42c1e,1
0xe2b34bbf669096a794397376fb0587e98eb81016,1
0xe375b00384ecbed3da6d2f8dec7b6784cf3693d9,1
0xe50ae5655d227767ec3974a11da7e4f67476b96f,1
0xe5fd5ec4695b93d7e43f5d96657a535e0ff499bd,1
0xe64777dcdca11fd8bde96ed05e7560ae789504b6,1
0xe681e5232da0c9ba5d28e6775bb3b6945eaf50f4,1
0xe69cae620953aef05e9276f35a7d3cb598bf4b20,1
0x602bf034f4f1093fab668bb270b4c6fb0627e41e,1
0xea9f3a983d965e582c34eb852c18babac52050d8,1
0xe082d4e79c8e9587deb8539f3454da340b0f5668,1
0x5a6b923189d47dd05772cf8599fed7baa4066a29,1
0xf0d6999725115e3ead3d927eb3329d63afaec09b,1
0xc4464dc30eb53437a1e84f380f813f61ae7e174d,1
0xf54d81b2955832474a87a8dada4a042a05b83180,1
0x64db00c74af5c98b30ebdecb526964634997a7e7,1
0xf6f85d9b96a43c87fd29e2facbf644df6bb029b0,1
0xf777af5cfa7a0f242b3e0cf7fff4823c15dde70f,1
0xe00babbb675e179d99606a00f37c8b01173ec396,1
0xfa766f029e703d341cc5386b9a4cf4d52be3b6a3,1
0xfbb494b311f8790072d6f2d5ed1ab8695ea8890e,1
0xfc2ceff32e3a534b78c729fd23973cb9ce98fbac,1
0xfdb325752f9793ae7fa4aecc641cf5386846f566,1
0xfe53dccb4db09e660b2dc5ec48eaff8bc18124c8,1
0x58e5c598c2a5817fdb3f0361229b0f88dd22a9c2,1
0x057931155d0c6355b1bd108b0fbfe9bc77d59ef0,1
0x0637213177486b93a4198719a49751d77af0b43a,1
0x0664da5943dfe8f5822983492f1cfcaa02396254,1
0x07c73af8440b6a35a271f146b137521db6e19df9,1
0x082a847d5c3f36cfb4f10859599cc75d98ab56ff,1
0x094ce175d880a7fbff2cd01382f8fa1a172b734c,1
0x09b4e8c1af40a44331cad3efa80feb013fe99ea3,1
0x0a81816f351dac9deea2977df128d3d25dc202d8,1
0x0a9bc3b0d19bca983cd9a6d251dc5920e87b223e,1
0x0c0d8f387030c631de001d99d40b2e519cf4d10f,1
0x0c9d7de299b6f803279b79e8ae06c6a27e6f3f1d,1
0x0d5668339c3c17aa7f06ba7fe2667536cf15d748,1
0x0fb3fa40850c1e472b6eced8fb10781763d42193,1
0x10eb84abd429fa4df8dcabbc7c2803822a5b82d9,1
0x5d95cfc94d735d41ca99d11e5a272364ae386329,1
0x11b7b38d5b96d02d6381e646ad8ca55db74dadc8,1
0x11e964bdb0504ff35dee22862da8f72603ab4289,1
0x4a4f1c998b89c0dc000983ffd997420dad282ca1,2
0x14b072f1954dd88131271d597a30e9899b57eb0f,1
0x14b27e03a394cadec25b2b20573e1ce88f482e91,1
0x1a0335b908dce97a4ed4f265f2b649a2133fcbba,1
0x1bc32fd0bb3bddf8d27e6e6ab6572440cd768ae9,1
0x1c2ea5a58d54914e06bee9932f5acd0a622930e8,1
0x1ce4d8f0362efa9d16eabd90a2e6eb683e7d24e0,1
0x1e39ebad76f75a514ebe5432f4efa2e8e50bc52c,1
0x1fae7b5831c0b57dd172da74fd8beb983ab6b20a,1
0x204a79ff4ecac8164c717bd46c02cd493a159789,1
0x205819b6f631c73c36f899b2f58ef996d713a1d3,1
0x208b4a8ef875a5e4645e23f27343f47fd887d9c5,1
0x22bd04906e808196b19f7d10463fe463ed5f88cb,1
0x22fc06a488b236753a89caeed39b58046b153069,1
0x2573623e65748f9848ff10caa34bc6931753fc60,1
0x25e7a0e250cbacf1299392881d7058606c0f7354,1
0x25e86a38b3f53d1732ec77b1384e2b767d59bc13,1
0x277884f6f7c8a96aa25cd5d4ff0a6354c57017a4,1
0x27d4fee2fbe69bc02be96d1e146abe0a29797424,1
0x297baa7d8b38330349250799af489e35ac1ef9c1,1
0x2aaba4b94a805f0fea696dc11de324c2320ff4e1,1
0x2c4376b9414fefecd89c9b770416f7516e8af863,1
0x2f054c2f2c3497b96c66436fc006ebe096439be6,1
0xb5ba25231cb906e68e4bae0e7bbe6ecd972be883,1
0x32bc332d4b1a58661bc693fcd66d4f90915baf71,1
0x32bdd37b01d8c99537a3af0e087458f805d3d2f7,2
0x34978faf3a9f469da7248d1365ddf69ac099588c,1
0x34b045e74b751dd5014653c73f910aea2402005a,1
0x35f7f29f154a28674c8a50d435384744b02cf42c,1
0x3819660cb4d48b192b4973cb8323d6cb1404d930,1
0x38e3d4a5bf7dea9280e389864d4bf9834cc2f266,1
0x3bdc75b240aeebd7a266edf867b8ad5c30760a3c,1
0x3dc3be0a9278028fde0e3ff65c6154e2e36dee9d,1
0x3e960c18474442fcf4e00ab1d9a6b9b5cc0a9777,1
0x3f0fdcd6f59fc4ff885006678e4ada78de1b0dd9,1
0x42757298759773e1af7199b18f6ad2307dfdcd88,1
0x428ba87cc89d457ea0754b7fa8bf39cfb53ed63a,1
0x42f34449209059717e6c48ed0110783a7df82abf,1
0x4313ca73355b0b098a78d406b42a0d86296bf0f4,1
0x4322aa46ffed67809862da613725728e2fb8eae3,1
0x9ea5f0bb37c98dcef203fec0d228bf7240a7e690,1
0x4583e00b4d17ce9e969f94baa2a6336f923d68de,1
0x47196dacaf732ef3d6502ce01fdf9b1dce8c4a81,1
0x47d4f20ae83bcd350105f199f900e6e6104dab6a,1
0x48ae825591a926da5f49aca43608f28fdf37210b,1
0x48d26fbd89dda10c72cd8dc7b82b9eee0af6b48d,1
0x48f044229918cf94343b6a37f657998686d7fd7c,1
0x49dfe490c49b15625f98c543fd55e8a2fe5fa5c2,1
0x4a6d345c287e3c315eafd0e6a4274a74c6cb9af3,1
0x4bde9f2fab6d26810d3058f0275604e9312846df,1
0x4cd2dc5d7ae7d5128a5f3207cede5e6409686426,1
0x4cef61837e4c2186468145e6b9668af92694aa43,1
0x4d255d9b31aa437a0df8d02565c99d0faa6ed49c,2
0x4dff50cfe5a2d72971f944132de19d2a64e978a8,1
0x4e6e2c3abd4e791e1b3fc3b91c037b4ceeb36283,1
0x51965ad51816c62c58106c1a3e8fa3b8a4af7e07,1
0x51f9ac9219ac68e9ae215af1aee40187abbe181a,1
0x523931dcc31e1b202ad6061bb76a360bc3d0a8e3,1
0x54be3b98564f0a89237ff10d5c7a053edf2af10c,1
0x571b8db726c2a29d237f88c9efeb896290bf395b,1
0x577ec302c94f57d09b7fa1006e6165554d576f04,1
0x57b42117029b9e806e0e0d1edaa3e68a8007d032,1
0x580a96bc816c2324bdff5eb2a7e159ae7ee63022,1
0x58a216fa7cbf9d4f46ce69a4008e628b715651be,1
0x59234591ae5246b8dc35b07eedf9e1e93d28c8be,1
0x595a1b38c53d8fb5fbdf68196f22ef79fe59c9e9,1
0x5bff4631326de92282197696366df57198e38dd3,1
0x5c509ce530f9ac85ffdf09c93c27654d0bc24b59,1
0x5d2035ebe68f4ce03d6822a68472d82c74af18cf,1
0x5d999a7dcf597169a7f8dfb03c7935da39c163a7,1
0x5f75fb6104ac8ce72879347db1041adf2f7745d6,1
0x5fbf4dc4291b542496cc61f52448c0ea374767c0,1
0x6002ebe4144d7f3b0cd10e2ac0c0f357eb1c1c51,1
0x60d8d52a265cc4c1e685128b69c4a9335ef9ecc8,1
0x6519f68ca26c7f59deeabce7194da4d14e1f2847,1
0x66382cfe621fa301e63607120f002d8b694d8c1b,1
0x686e960ebd9aceb1771850444d4d3a7810a0dac9,1
0x689a19f57077f682a1d7cc19d9066f1a834721a2,1
0x68b7d402c6b3c797974180cf4c7ef71846eb81bd,1
0x6928bfb114d228dffa0604f990d4a964bf1b6e61,1
0x69da4ccc1e4c56949639558b21ab52da336e5fba,1
0x6a17d3dd92a8d8fdf8a1f27c36a9e046121fc69c,1
0x6c2ef68148f96f0ff50499743b8acff699ddaa72,1
0x6ebe7f9cda8619ab2c508ba6c8f6675836185e0c,1
0x71a7702ff3d858a0853a918fb44c537740a8bde9,1
0x7674a62ad59b4b499630a786de6de0fc2f48f036,1
0x76e6161f1fd846100140cbc111d0673b216a74c6,1
0x7855227676cce7592e4024056ba2073998f1ead2,1
0x78f0269f5b1ca914c8c58993f41181f89e212b27,1
0x7a4b4bd0dd0fca862e70d7eccf9e224b32dbcdfd,1
0x7b2bf4d604ba1c0e42bb8301f6f5ecf7e1a1feeb,1
0x7bb5cc37a81623d6556d64c5d89333d3aee2a39b,1
0x7ee27f21db35687b8aed85b1d96d8a9bf1c8474a,1
0x7efe40097e4322087d7e262b3798175261513e5f,1
0x80915e89ffe836216866d16ec4f693053f205179,1
0x8397e2d5fadaa6e0817e376df5ba1d016a2f804f,1
0x841120ff6d1e9f29e4ffbdb50eda696bbfd98ef6,1
0x85f89831b2311fa2e9a0b0a6a72d27bc40abf0be,1
0x867db38c83f4287a71ffd0cdfba6ffae93150ff7,1
0x86d09318844786f26df5663de29306e673e668d5,1
0x87d8dcef48c9632e87de450e55941d68db0b1463,1
0x885869cb03bfa16e2e21e0e0d1b64b8ae9374f4d,1
0x8880b69c95c0183bd3d4f30bc4272e457552c3d2,1
0x88ceca090d7d810f0d3bde0cdfb1cf1f2301bc17,1
0x89119dac068cfc98bf2ffb7d15948e0901d997dc,1
0x8c1f393c989c667ad20e3d9df72a4f778c5c64b2,1
0x8dc287825d71f758bab052608ba8a4f156f84176,1
0x8dfcf8c25dc71279e16bb5f19a0607b60f98cde6,1
0x8ed4d3c67ee1a73f5df8ca3e10698f1cd4c5b14c,1
0x8f9c8d7f8d44fd2486bcf0605efa5fd0c397a658,1
0x91b26fffffb325e13f1ef592b0933696098044af,1
0x927705d26bd2aacfd0ed7492e8e21a86fecb4d1b,1
0x93c79c3ee2964efb7235b9f445f50e6ff9003ac1,1
0x942d0f8ee4bf3011390fb33c8c43fee8285a3ae1,1
0x95e8a4792d7e5bf6ce3973184400cc9c37b6ae67,1
0x9a78c0913396f8607eac7c4ae211a9138c2a1fac,1
0x9af5c0a2eef61a4f6202532bab6a6485fbb6a287,1
0x9c5f3693958aa03d3279a78f04fe516f40287092,1
0xa15b668b95fe5ea740da21db69947ac8bb400c51,1
0xa2b1692289b1891f6bebfac54a3ff1192b7e9e0c,1
0xa412daa017927c717887ed27aefa0b720ae25b42,1
0xa43b30fb0333e5d68cbe36e20c6accab28f82cc3,1
0xa495e370e5987babb57580319c2ecb8e52a1239b,1
0xa4f0670468dfb825e6c2b5571e2c97d0844190a3,1
0xa6c12d417553f4c9a12c6d4376bc2b56e43eb2dc,1
0xa73bd72b4bf7875d4b4d53581bef3e0eadcd051b,1
0xa7c85ce7d129d8bac5b325b54312d6196254f7e8,1
0xa87428a3a4e3b9159e6303c89cf7723d7e237e96,1
0xa891fde42e982148b5f2f6b06f04be8e706a190e,1
0xa9ccc49a14b707b9ec062ad83983c41ffc2a2e4e,1
0xab4273e7137f9531fcb47d558d9bab0e726e6937,1
0xaccce5523ed582f41f3d21cb9e3a306c4489bb48,1
0xad47863310854df7e812b6393f03b379264e5acb,1
0xaea3e4bd4a5250ec413e31b95126f3f997493a8b,1
0xb1df5eda984ad80a27a9c34f0237c4c6325548f8,1
0xb22f9ef32638552d7af2accfb2bf8a4b8f9c313f,1
0xb40f68ae2afa5ff105a57e1e08239a51dd0962c4,1
0xb5fd638924ffd3a937f3e9724c46ae505cf784eb,1
0xb6848f941dc6c5baae2d1ef18b22b5c02f5d83ad,1
0xb6c50f4dcdbcf91e10aab06db6ec839b0e7ddd00,1
0xb7b104178014f26739955526354f6e0ea9ccb19b,1
0xb9ef0e8383eda06ff12b274b961febb0cc97840e,1
0xbab3c738620527f4614c0dbcf18411328555f24d,1
0xbefe5d435616619253be2e448310f70136d0fddc,1
0xbfe6ab779517544df703159ea41e7d8a71db6ef0,1
0xc3f17178311899b068d0e2c86253e087dab5ba8f,1
0xc424e4642e0bcc09e545127200ed686d3869ad88,1
0xc455347ff5c5bf06008477864edbeb1bf225cdfd,1
0xc52650d88793cf5fc0295bee9ae49284e67fecb1,1
0xabad8d813fe1e034435e2c79694bd0a469e71029,1
0xd0981e004f98c7e0de915a6b68a73a2773f4ec48,1
0xd514dc9996c400b58d5654bec86bcef6200dafa1,1
0xd5755a4276a53ee7ca2703c6e1967af59cbc9feb,1
0xd5b1bf6c5ba8416d699e016bb99646ca5dbab8d7,1
0xd5ff53f48f14e9409b581e41a4cddfe0e97dc724,1
0xd66a2ac715fd7628bbcbf49ac3dd4a0f3a5b847f,1
0xd66bf38e7c704f0cd7910773f5c8cc3098b6828d,1
0xd7597df2a4e40fffb742ee7c119cdcccb6841940,1
0xd78b3277352d7c7752831de72510f485f3e8a58c,1
0xdaac4e26f11223cc043dfd8e3efaf72333067339,1
0xdac47e0ea5dd4565dfde65080a18e42190600846,1
0xdb5cf3013a437ce5437b241b9f39b04f5d0bbb71,1
0xdc0d28f3d09b292d41b836db991b157d641ad64f,1
0xdd762af79fbbc73b51941fdd1fef8e89101eb51b,1
0xdde8df9a7dc9f68bdac815f493d1d731de911b5a,1
0xe1976fd4def8ef7a89ed3149239fd982daf6f892,1
0xe74207386ac0dc2091da54f39b617ee0720efb69,1
0xea1126e70185400a2cf0de2a6b35428fb8affd29,1
0xeb9d9836b14bb9eef7cc0f40f87f83f6f959cf52,1
0xec5293d6d757089797e36db3889c5f5e9a449607,1
0xeeb2abcf0ba8f51fbf6cbaf357d4193c105381c0,1
0xf1914657d98373e3b3eadab8e82b0e0431e61d0a,1
0xf1eeca8fc61af3ae0930dfcf71db4f5e03e194ca,1
0x2eaa776fe069881516e897e29c211e2b36699c65,1
0xf68e4d63c8ea83083d1cb9858210cf2b03d8266b,1
0xf981b1da85d5db8210cff484e364881e2d5cfb5a,1
0xfc681305295ae89991d3aac5c444fb6d96b3ffae,1
0xbd70832d2e66642bc097fc79ce2eeadae7868f4f,1
0xfde36cbdd65160bd83541f060f44dbafcf0a0ab8,1
0xfe83a0a06d830e9e2119522538f8b440ebd42ff5,1
0x0040122ed305e0b16dfc9fd8e0e9a74a3cdd5509,1
0x00e68f02d78b8864d53c5d1bbdd39cf226b71bde,1
0x0164b1e872b802bf1cb03839d62fbd2eb3aa0ed8,1
0x0312d0cafdcfb9a89fc0fa2aac64ebfaf4838c18,1
0x03baa102a7f591482307510b3bf14bd437691f09,1
0x03d183a8fcd3efc790a6f855cfa96901bbb889bc,1
0x055cb3f8f05e07af027d760650cd9a28a64cb69f,1
0x0570b2ef81ed0f80004a5fdbfea348175b477841,1
0x061a8fe8cb0b8bd5412dcc37d40c993405e1e923,1
0x0679f9107298adc4e7cca3cbf0088e875e8fcd71,1
0x06d392fd56c2a883d7e4cb93ff7c54c03b8849ff,1
0x06dac6a2dcfa0f0dfb3e7e766515eef5b2c6399a,1
0x07075bcab2709ce620a1694e1908ee86650f68c2,1
0x077a1c03793897caa2c6e2316a676c1c6cd054d7,1
0x07bf01c98bdf30b84cf744bfbd0fe0a3409d1096,1
0x082ed91c65ecba6ac147b115f661b1c7b584d23c,1
0x09566716532cdaf133693940be8808838920d47a,1
0x09aca42d1cf0f4b2e19d3e7aaa2f8274d4f71cd0,1
0x0a49fbe88cfc413181dbe93c9e3b6184b2264071,1
0x0b1660d48b2369a884f553f44ce6f585ec0d83f5,1
0x0ba51c45a9a0df0c2ff4139d6ebf5311b74cfb38,1
0x0bc6bcdda2356b42ffd79bb9914f3af5d1aad07e,1
0x0c52eeeaf5b01797cdadcc273b2c42ffb278a102,1
0x0cb5697e7342a15ee23531d364996da89d8cc714,1
0x0edb008aceff5f0bc20f515ed1ea9497d4a6f9ae,1
0x0fa4909719d96d0d7a506a4b4d0f66770c13d447,1
0x11027c71a31f0eb416c6a1067c43a61f45574468,1
0x116611ebc0498763e2afcaebf876cbb14e3ac163,1
0x1183634e867ff81231cbd0be24383508684c6672,1
0x1273b62a0e80ed80ffd46c119555eca9787fa37f,1
0x13290e90a317fb89f39df1e6c3702461dc2f45d3,1
0x14e9e4f62a085750b874863c7ece73b2c89cd1c2,1
0x1529b1fc1c5e6b4b0ffeffc28cb595df639b5da0,1
0x157ae65f17c8eac3d76b9a5253108537025afdf1,1
0x1699f86a565f60fff567f23fc60bb1ef9385b16e,1
0x180669310d089fafcbee40479ee719752d680d4e,1
0x188bd32f4c3b5ffaee22c2ec653f5d32ed27d844,1
0x1a962d6a95cea8060b1e9f55c5bc6622315c0108,1
0x1b672e08c3cc6486b1c01d1114d5ced3c5682882,1
0x1c4004cc9c457e837556df65499a27465a97d47e,1
0x1db2a8ad03956bdc4aef6d8ebf79c7dd8127bdb5,1
0x1e47bc8b6c585dfff2e166257767050666151f0a,1
0x1e77025ffd58d9e9283e4ceca98057a08e7446a9,1
0x1e8e749b2b578e181ca01962e9448006772b24a2,1
0x1fd739bfcb6bd70919d19ed2698a8d1bb77fe16c,1
0x218863d8623e439138912c32baccf1d4ec414690,1
0x21ca2a6294d70e4659113ec824a590a859315d35,1
0x22099bee3521d6497c46a9b16f3dd04ab0e79304,1
0x2334d91317950c19a6c21c69d69f5ab8a8f275fa,1
0x23857b6c939baf3bfe9724abd6a269cb70febd29,1
0x2404d6857d7e90c3ed9e74e0d372a4d6d7399504,1
0x240cf70d8a648be133feb342d71e5e81c686e5f8,1
0x247a5c5cd6b0a7bc09850c5f5221cca9b8327ebc,1
0x2525f1a08a2d5f037dda969f2fa1b56e4b4b47f3,1
0x25428d29a6fa3629ff401c6dade418b19cb2d615,1
0x256843ea6be2f80d77bb104f74440aa74e77eaa9,1
0x2572ddf0022cc447f89ec2707e9a2d16267091c3,1
0x259ae15e3b07e051ddef0b76d06f136e0bc24aad,1
0x268543e8a9639d8cc2e6f0bcde6d9cae85888a54,1
0x26d125498742b99b521b838f31df87b22947dd5e,1
0x27487c28dbd2274adda4597fa2180a9ff46e0ba0,1
0x27649256dc615b4440053b075f6c21ed4b2c933b,1
0x2891eebfd126c572b5c7c36864c6fd9292db3deb,1
0x2a8990902b4810d78ce9f4c76cf80c31ad57972b,1
0x2b2316f11689c87bc43ca606bfb1033d5fe86ee3,1
0x2b85b841b85fe6bf05e1a41330fe13882ed1f286,1
0x2bd5d2e3d5852ad9960638083cb7c9f493e7a597,1
0x2c9670deac4ed35099c2389d5a71a7a7b2fe81a2,1
0x2e70f8a381efd5142474e8ce61fa3d05d3ce0576,1
0x30290242a9c96a8b5aea1b2668b6f9fa58730b0c,1
0x30439021ed5b3bb247bf0fdbb92f18010930ee7c,1
0x3060dfccbc0796b58b8ec6e75e8fa3f096a8837c,1
0x31ff06a31995945beb88e18d0e68b93eb8c0af82,1
0x3215d92f7f2a9f135df283202bfb713c7cd572d5,1
0x32d0b4ea44bc22de443e7e06d53e3fe35cceb46b,1
0x32f12843e7dba0e9452f5223713bb9a332313d2e,1
0x330bce303d27df0eb1b856da3464278db1db1ac5,1
0x3383da7e1c64fa562e41bd2101276edb31d3250b,1
0x3392da275706938613d08777d1f36db1e1c27730,1
0x34104a743eec28e80913c85eb3bf0d1a3e049ef4,1
0x342d23b3dbe624fb87f11ef799cec13efb8586a0,1
0x35150df6dbe55ecfed3e30d9afca31075a6ddd68,1
0x35623aa4ad645b06efc73088db30a866fc0fa82a,1
0x36250e1943dd50c0eebf5c6423a19be1c361c3d1,1
0x3881c3aa678f4c914d23319ee78c011b1a13331b,1
0x38ea6cdd98e0d5fa0b0e4b2e321b27fd5da7bfa9,1
0x39c96a99eb32db691cf59282042b3a1a531bea0f,1
0x3cd378c9b1cb5f147ebf1b2c2564118946ae4ba1,1
0x3d1d8c0a831553a27e1884f532d69f59be25510f,1
0x3d6fe40db46d13c45f9afd21d5cebea2df8be98e,1
0x3e2d6712abc52ceb07bb316f9d3c03527a3d108c,1
0x3e6b87ff2168d15794a865d09a6716415e7dbecf,1
0x3ef5f421e155ed29e6fa815fd875bfcd5f22ecd1,1
0x3feaa35631d40a7c17e395e6d2ef16f275183afa,1
0x40ebf8a762801d1706d9d16a8abfec4c452d15e5,1
0x417ce1efd8e10615f1cab8dd860aba83be2b730a,1
0x41ae0d3d648d6538d3221822b4f622c6f817e08a,1
0x4270280f4e8e1519eaf0c0e9d885e3c8556f16c5,1
0x42b919ec278a917d1474864aa378d85b0b5120c5,1
0x43247c7db36054ea50c64bb1d4bafb55703552eb,1
0x4354a019e9e3471ed86c86191428fd931992cfc8,1
0x4476ab2c11b74576aa3abfab19dde0aadcfca238,1
0x457ae5d0c3d529b23f914bab554e812e3bca8d36,1
0x45f2e08b35a959a87833c57c4bacbf58f95eefb7,1
0x461ae8c33224aceb7f1259095dd2a334ad20f322,1
0x46a4961bf2ff575f3a63b1c55231ba4fb5784d4f,1
0x46e992299fb47c7ae51af7f0e7984a3f7d44a400,1
0x47279fc734466ee8acfa50aed553ff79770c8779,1
0x477b6f91c9481fc64e9080ffd00527cd53563dd6,1
0x47be83cd4037b98366ccaaba4e10b1a5d5486f14,1
0x4943cc7813da1697265fded90a2bfb749eba0d89,1
0x49d6531aea6dced6595d50da685274766e4cfc8b,1
0x49e15e06d0ec6cf74b8047d4213944b1b3505a2e,1
0x4a22910f4db3e7bf000eacfa06126d5db7f0efd5,1
0x4ae714d2fe6c12baa49de577e1198c9df8557bf3,1
0x4b46f1e241838a910945a3fac242ddf6f5d7c041,1
0x4b68b5a0cfc1fa1a85f6b3c0db33f546b6cad57c,1
0x4b6ab56e6b15b518d6e3d4e642400823c689d20e,1
0x4b8ee1eef0bd930c2277a60c839834b142b373d2,1
0x4ccc0aa065a37a3589e2db6e165d2f8f522e9fa2,1
0x4da48ac48b782a7c01e70065e4a51faf2c3f7b09,1
0x4fa7fc217d2da64b617eed770286fcc48baf4022,1
0x4fd71c1619ccaa1ad664575b61963cf86f58f550,1
0x500d4fcbc6dc7ee9cea0cccf9d533de7f9228f57,1
0x505d9317b0839e92352229b0e64c3e9101b70fd6,1
0x55026f38172d0631d878de17746182b32d9f7732,1
0x55372173689c288552885d897d32f5f706f79aa6,1
0x567ed2bd79833ee86e73c947564a4f2fd02554be,1
0x57990ea8a1978a01f8d5adf52f502568b3c8d399,1
0x58300539ee6ece54c9b49ee0e9be84c5c4bdd680,1
0x5936eeab739c6db9a0bb5de8b79a4bbee65200a0,1
0x5a3d01cfd122998d13a952d6fb1a24f6998b7149,1
0x5a7eab352a0406eb72063d9ba872561c6d1232f8,1
0x5a957d746ea98b7b5df4355ebe2f94415ddbbf33,1
0x5b10d30eba1d5450c5429ac8aaa420cfed997afd,1
0x5b458e3ef22692096f2d64e2b650e584a1e64241,1
0x5c3323efb72ccf5089a79ed61088064d02779d82,1
0x5c736d849527bb15fbc0111f4ca13b4cfc1a5c8d,1
0x5c835eb9ece4c2c5786251d787ca2ea8c5020b38,1
0x5cc1e6229708533ac0f5e9e98931334341ff24c2,1
0x5e451b2d167c2a8faf0a8b23cff27996a28f28bc,1
0x5ed592557b6a29908b7d50305ca01904a4529cf4,1
0x6027b4c9ad98ad5dc9ee984ed699a2079d401416,1
0x60911f2b72b48fb221fffd1f9a96c9f9e2710d92,1
0x612181772106aedc4114c939a36a2795ce101ae9,1
0x61cb53ba546c5264cbe9324843a25882cb82e1db,1
0x62b9c7c14386e2e3192b7830a863addea39457a2,1
0x640c15cd2f9f9455607418194345ed6a2051fed2,1
0x65b4e6473e7dc62e10bb40f9f8cc72e8c0c818e6,1
0x65db65fdbc22eb99949c4c6ea4eba19d7d819a51,1
0x66cc9900b66d06974c9c7836e41a176ca78ffcb3,1
0x66f5ddc253852f407d334f8e90e3bc46fdaaecaa,1
0x67ba5775a60b13254bf65ea67295dd47543bc5e1,1
0x6954ee7ede83ca555663704fe7e2b1528ff2c619,1
0x6969b743f0e3bfde2f97dae01670979be554d817,1
0x6a652e2d4f81c068eebe6e65b5ed941a32045d84,1
0x6b8ad90480d73dd77cd719ca637c0f0289b6665e,1
0x6b8c6e15818c74895c31a1c91390b3d42b336799,1
0x6c40798acaec7502c3d276cfb4e79423571a5b0a,1
0x6de6a9918bbf7c0787863fe51ca385337579e5e8,1
0x6ede3ca405ee95034428c0eb5f032ff4606be929,1
0x6f1c7b49d030d1583345462edc0010bebda374a3,1
0x6f22649b860105d80c78a52b8437b53c4d074826,1
0x6fb9f7b424b9f82af25b19b37f4d382098b345b1,1
0x6fd6454ec244c0b935a905740ec2a633e1ac3e0a,1
0x7091d6cb3e3497664e29b0022d516eaeb6d9ffe6,1
0x7193b82899461a6ac45b528d48d74355f54e7f56,1
0x720a4fab08cb746fc90e88d1924a98104c0822cf,1
0x72cd8bd5e5c0ac6e8e4b45a37ce3bafedfb7552d,1
0x73bf4353cc4fc35f40e3fe53281374069bb1ae96,1
0x73c20e18134b093df54418b5b63afac19ae21c84,1
0x741e312e15d56d9aa5e99dcd276628569577d10b,1
0x74a2682aab14963622425e313b9acb393aef4799,1
0x74ee6dcd7ed3c172f87c450a7651dcb1f49ec7a0,1
0x75cf6e0dc5294bef8cb5a6fcd23dc9badbfc443e,1
0x75d077ca9c587d31063a8f97dd0b72aa624f9adf,1
0x76b06f8989cb6c34fb1ee60a26d8d8a8350faa55,1
0x77b6aaac56a49d9f4d3174bca5088bf4af280987,1
0x7896295c94aa8432ef85e9a8b7f98351d1d1e291,1
0x789ccf95ad3eef429d9a68809a7cc40893e5757b,1
0x78a42a84bfe3e173c3a9246b3f5f1c5aa8bbae72,1
0x7971e007a4e4d4dc1f8380f5d91d3f52b5e53461,1
0x7b42a219bb14d0719757a391d7cc6aa7f371e144,1
0x7bd439e3b765878d3b1674a2a053e9a3c72977ba,1
0x7ccd62d45c77121e4762230074a934765df4824f,1
0x7ce30498e564f081ca65a226f44b1751f93a0f82,1
0x7d19667db8d6d2d4fabc0bc2b2c9c7dedfd3a5a8,1
0x7d3c555a0324cd9e04b1c4f1de4a34fa7ffbae02,1
0x7da2f50c43e5d848d731d3b9da0952a73bd1f533,1
0x7da90246ba04fd6e8375ebba5a8162fe7d08c667,1
0x7e3d9629a1769d88a07d5ba939c8d4486573af35,1
0x7ee3acaccc605e4de444ec630083f739b3a73d6e,1
0x7f24833816b827b19576c356c741d7dd79156d5e,1
0x7f9bf33a3c5fe89bb40a14648d32fccae88e7758,1
0x7fb98de44a955da8d0a260433e4c42abc4a99d13,1
0x7fd5cd81a9dab831684661eec4efdcbc956546dd,1
0x800ebacd1971ed9c50ae9b9412a78fe824bd31b6,1
0x816730b2762e10d581c4b20aaf515f3f60baaf64,1
0x81a8e4acd378100e897c2a07a931ad3e410e92b0,1
0x82312ff861748b95011a7908aa4a89861a736f2c,1
0x8335932a9bc745f3abce2d0092b33cd375ac2b51,1
0x83af3b90524637c5b004f0597d23ee8d40631df6,1
0x83b3ea919dbcbaf0ada8b9b5792b9cba2ee64c7e,1
0x83ccbd7ce486609a392c100d3d14b4132750863d,1
0x841412043d4e6b727bae0ea5ddb5cc73dcb699f2,1
0x864c269fd99ebb00ffcc76205a59b20ced2f88d6,1
0x86ad40b7b57551402e191eb2e51dde23debd9e13,1
0x86e61399b54595ee73d97fee511de1a97556f56f,1
0x86fef6ec5320f6cf9231f524ae89e198419cdc0f,1
0x879cc1bb519374c9a8d499ccae5a4cf1c4f6ce5b,1
0x880e4238fef89c661dcbbb92a406f3f1273dee02,1
0x885fe55d653fd389585498574d03a8fa124123a4,1
0x8889ebb11295f456541901f50bcb5f382047caac,1
0x8a8efb393b82e6a61620a500c1600e1c39c612df,1
0x8c5a48473d814960db5c51e5346e1fe6687f4092,1
0x8ca0a67d3a84102328ef670d0dea5a8f907d5cb2,1
0x8d8e5bead7020dc7892815c51ea18713238659ff,1
0x8debc0beaeb233df0d7ceef26d27280146efd525,1
0x8e264d87fc3df58fd6e261ce843ed2b7e7e5e307,1
0x8ead57a6e24940ffff90882e7dfbb92f09515e3c,1
0x8f08c2cd8a4b2146df85dc19cef31a166b4dcbdf,1
0x8f0c509d4706c85be68ac70535b90ad256f5f027,1
0x8fde9f4b8dd2781c85c31fa8deaab60bcd2c8060,1
0x90238a0a150c47e326a19ad38f05700021fcfa62,1
0x90335ee2286315185a0ff7108b5f7809ce6332f9,1
0x90f440e449c47f4caf78c62c131dfc38ab491d4a,1
0x91744aba7b6eed976486ad119df41d315002ff71,1
0x93aafd2439bcf3d88baba32a0545f7193d014c31,1
0x94b7a1139d6f3d96d37c4f58be954ffdc2b65a22,1
0x94c47ed35fd041953352cd483b66ad1dba05e31f,1
0x967ee5faa6344323c2898a657a56118b50a45163,1
0x969fb1c38080b54b92febcaa9a64a80ad9996c2b,1
0x9734223269742c4c683c93a507cfb5a97252023a,1
0x9759cd43042bb2ce7ba22d3e2beb675153442d80,1
0x9940f53d309903b8a607d08b01eb03075c9bc1ae,1
0x996438a002e6f9fdc914a8b31e508466b00165e6,1
0x99ed7190511ac2b714ffbb9e4e1817f6851ef9f5,1
0x9b08042e20dc4e883c41e89813be918d6729099a,1
0x9dac76101b5ccda5970e60402de31a6649115b53,1
0x9df0154e48563a0bdb26987823145cb297fe9cda,1
0x9ef4ca1a90361aee93c4638d142ba04a5a8fb08b,1
0x9f7064dfe6ca5856b3afd7a3b3974686a35bdab5,1
0xa02bfd4376c12983a9749e609b209a87ed3e287c,1
0xa092d2ba3c0b07db458af6f06824ccc74934ca75,1
0xa28a10a1d40f45e1a31cfdac66fa7cd6bd669d63,1
0xa29597016513333ad8da8c55dc990256082d1485,1
0xa3abba6c8f1380e60cf8afb124471bd6658792d2,1
0x037a3079e857e383454fefbea892fde12a2e83fd,1
0xa4b8decbe1a2d8600dc5346c7e3be5163a7d984a,1
0xa7695409c5fef39a8367759a279386302a683b9a,1
0xa989033ecdfe3cb4f243fdddd7dddcacf77b2a2d,1
0xa98d2867de6b1dff44fe4b355dea098e81d06aeb,1
0xab0ca98528c1c7911cbfa8fb08abf5973f61e058,1
0xab182ad74430f05ea7fb0e8d87b21f8c508c8b39,1
0xab6ca2017548a170699890214bfd66583a0c1754,1
0xabc6606a864b6b1dcb1a1540bda4361a4f9a5ef6,1
0xac104d56e4f8e0462f8c001ec7dde4c68deb596f,1
0xacf0820183f5c10fbb0fd87b25d0661549084686,1
0xad4bfcc8191c751686b9ac91adad1804b875e8f9,1
0xae9495a415342d56d0048d5385a69e62a9ac20bb,1
0xaf8b728ec26810a9ee9467cd1cfef520e9c386d5,1
0xb00a0af5ed3dcec55e2222e25a151ae35408e0e6,1
0xb03e5acbf8e84c5ee06b369bd6a8dd9afc3433a0,1
0xb0e984d4bf1830dcb6c8c4e0f81d0869d2f037b1,1
0xb0fa409c24c131bcb1ec8400a5142150a670e746,1
0xb1636b8336e98cd896e9bc6f91ca6ebb3c81bb00,1
0xb194a55bd4ac4281f42b3b390d3e2ec97db9abee,1
0xb1af13b2e4be55ca69829a23c09a1f5663adf8d0,1
0xb20c9173530b0afcbcb9cd515f4c69c4be8f60df,1
0xb21763ce87472dc76fc3b485fca9d57df5d47bfd,1
0xb2dab9b031bb0e27481d0f87905388c306907402,1
0xb313378ec5582c25f0c99edc38b058c1eee515b5,1
0xb394f1aa30ba874df3ae6097bf4c2474b2d8f3ac,1
0xb46ba586a6733e510968612d64ddcced42ae09ac,1
0xb78e99d2301ee621f4332a0d1ef759423976d8b6,1
0xb7f4e738bb0b85ad1ecef26a2a733dc899da500e,1
0xb802162900a4e2d1b2472b14895d56a73ae647e8,1
0xb8c3e2e2a3465b74b7a57f8921a1c3f6e69302e2,1
0xba0bf8e06a8b244905fb6653d4075790b3dc5a2a,1
0xba3e6e7918f2b767930294545988b8143257518b,1
0xbb4b54ef26b7b674d767f8d08318c404f3001b06,1
0xbec5d88ef9491b661ef33a596eed6a4e5cdb00cb,1
0xc08e7c5aae2df9fc176e1e9d63fd35b86e68aa04,1
0xc1a80d351232fd07ee5733b5f581e01c269068a9,1
0xc1c42a4cbd6a71fb03c681658ac85a60e09e0c9d,1
0xc1e84ef02e240ebcedad362b20daa62acf6e92a4,1
0xc2fa34a6fcb085f5e0295f233fae7fc90fbafe85,1
0xc32daad3ca52a097c47de56cb8187ceccfa87606,1
0xc3f1d077fa590018d3924ce8da1a085b4eae506d,1
0xc40ba5621434659d042f8c9ef1f0f8d5e273e701,1
0xc41dec3cf3a042a3684be9279d5067ab9d813033,1
0xc4a496a7bee796ae81678bcb45ed985aee40969f,1
0xc571e69aba3a52effbe4227921f5aa851d434afc,1
0xc5ef1c84ea5c570979da35eb7c068687d15709ee,1
0xc7cfe2de78360c25dde3c8c7525c4f4f6cae30dc,1
0xc877d14d9632c58949a2df019b7627cae3ca4d0d,1
0xc8a7dd90d2fb862f1db3a1f987f12e31f9d6ba47,1
0xc8ef3bcd9c6556792f9d3a3874659b7271809f7a,1
0xc9c673d4bd1ec66a8acdc8e209938d4572769624,1
0xca38f02d7594dbd1c9eefae33bac5da04f79abf2,1
0xcafcbf6e42bd2a953127818ca9c2d47321be01d2,1
0xcb249211091af4fc730a4a315213563e8c698f9f,1
0xcb9586245ad6e07585515d7ad43d19d163b72bf2,1
0xcbc853efcf3f0a78c6f52828ad6a8091a8b302b3,1
0xcbdf47d77d7682655c7a69406655ea0f52123f7a,1
0xcfa85be45b38f69c0dc7967da750d9c996682d9c,1
0xcfc8328e9ecac2d57694b3aa9c550eda37f099ac,1
0xcfcbeed29e3e01432af963e222db8c17fc5b6042,1
0xd112a65b977898540bd433d269ab25d1fd02aa93,1
0xd1380a4e089950ee3a23d818e24ccbbef003a432,1
0xd1fbaa0c31ff10ad82cdd5b5c528639461ce7ea6,1
0xd1fc6c2c64268a854a766196cdab99bc04bf4e44,1
0xd230c1ff8f594aa40bec61a3d902ac38f27a1e89,1
0xd255cb7583c3150784973248c9435ad1c7f49842,1
0xd2f86cbed86db85c859903ff5f110b15d95b1350,1
0xd37038173a4af910457f084c9cc7c55ddb1964aa,1
0xd3a8c8d2c56216120db211255e5edf5eda263897,1
0xd3e2e76e4ab0322614fe7aaa3be0b04bed83d0d0,1
0xd3e9d60e4e4de615124d5239219f32946d10151d,1
0xd54c1841e64e84c9c63fcf6c60763f0c751c3aad,1
0xd59120f2a160c9862301c1f3bb5f171279f95512,1
0xd5ced726dc5145edf5168fe11650c5a4eb747b69,1
0xd630319b817528b4abf1f06f1499cad237fcfdfa,1
0xd65ec841a6227448e4f778f2c44ad9442bba9dac,1
0xd732748071e38a48b4e9a3ff1b2e7e87c0a39c2e,1
0xd739429bfbdef8f25280bee993c6f5fb2e884a3b,1
0xd7eb093ad52e08a5defaac67e65486300aaed91b,1
0xd8ce0194d66f6c612ad46f4c36a313f775123ccb,1
0xd9b5021ba375be74b637fd9e0b8c666aebf2bd07,1
0xdd0e2dcbf3d473e05270fb9630c3f9d96b66dd6b,1
0xdd9a128c9adde87b976d01991d0f5b3f93e9c8df,1
0xdde3565350cebe053f113b2194d2fbc6afdeaaaf,1
0xde0dbef331728c733e9be5eeee1ab20531fdca34,1
0xde49326cbd155486f47d39b1d2d6a78e1af6d6b7,1
0xde5bcf9443d837220eaf7e2b200e134c4e1caedb,1
0xde6098882888e7cc081bc2ce12354eabc762f4f3,1
0xdf75365217cc3e75e7be6a234153e98efc75e723,1
0xdfadeb6967791846874c74c3d9e6e3a30063040c,1
0x592c6c12c6cf71722880b9263e93b35ff7952cc2,1
0xe052113bd7d7700d623414a0a4585bcae754e9d5,1
0xe08f5c4c9347015907b01a8dc108942ba5827e6d,1
0xe0faf18f33c307ca812b80c771ad3c9e5f043fe9,1
0xe100d308bea6c0ee54448fc735a18511dd74d68d,1
0xe256d7ab482d88b04d676652385cb6787c360078,1
0xe25da179a70ea62e778f1d3858a3191613f99538,1
0xe2a3f107fff888f773c43544045e2266472a8d3c,1
0xe3d9a03a6422b56e7097ff41a86045683f0aa150,1
0xe4ae8ed5500fd43026af8f07542a17f03d876924,1
0x54e386c6c6e46cab1405e4816c7e69dd518dbd74,1
0xe56e18ec216f601bdb355c040c26452dc3f8d1a0,1
0xe58ae07dad05d19e3a191f49b2c536b7c3a5b34f,1
0xe58f4c276ca684da27e4d4d21e3b20803b33b583,1
0xe726d0598cfbb879459451b9df5a481add1f36c2,1
0xe739c3139255e4244bc0dd45813337f9e6a4787d,1
0xe74166afb1a6c0ca3c355ba33965a8c7fc3e2616,1
0xe7e49bbdb50f5b9ec6c4ae72b77043eb60044dbe,1
0xe8ff464b954d12db575ad0e5e5a7dc9c041ee6d6,1
0xe918c668befb8140c7f4968bce6a7f5eae267e1d,1
0xe9a567610a8f4efc33cca1f319d62b76b804c5f1,1
0xea8718cde715d7847210cfc733b568be06d1fd47,1
0xeaddbae2651e21b4ae261ffbfcc81970854c4ef6,1
0xeb889d3ffd7170cd1e25a3b2cb0d522b8eaa5cb7,1
0xebd85e77c21bfcf69e8c206f05990748addb4252,1
0xec786e4df43f033e86affc450b7d1895e46afeae,1
0xececcb0dbaadb9be687f2602ef55305bc56837b1,1
0xeda4aeabae2d559e7c5aed03cc288bbf44a03134,1
0xedc1040e47f75ff85867ff4358c6229801af31f8,1
0xeea89c8843e8beb56e411bb4cac6dbc2d937ee1d,1
0xeeaf0e02035c82b6b053c61b7bd38d051964c778,1
0xefdc42f1d06cb928974d69a2eccfc2da212daaf9,1
0xf05471e692eac2639ae9e6aac061c2cdcbaf9610,1
0xf0ccd28c325f62ac4893b61fae0bbd962e4d36cc,1
0xf1aae566f12e1333a7d7e0a994ad2c1298d4b20c,1
0xf2439241881964006369c0e2377d45f3740f48a0,1
0xf33f6c5302fee8dcaf6363f6862071092b3d56b0,1
0xf34149c2d2fdd3955593f749755ea2a4f8e9ea41,1
0xf4408b493df70a9857dfe8daef5f4cce4999a761,1
0xf65ffed29a2e7ca9554cfea52ea500b5adc5fc13,1
0xf6b1152426018c9ddb29f861fcb3bceeee61f635,1
0xf7c454feb83b0886f21c2a1fed78ecd246529789,1
0xf84277a04392ed2d12349a51d82e72d120fdaf1a,1
0xf9a80cea61739e846358f8547dbfb0c80bd8e969,1
0xfa01b52bc3945fd8623633779dfae7e5adee387e,1
0xfa848e0d2134f0163e46b3bcd7edab9f8efed57c,1
0xfb9699de6f7efc7f7d64a40852a68602ac7ef403,1
0xfbc9372033a652f61fd35e9cb3fd73d071844aea,1
0xfc0d949c46a1fdedd6b6e318040b18b6082807ae,1
0xfc2964681367372487daa3489e252febb304e349,1
0xfc2ee91d24fd57ab5d382c92818ccbcfeb854b56,1
0xfc92b5faa50350d8dd1aef8573c50faa51eb9260,1
0xfded90a3b1348425577688866f798f94d77a0d02,1
0xff03c602bc0c2a08eb9b0ca605040391cd397ccb,1
0xff4c60814adc5ee4cdf9a57e0944b1e4678ff09c,1
0xffec39d3c84f2ac026a57b6a83f08bd169aad9d9,1
0xfffcde6975788ff3c5ad6bc5d00c3fbc9d42483c,1
