0x81974c1a09e53c5129c6e4f74e547fda0adf4d2d,1
0xc02e6b0d0c1a5d8cd26beeba0fe8d76c5d2f19b9,1
0x75005a05bc163b85991b9c9facbcf3155372422e,1
0xd1f6e5592361257aef68b96df42aef064080c5cc,1
0x82139687faae8a29851902783e02e699de0e0846,1
0x97d2b1b4a249ec77d56fd1576546996d14f7db1a,1
0x303a8925d1479a49212e5f7a77396f5fab12db3f,1
0x4fc2d05d6c89c744831e6a6959c56ab050ffce7b,1
0x13eee41d67b8d99e11174161d72cf8ccd194458c,1
0x01f4ab9ccf822e74cd514b1fc16068e749d37b1c,1
0xc45920062985116eaac6589058ed337066d6f2e6,1
0x13928eb9a86c8278a45b6ff2935c7730b58ac675,1
0xdded73b0bbdb3782a453c9202f54c746fd391068,1
0x3c2286342e143d511ae6b7caefd548bf38c8c1ab,1
0x9eb69d42dc42c0b20bc93caf1a15a92afa5c4569,1
0xb26c452e8ac20ae7445fcf46b6478d3984f5d8e9,1
0x8ac7248a36fffb7e101e6e73bc8d7187f4faf101,1
0xdf3d58d2cc8a4f9e9e3003f87571094ed7671589,1
0x13c612f1eba31f1a6566d94bab8a4c482b2c2360,1
0x57c23be389a66a94bbe83871ead5450272f1efd3,1
0x0679f9107298adc4e7cca3cbf0088e875e8fcd71,1
0x3df7131fbd4f6b27be8317c69e41817498e1bc0c,1
0x86ae37857534a842ac56a4eaeaaf83d02f46d1f8,1
0xcd69150ece65cf880eaa7b91ca6fbb7d38e97cc3,1
0x2a87046ba5fc27b8630fd6e46b953c8523e81345,1
0x66b280b5778c35c719209614428caddf00aaa3ce,1
0xe7de1e998ee34918cabab534282803fce02e3f40,1
0x90af376346ca97d4e9d1e510e82543ef99b56a28,1
0x8d5e59e11838cff72af5fb0681d96a9136ad0604,1
0xbbc6e7b905d7794a2318e22ec011bf36b09e1d2b,1
0xc522289168311a765cf17c067f0118578c99cf08,1
0x801ac1049467293c3d8564a039c63eb133757e82,1
0xbb0af8fb13473b81c2b6fe1503a0f70207231717,1
0x21e2254ab84a5ecab8ad6b66320d1d1b375c56f9,1
0x740c37bb711d6372ce7de36b2c20a8a6f906b474,1
0x7c0cbf95bcfd15291d991c06d4bdb6912eded9ca,1
0x9eaee59cc2cffb8e99d2b8d70d57128d792e6913,1
0xd60d11cdea2735b3fe0ce990d37722666df044eb,1
0xf2e1ad6c4e221759a90fb853c69cd7065f413b38,1
0xfd17019d6a7ddc7ad585afa68dbef71084162601,1
0x0ccbe7a96839ae801e7aaa51a63dc41584fe8540,1
0x2929e4c81c4c72a1d9371b09b0bcda2fa593ab6a,1
0x6b457642d4c02c46f9e1097518cd689e2f7778ac,1
0x6c529b261a887a7c70db14108d5ea0ebc3becb83,1
0x7330289723b6fcb071acc92e275aa52cc691f1fc,1
0x74c2e5ebf5b7d9d1f43425c77b4237533dcf66b5,1
0x76f51986e21495178646cf499d925b276c84ba4c,1
0x775f78da3710a2febe41aae2f8caed6bde504a14,1
0xa6f2088af83fa7a0510a795c695721612c110e17,1
0xc7ea6791cc150a5326d55fdb47e31c16d8bcf17d,1
0xd2ce17b0566df31f8020700fbda6521d28d98c22,1
0xde59d4fbd48fae4b3c20817981baae47f360f4c6,1
0xe7f684f218aee4ea23d13304646e90d605ee0962,1
0xfbb7c9966ca3eea503a3e159d9ec233285fc158a,1
0xf1f476f144df01480297dca47efca565e8b0c9f1,1
0x220da3fc3b905c968dfb20c81c170bc4dce56603,1
0xcaf3365d474690a1ac6643d3d6ef44cb0c6deec4,1
0x84aeccde4c9f217e83d3fa28c31d34378b903f91,1
0xdde27b3ba448e15357183060ae006bb54ebb3d86,1
0x8b4d0402f7b2f063f255214b7095b5911a257a30,1
0x54913cc8ea17731d62589039dd0152f306473843,1
0x96e861634b4c0e0a9e7c6a65dec549cc2a8a0e56,1
0xa978eadb605761725d11d3b3a4045cf5859e2d3c,1
0xb775df51776d6767f8c2f5a14b667e300f60447f,1
0xb42ab92f5af0f162fffefa2b1e12702ce3fc9e17,1
0x2c9646bf2477a747897047b69ca1a1913ae5f611,1
0xf84408070b4de16d6bb0ab2fd8b19d37e3fd1422,1
0xac772daaa5079e005eec3e53314d6d1e9149dc87,1
0x06e13bd0a3cba08e61028f2326b9ea2ca2539900,1
0x0064f02799ea7748a9b51b5e78bcd274d9e7d0a1,1
0x41254fe73d3b49f0fe3cc7743b4d40ef26bb338e,1
0xb08f95dbc639621dbaf48a472ae8fce0f6f56a6e,1
0x5df5342342701b8ae5bce28f74ebb73b5fc13a54,1
0x7a616f70604716c98cbd930903a9b24908bdb264,1
0x69cd43dd4ecf3a076b1b9d2cfd41589987129bc0,1
0x144c704bf25f1865e4b24fd6596ffed7d92470b0,1
0xe25b24cebed3055236e369570a437a99e1d32602,1
0x94d25c0f01977452caf63d0ea939702cb1608ee1,1
0x185952b3bb31da0ae18354bbb90ae40adc840c33,1
0xda512cd98dd54056003f11ac3adaecef9850f8e3,1
0x58059014c5952c04370bcb88a2e0503e9eafb209,1
0x774a34da2ee2e2d242180819f1ee88783215f7b9,1
0xd193a7d7b231c204b76b9d638768ea602de515f6,1
0x2177da04f9479496c2292d6344d306aa49beb34a,1
0x44f301b1de6c3fec0f8a8aea53311f5cca499904,1
0x6d1db4a7e83dae0eee7e95d421722d46d2a7e94b,1
0xb1c11a879c47debc22e3816e7b727fc8bbe3c8ac,1
0x64f02c24bb510e27b5eaec705eaa840ff7b4df15,1
0x722f897909cb4ba363b9b877e4019e3e8e2421ef,1
0x9e1e3857fb2484379858b9daf230379015a7a100,1
0x334cb32bc18ec632ab04ee55157aae1ff165e093,1
0xa97204eb6b0f3e58e8acff48a2317511e7628949,1
0xaa1d3f5d45333e40467e989d472effac4da00da9,1
0x0dd38657d7c8024e7d62bde3d0423ca34769be50,1
0xc13d5024c2ee14c5f80847afd09275f8b550a135,1
0xb8937891f08af9854a5ae7a5ec0cbaf4e68acd4c,1
0xe2d22dc1c2f7c58f86606e405325c69f5210a6a7,1
0xb9ad9d091c6841e640dba4cab02baefaf1134cfd,1
0xfa69519696e9d4abdf7d054c3ba44d32fe350ead,1
0xbc2ab46887142d546a976d56eb9a3d9da147ee65,1
0xfe7ace0f186a54c0be46f992dd3072e0053a1010,1
0xd7192081e5f481364c190022f0012a729fba37a5,1
0x0c4a911ed6af1032beec7c19225c91a3160e39e3,1
0x8f160eb907a80517a3fa6d22f7cf20f552696a44,1
0x482a13a18634574bdf495c03855d95c543804de6,1
0xfff39900273ffb1045c7cfde62df1720b63fd6bd,1
0x346aaf2e75cfccb82cff0fcb8d2cdc21d5656358,1
0x411dd34f17d5b6398f155f768ed27c32ad194862,1
0xeac5f9b3cd48123a69fe69ce93a7f58100a56552,1
0x42e5abe19ba467b0b32a4d042d3dfd4ba2e196af,1
0x81b55fbe66c5ffbb8468328e924af96a84438f14,1
0x966133652465b15365a91a8b1f6c95276838300d,1
0xb3b16685ca2d2a764882e2bb2a8d3d769cd74145,1
0xd74e767c77d2e9f9e467e7914f2379da81b63a44,1
0xe22059d454c705f70ffe2a5706844a3a27a2bec8,1
0x0e81a8a496f9cb7e1d29382e91f06a6f7416cb9a,1
0xbc9ca5bd0f07700929f8d538233b0a9e60f4ddc5,1
0x3d91ad906c3969f86c588c988f721d5a735c6f81,1
0xf36796fc4f8fee589ff959264c9e99ca37a1b659,1
0xd2f2a56affb67a9ae2499ab9df1689ee78fad89a,1
0xf28fc8d0eb98a34f2b03d384f7db6f1e7b877a33,1
0xa817b9bd1ece360e4a1692894a5ad1d40b889f20,1
0x957143815f0e1d1b1a31b2bfcded5b416ee675ed,1
0xc29ded4c6ede7482068197c3e3205d850ffedb0f,1
0x78fc8aa7bb4ee047257a245ca590fac4ae4aa97b,1
0x0e3e001a00c07e2cb3219d1ec0c47cc532d87804,1
0x1ee5106b2233169b84dad2acdbf498b29c3c7d15,1
0xff3bc8de74bb1d2f9066c9687f62bf810c66c5ea,1
0xc0ced4439c1f0871f16a46e13fbe41fbf61ba265,1
0xb099a3c3043b262518d9b6cd4d5c9f589b15e2ad,1
0xda23ab0b2636c3f9806a868278d73aef2439ab60,1
0xafc093b1c8419f05d4de6ff54d38121c0d733752,1
0x16b5ec9e34bd0a916822d6785b1c600ac911d6dd,1
0x2fb24b1021e51fa23db91a9b995000181fda0963,1
0xcbb49b18f2e9d002bd79fc1495fcb6f6f87f1e0a,1
0xfc0c476530d9742cb116027c04559d0dc26bbd12,1
0x9dbc84d7199c97f9adcc9b57439d69c5ca9ad103,1
0xf2cce62603ac08d3fe92bc97bd68f137b7f1b765,1
0xfd849d8cf365fe98bc60025ff7fab45cef0f557b,1
0x9e23d2db65a1b8b6f31fb57c47148907545b3ff5,1
0x17eebf2b0c31f6af94abdb551d1dd509ba6e4f0a,1
0xb692704d590e224c67fa96830c4b2526fccaf3a3,1
0x69cb3b1de24e08f1cfc2994171b6c6930498f750,1
0x17e31bf839acb700e0f584797574a2c1fde46d0b,1
0xfed74f78700bb468e824b6bfe4a2ed305a9d86ba,1
0x5cfab23d47598464747dfb169828eebde5e68ff5,1
0x6f566a6672f615c2975f6c48224c46153e12ffcf,1
0x80a1c9fdc26199a69d190ebc8ad287ef48758977,1
0x19e7a132bd4b42f580f546197f42e19c42cdfe6c,1
0x7ca00a09e3b431d48c30e3e6cceaaeaf6385cc81,1
