0x0072f908a9d8ffffd0a42563ad9b8fd2efc5d446,1
0x01277883967c85554319818e2c1669077d9a37ab,1
0x017347cb75ac8725608e593ea35d83f9b2b3cfb8,1
0x01df3717ea028db51c6080db588cd04940c493f6,1
0x0201efab41620a7bc92d4b8c1d8b06ccc30cfc78,1
0x024617477119eb697673ca64580dccc16817965e,1
0x024d1b2fc387f78e18f65898aa5efd34a4b95d3a,1
0x035c848247df9ac50d607c9442ba4d7bd3e71efe,1
0x037e3bfc3f16f3c45fa2db3a741e36543d80b4e7,1
0x03e23794186106bf27433210ec1ac93e01cd9df7,1
0x040474a6a0d5ac323944d4b6f91b769083fb23df,1
0x0519eb946ad5e4c0c626e3a98d3f44b3a92bf2e4,1
0x05ac142eac7aa9d450e661f40a06e78b57a18aec,1
0x064ee346b38c8864df8f4e5baee8b45593db23b1,1
0x06728e3a28176c9cc70c4da89ff582daac152e1c,1
0x0830337ed8d752b520d5547aadeae4b8d4154199,1
0x0846931641992a70d393771b5d9a1ab8ad5b2f28,1
0x089d3d1a1d25f565bc556d7f10b0fb35ddfd2ce4,1
0x08c3ea22ed6008a690095d6e8232ed1aa673e4b6,1
0x0902c3ef4f176db48c4e340eb861b22759c334d7,1
0x090deb24a178ad520f4c7575906f55d6ed4597bc,1
0x0974ff7e79d93c462421f23520c0e6ba300dcb97,1
0x09b61819130d8203ef858217f7e41bf020b2e30b,1
0x0a1377c367fc9a3941dc9d2c69ef96e7c2a1b7e9,1
0x0acc506b7a0499d901dad2d4f82a79b0494b4107,1
0x0b432f998af4e5c1ccbe71f408d376387f668e50,1
0x0b4ae5b1db33c238844f7ad71cebd258583d7100,1
0x0b7a0e9f0886f180c938321cea790f31752cb3fd,1
0x0bb75bef057da63a0ae4b25fe9adafd35cd92b87,1
0x0c52b906c76ac31c98d99840b3a5c4bdb6f16391,1
0x0c55dee87733472b7fae558612c59d171acee726,1
0x0c7631385e22d78a04f0f6de877c23cf8a02cd2b,1
0x0d6b4f304b91a3b67b1db34776ef7e95effbc729,1
0x0d86105d51e7fdbad636940548e323340690f22e,1
0x0df15ecbccb84e3413ebd202ed4d0880d573839f,1
0x0e657254367826d33ccd0315361a1d2dccfbdc9b,1
0x0e8f8f13b3ecc224a8cdf030580c4bb5478349c1,1
0x0eb35e07e21e73d812d480cd308d645c227b53bc,1
0x0ebf701d5d42f1fc14043687290da575f905a436,1
0x0f1025f754b3eb32ab3105127b563084bfa03a6f,1
0x0f22657ddcf96c4d8e7cd22f0ab18fbfb579e551,1
0x0f3c76ade30adf61b64d01154911308491784dfe,1
0x0f9a70567cf4ec7ed9746c9251438b8d1c6d7072,1
0x0fd95e64807dbcd07fc7882ac0ddfbded17a63fd,1
0x10665f86175a79523a7eac2a3494c6f772af4c96,1
0x10b4c4eda8d8a5552f5ba1f574d3694a0c11b032,1
0x14a170cc315caaf9d6a7a3e4757b955389860e6b,1
0x14f97f92da702af1ed4f09c5612dd0fd590403a0,1
0x1525a0e2c6868a0342b3b7e1ad9ca92e57f4c876,1
0x15326a892b1d1b03bb499777649025ccebb380b0,1
0x15616d0eee8582ceb119e07d15d8e392a889b0f5,1
0x156480827880da4aa6aea3df9b0a670623287211,1
0x161ea288055b58fb182f72b124a5d0f367b099e4,1
0x166fc420366c83a385dced8be850e9320613f986,1
0x1690a584af87c52b568cd74a9171af30537b2dc8,1
0x172458ff1b115ba5c2076465977baf6152c5ac72,1
0x173afb8fdf772adcdca48007264daed013e7470c,1
0x176b450a96aa8d8390224bba76ac2bcd067ae643,1
0x1772751149ad286c2945b91f9c6eb1f1efa990bc,1
0x1780f01b7054f4d87d2f244b72b36121a8f3a83f,1
0x180669310d089fafcbee40479ee719752d680d4e,1
0x19861cc1b3f18607bbce62d469967761820ee729,1
0x1989e01962646dff41d4994a411de9621bba5580,1
0x199ea0dd516f27c64dfe123867df17457ace6551,1
0x1a37a10f6325e4002ddcb287ba1af4472746f76e,1
0x1ab608b76de67507e1d70441ee9282fefa17a334,1
0x1b3e12e8a6590d07dd373950a4a261982ef3f0a3,1
0x1b609fda3c97e90003be00c8223026e0d99f49b4,1
0x1be2797e7c6717a86df9d72e5e307911410b55cc,1
0x1ce8e9cab7cc1b3fcaf248532c6eec6ab09a63f4,1
0x1ce9f4a1dc6b9b64692d50441edd00beb703cb47,1
0x1d6d845ccc56ce0f6f5b5d123a766caa3719157a,1
0x1dd552b3f126278d62f22cbaf6cfcb2cbca0373f,1
0x1e4ac1b3a73eaa84b41bb4d2e994ee7c4ec229d9,1
0x1e84ddcb5b6e5d23aed0ddb9a58adc146e22325e,1
0x1f6d863fa39408c6d86d2d76988621cbbcda8473,1
0x207a07230966cb53df9dc970a1cef0646e4ef82c,1
0x20b9385a9db9fc6e8b44d95acab438b73979931a,1
0x20bccf15f8089915098158c2d451f7729347ac9a,1
0x20e98a5ccfbf260952ef23a44c93313899a17865,1
0x216f0a5f895dd92db5c336dff760ad78e5ca1ecc,1
0x21f315ab7c8f3ab9356fd36c29abc2ab639129ba,1
0x221801fb64e314f428acb424349777f4c3a3b102,1
0x22f14cb872871a37b1d981b342b865f8a31fbaf9,1
0x238edab30142a77ff1be2ce3ec42d5608d283434,1
0x23aa9e2efd276d26a6c53623affb072b516545e6,1
0x243ae63fed8680067e16f63546d312aac1f5d716,1
0x245e4cc32a57e3b9bd7c50eae8fc90fddd6c127b,1
0x2487140216d7a54c27d2d75dd672a72059679df8,1
0x249fb47351edf55b40c9391324dd3e99a71d78e2,1
0x25078b24f3f40ad8873ea8408d469932f7ef2b91,1
0x25744932660e4991f3c8c770972459cd627da4d2,1
0x25c5cc4bc8d15fef28140cb78735a5000dcba337,1
0x263da73598db8ecfedeb2ff17b5f12173c929929,1
0x26663df4bdb9983466fc83cdf527c973f92428e7,1
0x268221eff4de4d9ca8943f9e143c076dd2c1dd54,1
0x271ae5a9e689ee106eef2e70861122aaf2a3135f,1
0x27bccefe4bb6c24055e340f500c246f343ed1b6e,1
0x28b581562f4a2cecea191f0e5a6c87b3a631fb6e,1
0x28bf7ec2880dfef2849c1c76731197301882c85e,1
0x28c146f330bcefa68289a5aeaf733e2d2ab35ffc,1
0x291c9894f99aa53fc3893fdd8549fbaa300734cf,1
0x2966e79bdafa11638ee609a3d5263543dcd15a07,1
0x2b26da567c2a8c220daf91be8e37a429d33aef0b,1
0x2b95e2d11939e3fa8c12f18f75a281830109c6a0,1
0x2bafdce15e21cd5875cf589a333712de8454a469,1
0x2c0dfa7c96673ea2eee1744db93f81b09ceec4c5,1
0x2cf1e7137efae14caa26b9bd60cf16fd52d5157e,1
0x2d2cd31dcb53bf5d6ea29c29e9b73708a64f14a4,1
0x2d3162890e0a81bb0f4a1f65e8878d20853f6216,1
0x2d6fe9d11428a9b653f9479296e6fd693cd88d03,1
0x2d8aed38fc8efd32e3717353e524d1069def4855,1
0x2debdf4427ccbcfdbc7f29d63964499a0ec184f6,1
0x2dff7aa2a8f234d79894a28720dbca1512806534,1
0x2effb7e27cc2b5a5977ed27e52914c963f24078b,1
0x2fa3f64491f2e7183ed6b50ab7cdbed360fddc83,1
0x2fbd2271fb7c58091fedfbec1207d14685b803b1,1
0x304d2102f75b5cf667d0f12812593ea070e0c042,1
0x30762e2624c4b97d84bd69ba6527a4c00f30826d,1
0x30c78b586e763504a2b856c5a4e39e6eb5439da5,1
0x3146a2997e71155c144ae25fce2d866092bc91f3,1
0x317fdbf289a41435df30efcb00015f95b1eaddfe,1
0x321b0ccd207390fcb22b81e7ab139724511dbe8b,1
0x325ae63cebed0a5180f39af5e267e731852a41fd,1
0x3262e03f4ed4d7a02b0a32bf93ab9b3a2c0c691d,1
0x335055cd1d4eafe238cee71c9a7a121909c0b558,1
0x348d43bd8daeb9f13611d5f0838225e6a9d89bd0,1
0x34a237038e74eb87c97c67c2e2a78928fd1093ac,1
0x351f9a49206735c33a896b687cba3ff8007ef806,1
0x3530ad56d985054bed991c95670def067224fa98,1
0x35359e660563ed4081876e859c1080571a36ebcd,1
0x3575b8ec705185e184b1bf6e79f5afc72fb8d78e,1
0x35d1a3dd6c50deaebb7eacc6077a586b5dde09d5,1
0x35fa7d23f70eb43dc213d78284542814d1065e85,1
0x3612b2e93b49f6c797066ca8c38b7f522b32c7cb,1
0x36e10f7bb46a7e8a9000e20ac6bdc20721d15f1a,1
0x370f2b7cb212617ef1353bb20e8e66dc5950374f,1
0x37bdf8dac26330574b3e7250f157e62ab1dcded1,1
0x3852471d266d9e2222ca9fdd922bafc904dc49e5,1
0x3881f0735d9c8aaa779fce6f72938c52e424f852,1
0x38865683f5dd59048cca3a2e91064a731bdb45a2,1
0x39070d37b3d7f272247b6992405466fd9c237c03,1
0x394f4d27d91387ad128aac9c5e3e412e4f614332,1
0x39687c3e60d2f7912b718c75dc2397db5e35e0e4,1
0x397725cd38e28c497bb4a6862cbebe69e7a922cd,1
0x3af1018a4808cfcf31bca62c923bf7670a14bf96,1
0x3b31b0f1e2d930aecfd23f23cba7cfdb645f388c,1
0x3be2a015a559873f444c28ea5d38ac9963fc5a06,1
0x3bfb16301eb4478cea40f900a04fafe69d3aaa61,1
0x3c717986a9776a687c804efc46849e42828fa2ef,1
0x3c76ae5318ee343152f2c1a83514fd583492071b,1
0x3d889b6391506032f9e9380a8f5cd3199661fb72,1
0x3d90c418098be7d2a20bbb68524765e89dab0a29,1
0x3dc713d2cb700c14c08aaf8c67a8858ca1bc1508,1
0x3e2e55995baf83b9b1fc349d9a4a45d57ad2914b,1
0x3f2fb041ab70ab52d04210d1eccbdf040ff4dc5a,1
0x4069d163d9ff94f4e7025f28ac3f3c5df3f7a149,1
0x41539d51f866b21df26f895738919ec4cd1b815d,1
0x418cd73af8131dc641c7a79147ff41741317f9a3,1
0x41955ab7d12f9f6c03de972b91d9b895d9c2eaf8,1
0x41bb1ea2cbd057634cbbd54642ea539c390314a4,1
0x41e94253a6bbe299f9784c82c951c9a144c4af18,1
0x42318cdb6bb82d7526a956164d22b4501d5b9684,1
0x425af9087848d811bb6b3f50a9624ad0b664ee86,1
0x4289f301fbffc474bcb7fa679105bff844634cdf,1
0x42eed6182e4f3e37d3ae08a0d2a04c258ee0ae87,1
0x433bc2175a972fd3cb1a9e72e84b7cb7b32a1f56,1
0x438ee34be7c6deefbdf0afc21c0d5375b912e0d8,1
0x43ec3e80b4d5a95e9921372d04a5188f0dd43cca,1
0x442fa40d64ed28758e84e69af827b9b2608d44c7,1
0x44d17708d48c426215e1fb0c70549f8fed52a455,1
0x44e9d011df8741be2493e99297e9ad67bb1aa85b,1
0x458aa8eb5d673d6f9bae964af2c25d64f4a19878,1
0x46060a12d14c720f19417a1545e8068663648bc2,1
0x46154f8b20781a1e97bf433d9bee95e8ac4bd44e,1
0x47320b27870c9f7549180aa77b0f3bed292a8b1f,1
0x475706879afb0f97fb32230908895fdd16b5e845,1
0x48d26fbd89dda10c72cd8dc7b82b9eee0af6b48d,1
0x498cf91288ee77aa0ae3425d3a7046c860c06520,1
0x49c29e10a1ac3903f8ecff5badb1cd90b77ad303,1
0x49ecaa6d98efb48a2fefc3c9a1194e5e602bef2f,1
0x4a6cda3b122f8a4ed107b970c39fd955f682d24a,1
0x4afa06edf41513ba33b3cacf6546741e44b1f548,1
0x4c087c04dc4bc4a9d072f17b1ec9c05a94c94404,1
0x4c7f1354ae3d30f7a88c9d972ad7f96b44ce0dee,1
0x4c99fc9836c1fd2468557ccc93f63a2ccdea510e,1
0x4cf9fa7b49cb09e532550d218ec3337bcf6ed7be,1
0x4cfd2fb8035729cf50f99572fea9c54e0bab4a4a,1
0x4cff1d3043c0d6e1a1a17798f7c07df22312c5d5,1
0x4d255d9b31aa437a0df8d02565c99d0faa6ed49c,1
0x4d9a61cc5332c58929f173ee2913ff92fb076fff,1
0x4e81276e61db7fddd1001ebd6ecbfa28e06a2136,1
0x4e898e4fb9d0dbc339df181fe7221a4f2ad67953,1
0x4f88765843ab08add1b0aefa7ec3c15a84629fd2,1
0x508832c428446ec97322b90d1efdcc889732aee8,1
0x50ba55bf41580f0ba7df31d9d20b129e6d2df6ae,1
0x513490509783c94c14cced0e69224d1bd042fdc4,1
0x5143cbcc98dba824196dd66ab8b132a3a4d414b9,1
0x5181afab9adbbb4f8bf77ae1f749d6f5d52d15ee,1
0x525dbd6005aff707c92bccad1e593f99f6f14e96,1
0x5350ed778ddc894d0928187c7f0087a7865ced01,1
0x53813ff0537f523d6b50b88c28f581208914b7ce,1
0x53e0aed647b31679b6590a7944432aafe23fd31f,1
0x53f876543f450c7edc7654e6b240923dc475e177,1
0x545e8316e7c5fb81c7c62b2e2e45b8844056bba8,1
0x54b525f1839ae10085de6affd0c549df1f1deef1,1
0x54be3b98564f0a89237ff10d5c7a053edf2af10c,1
0x553f3d1fd254562568b0f8fa5c8244e9a44fd6ec,1
0x555adef5c8b00b709ab954cf6d0d61b5d23743e2,1
0x55adce4e5e51d89409c5156021f5a76c30e023c4,1
0x55da273b463a3179bbf5f22872b7f33785631691,1
0x55ee31604277c7e01946502003b58b9ca883c1cb,1
0x57364fc68cdebc7e767c5cf7b9429db4f70a72e6,1
0x575f53510b1a6a05c3582390c410d8e050718251,1
0x576da0260daec56d8ced30536fe9fc84e7d15542,1
0x57d4b4ba387f815467029851d9f1f751cedeec1a,1
0x5841953e5669d809febd4cd62d78b7e673a28b15,1
0x58696c1aac1d83c454e1d4fd6896399290421561,1
0x58954c42e77393662721830d0fc9086e7e6b6673,1
0x589e4952792bbd273d1a2c64783d8f25ad81cc78,1
0x58f3990485919a1eda0a898db6b056c6ee9873bf,1
0x59829cd7873e77ac63917fd136db59a6cc15fda5,1
0x59a65ff3187fe27e2fcea9e93c90599be4486bf0,1
0x5be8f739c8ea94d99b44ab0b1421889c8b99b2e1,1
0x5c95a4c6f66964df324cc95418f8cc9ed6d25d7c,1
0x5cf06cbe7f276432477f691c2c03918fa3c6b728,1
0x5cf4339b1384399d43cfa1b5b9eae5ad81b10298,1
0x5df3f15779f5e2855cf14d09c4d184b7885b46af,1
0x5dfa5f04f86406544fd5135d65d745069427525f,1
0x5e0fdc5a4a74c962c0c96fd457bb494b10d84a50,1
0x5ed94c46a3df9f4fd81a657d2ad4c18ec6218cb8,1
0x5ef3d4f41791f0b9f1cee6d739d77748f81fca3a,1
0x5fb8b9512684d451d4e585a1a0aabfb48a253c67,1
0x5fbfd34d5462e5ac163ef0686395c06e40107ac8,1
0x60670db0663eeea0e022ee2250aa37c6ae427eca,1
0x6076908d835ddaaef6baaa7e3e0afd5ea00de09c,1
0x60e490d293f80f7ec88478a98c2335b0af3afbe1,1
0x60f3e70d90477574a75e28909ba8eb06deb47f93,1
0x612c45551195f15bf05d722b9f137c914b077fc7,1
0x6269cd92e1e2e3b47dca97c72818ef86cbc06c4e,1
0x627d0d67062b5143bdb2677f39c778f28aa59b10,1
0x631794a6eed2d23087af0182cd6d56b0304b8cdb,1
0x634ffd24513c0def2127e2d086a81968f948c7d7,1
0x63c7b10f19d27d77fd908cd897b999634db63567,1
0x63f0a3660170a5c9cd4ca7b28b82f0011ffb37c4,1
0x6456f20453a383004f17b921cd770d187fcd30ef,1
0x64599605b3c37f1054b96c4ed7bc04976f7189c0,1
0x64d9d42919152900353dea7ee826bb7dba6e3ae2,1
0x64dff05df95f9f7060e13cc1a2c78a9bfd3a608e,1
0x6552be7816f797945120ee965b9903da3f0c4845,1
0x65781f187d0fcd351dc610f0ed8ad312fdfa8e17,1
0x659b663c1dd32d84b09fa524f5afbd108d086f17,1
0x66055c663f81ea2239fe9768e2b40f615a5021c0,1
0x66a229369a87a5fc8fa78432ca2bab20c9b16f83,1
0x66d7d29d9c40162562d98d618270a6a9f7e081e9,1
0x676dd0a8a7044a86c22079991eeecaa671b8718f,1
0x67d98ad33977ad2821b067336eb0d822a90bbd5c,1
0x67fc031803f56ae3bac962bde56020d3726197f2,1
0x6833338b84eadb845e4db8de6d9e4e378df3794b,1
0x685f02f75e82260d43554927fe32d8836053b238,1
0x6913ea8b69dc3e8398368767d5810c63e69a9c7f,1
0x692bedbd3a34a06826052261c3cfc1c0c3a0a877,1
0x69e85887374ff8c89fbc5ea6885e1a9021041b32,1
0x6a6a9373b40b19a2f6ed10e77dc258dd456870ed,1
0x6bea09d715e9b89e2a083937ea957c1e6af6d3cf,1
0x6c52638cc3978451175d59aa8cf7b0b6f832eedc,1
0x6c5c05300d35ca4c7bbcc8b53227ed8ade03695f,1
0x6c98702e96290df3426f1535d694a866f385c375,1
0x6cadf1f5cce646436e2a7711127e7014a22b3685,1
0x6d03be12ce5354d271744c326096187a7d2088e2,1
0x6d94955e2810df5682d25b11b0fa24b237eddbd8,1
0x6dc718f33fd6721baa01669f9bf2c89d8e344bf6,1
0x6e2e8082f34f953befbd808b6363c0b00408e29a,1
0x6ed2b7e7dcd5c941c7792b9889d5b0b79f4f4410,1
0x6f09ef3d1ece52e9c26e1ee2b004a93c7107ab0c,1
0x6f47ad567a09603a2812727a95528eba0fc60375,1
0x7015853f4be641296f6c92690ff69fd36704dc2d,1
0x71bd4a21421754adba8a10b1371b10d981b64aa7,1
0x722e9468d7f8c2710b6dbfdf70f01b045aca1851,1
0x729c225cade5cac55ed3317a8ca3ab3d7410b1a0,1
0x72d57cb1fbcc3fa8aadf525a41fcc4b299d0b79d,1
0x72ecef2b89452e419d4bea58b928ef46dfbecea2,1
0x730aba725664974efb753ee72ca789541c733db4,1
0x734bb23e9eafe199d808b4d3cc4fadd66799da2d,1
0x73ede021473eb6890bfb53f33674fe317171ba47,1
0x7401572d8b4e07f89579d804e267ac000c8c67cc,1
0x744973e5b6823d03cda1f13e960976d90d9a1d9d,1
0x75b50f98deee4ee57ed03ff5e485efb61986d9b4,1
0x75b772f2bb4f47fbb31b14d6e034b81cb0a03730,1
0x764d1b315626e6bbe30582e03c0dd576ea8ad012,1
0x76da19f3c8f7a4080833665d6c37bb3dc108bdf6,1
0x777cd20628ffcf4346cf56d0c419dab0cbc5d341,1
0x7853010ab93f48ce78137703f7f0d21ace194d11,1
0x78d6f990edbabc0c5816e48da6a6500b55995dc2,1
0x79296381bd8690482376fe355e0f68dca8bb6b4e,1
0x798b796985d35d94a3bef2c10996eafd20cbb2f5,1
0x79fdcd2a99070c0b78d84a9948f9bd21bbfbe8ba,1
0x7a338df4136bf0d79e994c99f271d8a0e05cb4bb,1
0x7b21bb41f9800ecc901c8cac837195bb7734af31,1
0x7baf191cfaa4a0b08991fb728179baaf3917836a,1
0x7c03c6fc64293c460be652f4015ad232e695ac8e,1
0x7c6bf4d30f09fc76334cbdb54860f573875612a4,1
0x7c9a6365d8527199a61a1dccad54bf46477b8334,1
0x7d761d8828baf244eac723f82b2ece15ef8adc4f,1
0x7dbba7f0551aef5894fd6ee331b95dbb4349f5d4,1
0x7e74eb051a46e7102e10347665baf164a7f0dd32,1
0x7ec45292eb342a663eef14adc6b27b28074d464e,1
0x7f9c392ebbc98099d3f84611a7002df6014f58ad,1
0x822e811756be053c1a38134f6086d0bbc22bbe99,1
0x82f35cf17844a330cdb44298dd46c72609df2ac5,1
0x82f75360e1750e3a37ce47f9f62488d309c830a5,1
0x83e0e18e9fea4dc39b9b6dc16a48f10872b9f74f,1
0x83e8708aba59195bbb2c7fcaa83af1c536d37b25,1
0x8435f3f3f84e4747335621ece38d8a4b32830468,1
0x844019cbc5f60dd20663005d1b895ce16cbb4356,1
0x851f261d6018a6c3788317ed72a21ee86cdb8325,1
0x85472981e13c7cd11df52f21e69493353e1c6d87,1
0x85a19dd2ad0d1d2b25bb164810fad08cdc0b33d7,1
0x861f21df13964b1b23fbc17747ee705134604b1e,1
0x870ad25ccd412ed14c0bdd2bd2a120517c654a8c,1
0x879765ffd7f2fe105ed3aa42b15b5f5ad241f0bd,1
0x88350964c2d91a6aaf5c7430a35f7ab27a7007d3,1
0x885846850aabf20d8f8e051f400354d94a32ff55,1
0x885eb3bfe952ef8343d6b3176c1327ba2c44a163,1
0x89c2d8a6be1556c6b74ba8e27db9e06f4ac4085d,1
0x89d34b4e0835398a52286600b211bf79691f2f08,1
0x89f80b800da2e6b331ca77fa6fc268060c9a86f9,1
0x8a0120a7d28b2b2c32d3594ec94b1160dbb3ffc8,1
0x8a80d85c9db195260e0e87a599402ae6916d9b17,1
0x8b7d6a95ff637241896366ef3a983e9d63e9d8c0,1
0x8c2e56d181465f69c419dcd8760f2ade6372cc8b,1
0x8c36654b71c52bf8bf2ca8c3ec19bd4e83da7d11,1
0x8c39a66ccc0f22ade61c59c7f21bb6bcee4921f1,1
0x8c56766265c7a21b576f5ec1f1f89423b320f0af,1
0x8d3bf386fd04031389310b054af6a0f8ebc4d041,1
0x8dc22f2e5d71ee3806cfe3dab6919fdde30bf802,1
0x8de157c60e5cfea2e1c80140b39255ae84862961,1
0x8e6df33545b05e1e79dc159c1c2133a3b7cea769,1
0x90345b1551c939b72096b0359661c898b27c9f44,1
0x910b48c25afc5b2a998458b62d467d482eca74af,1
0x919b3b01a3c2494d322cd0829601cd630123e437,1
0x91d8d6e0fac27aae1a05678eb33d163fc2e7c740,1
0x92e0049c4cdd67512bda9ba4dce55b554acf44ff,1
0x944e762766a90a3c3a8aa9bbd39e6cdffdf73ef7,1
0x95b086bb38564805a6cb77ff4db3b4fd27ebde27,1
0x965bd520256ebb95f1b21fe9555441578588712e,1
0x96feeee2b37c3308cce6d3f580e60ec44bc20878,1
0x97da20dc2bd46174da79d71a385b7248527fbee6,1
0x980c2c317bc65801b45f2265c188bc054fb5c1e7,1
0x988cd6c6a54af11e2cdf51825f59ac343e90aa62,1
0x98ca4e1c50cad9c3e1b28cfa7bebc36f571f64a8,1
0x98cd36875331bab6af1d99fddc6f41d32f9f7f23,1
0x993cb130281476d88a931cde8bb32bfb99c1269e,1
0x9ad82cf8411e352cdd771febe5f60cb4293a1077,1
0x9af481276b075e036bc23e887a8bd275e69ef74c,1
0x9b96980c1c018cb617f6653f6892e19ecf4f81e1,1
0x9bae2c333d3a242645d7c7c0430f0b9cedf372d0,1
0x9be8d3619141cc395de26caedcf1ba9f300608a9,1
0x9bf4c749e6d9d444374cc9c078534e8a82da2a27,1
0x9c213bd7e10a3b88172b300fd5b6953cef579c66,1
0x9c8d9490afab6fa03b8d9bad0477f6a60bee640c,1
0x9d092b94222d18d7d86aef37f2067ba40a98562d,1
0x9d4b3553f7f615ff0315711e31a41500ebdffa13,1
0x9d676d4564e43cddf9318d9a50c988f62b210179,1
0x9d71ef43c04351bcfaef4c2a5de9c0b0adce6ba2,1
0x9e04ff6872df352eef3622eb842cd51b4e72230d,1
0x9eb6ed1f34b3d92aa692aa92044df85cedde0e70,1
0x9eec0b5bd8a48047f0dcc61e98b4b92951480f98,1
0x9f68273597bf21f3106972547af2f0b6b57542a7,1
0x9f7064dfe6ca5856b3afd7a3b3974686a35bdab5,1
0x9fa1e44dd0295c98cd0b1b03bd8a9b6bd4f84f7c,1
0x9fdfcf5d1fcccdccc01613cac7e93ad33b7ac72f,1
0x9ff17099662514cfdfd932c9abd10b4995cb2f42,1
0xa112a77944bc77848d59f8e22c87dabb49b42a8c,1
0xa1b6e5011537c0af24b93710ea37c1013f2d8c47,1
0xa1fcf52bc3ece251385f7516c837188adde259ce,1
0xa214384fd96d0883a4e4c75036c2863f0f5995f5,1
0xa23f7917b29c9a238ab324da043893b05ebcbf09,1
0xa2be638732416e402d545042926bd96a51b7d7f1,1
0xa308f9b591419cca5288bcf048d8fa8c311411e8,1
0xa395dcfac017afc771fda1cc2424cb72a84725f5,1
0xa3d42513a1affe8d0862cf51df6145523837393a,1
0xa45ee2a6c3ef087251f560f6a4b9120d8b24eae1,1
0xa490a0346808dda91aea6698cb19e4697d9fc5cc,1
0xa5deab03b72d12fee46d3cbc8606eae60293b01c,1
0xa6c1d7afc6ef078be73f9655b6529e54677bdbe8,1
0xa71000e72d38e6a84d7190f59fd3dfc73931c0e8,1
0xa71042ee8ea863ab2f1503546ae2df6f8abc522a,1
0xa7b3249c95e8c6096a2e8a4354f58df69c1cefce,1
0xa83fa9c834bb5abe25f9c56eb5845b3203df94f2,1
0xa843e16f26edb18ef988540ad9d2796101761b35,1
0xa8f9f10815974acd4d7bf0af0d8159ff8d2e9c65,1
0xa912a779ac36f018ebde0032d13e0d065be28751,1
0xa958d58f0be9e5f3cfcc60690215f961ab4f2f8d,1
0xaa2e61bd52d62cccc988e3dd1e38fc10c25741e5,1
0xaa982a7d6bf5d396d4a9d77e860394454e3e86ea,1
0xab78af5d653f8bb2b0b33ba0363e492f724c05a8,1
0xabbb8aa2e9200d67e4097796fcc39353fa0b4864,1
0xadc3546ea680e21afa7d5d45dcd03f2f8957241a,1
0xae41c8a1db6c16e2554a02577647147fc932c4da,1
0xae6976981f944eef17b49b255431eada52e9c9e2,1
0xae6be760022c354a2bc5e79a57634625c60949bf,1
0xaea4c6c95d927172bd42aaca170aa3e92a29921c,1
0xaf1cc56a81ae3db157b73db4dbcd20907db5793f,1
0xaf7e4119f13f01b46359b9b713f7e133c2e74028,1
0xaf944eec87585d186a5b77e14909a53610a20e59,1
0xafa1571c95325558add85a1680aa189b38caad3f,1
0xafeb5f1f3db00f66e28ef38fcf9cde0d469fab4f,1
0xb003a00d69ce6c469bc0741bfffac87041b13ff7,1
0xb010b5ee8677edebc0d61f26f795ad95a1eb8518,1
0xb02784b5c852ac9af37fce818aad1a11d9feadc1,1
0xb0e0ebc022688040403ed4a2c0948a54d89024df,1
0xb0eef59ef331cae49fbeb4c3aa5c55218a3969f5,1
0xb26376ac84799261b61f20452a6c42b8f54fd143,1
0xb2bb6a2852f5fd062c6dbca127d8252d10568c23,1
0xb2de88dfd98a2880b664f4e15fd3f8d0164c0a43,1
0xb301d59681b5aa2afdcf665d6c426143a5389df7,1
0xb30fd5553229b804b660719acb9f2691dfd994f7,1
0xb380754f37f81159dbf3b3d5de0f9be7f0e76ff2,1
0xb392c10145ebaa6614d4434027d23192f0e7191e,1
0xb3b1bc2a2ad6dfeea939ce4b14e6495856b31eb3,1
0xb3f0771103120f80ee3f2fdedf9c856a3af683b1,1
0xb3fb967ba2044efe7992c5b465daf8f62effd961,1
0xb4734d68a6972651b58326f6afd39d5a454e0126,1
0xb5010b8ce6cf568149f98d83f5f02ed68e8eec67,1
0xb50834ead2db08cd4f1ad77ce63980c24c1db9af,1
0xb51a1cc44a5fd65d0d88cf98cd5b50545c6f21cc,1
0xb5f5824dfaab812a88ff5a09232a35caa0587f5d,1
0xb684afe21d28dc6bf235ca7c7da3c21df19b3bcd,1
0xb6b31f5af88e846999ab683dfe084524a708c4dd,1
0xb6c189179b204d14fcc0b608bc97243b389b0030,1
0xb71d0978dfd4089dbbd1c86968e4bb35ef49c9fc,1
0xb87dacfb6f0a3023ece29bc4ea442e5edf4d0753,1
0xb9359b722515ad029bc89bf2019e7dd189fd1bcd,1
0xb961b5a8be54f8a29d34c59c285906fd5abfc53a,1
0xb9c5dc91781339a50562ff817797adb6b9a35ac3,1
0xb9e89b113734275b7f3b1891c9df46f8375db141,1
0xb9ec2ba043b06a90d79f2e1f76fae3f83c5b8e79,1
0xba04ae9c3b7df626fdf3e1db59cf7cae57b4584a,1
0xba062873e6691957b298f534df4aaec29430148b,1
0xba8a20d60e880092dc16d13a3599f3ca9ca3a7bc,1
0xbaaaa0a435e01ca31a2f9dc214c059ef82e99cd8,1
0xbb41003a737b70214a8407044fa6814ad9e1f8c3,1
0xbb5c7121656f40cb746c0b17217969e8bb09984a,1
0xbb658d73bca57bea7dc946bc2d237859ff54dc20,1
0xbb6f830a5f981044be859a7fd0af3163676a92f1,1
0xbb9e43919c69b174930ba9fab723a1f9545c31bd,1
0xbbc26b73973cc8e0f6c8b1137c485beb346de22f,1
0xbbe455158c1087a4f7984150fa96a3208798e0b1,1
0xbbeba826ec53310329017d702a9a0448791b72d3,1
0xbbf87c19a9d7cfb847aa95190d771e5f6680395f,1
0xbd152acfa5f810cba903c2efe7074be88e335f50,1
0xbdd8e2f410034e459260d9180d4ec80eb1efd710,1
0xbe4364409becf4e39120dc5f2180ced124fd45c5,1
0xbeaa65e2098213a87671620974a41515df17c23d,1
0xbf310cb8027668777c62d2ac3752c5df3c57dd8d,1
0xbf46bffa4d12d2dd9a998a9b8d0d1f6647720d84,1
0xbf9ecf8aa2a3372615594139bab684aeb60b6cc9,1
0xc15e011b8e117fba8cc241c70950fc79f515ab3e,1
0xc1b289d8b75483d70e7f6b42040c559f5cd378fa,1
0xc1b5bcbc94e6127ac3ee4054d0664e4f6afe45d3,1
0xc1d95e3314db55f0cfbefe7a5f3055b2b40b4a36,1
0xc485e340587629edd2b14634bd03f2a01dad8dfd,1
0xc4fa73d4e1dd3ab3212501148c5235466fd01bfb,1
0xc56c144c062ff5b74d908b758ad19818c95e924f,1
0xc59292b1caf144f2877a88b120b4e71e48385569,1
0xc5a7e99f85bc34b8f1707ba7f3954c9bebd19b55,1
0xc5b9bd2d00ae74ad3d561faebdb47e29ec9a06ae,1
0xc5ca5711b83547e460cb5e94af2cfba69f8b1799,1
0xc64a2cc5bcca4b28889594f0715fead1574da926,1
0xc7ab1d2f9508a4b6a7feea042c3c7424a06ff172,1
0xc800f85d6662ca09ee053348b72ea9c0cdc6cc5b,1
0xc85408ddfa3ab48911d4c301a0b723d3151fcdfb,1
0xc89a6f00a7bb8d3418dc0c070bdb87a544b887f8,1
0xc8c303ab397aa4fab7423f1eef6bf0a1d0a2e132,1
0xc8d46eb7881975f9ae15216feeba2ff58e55803c,1
0xc8ece128e77dfe3a3bbd2c7d54101f2238f8b611,1
0xc91b306c7d0860d1708e63fe7715ba9c11403b4e,1
0xc9475635b74985f6a0733cca4d0caefff8746c74,1
0xc94a284808e31b9ef43f9c9a48933e5a268cff9e,1
0xcac47a6670be9d52abf76e897c8c77c17f67a173,1
0xcae7e26d7d18ae770b17ab1d69f8b3c2569899b7,1
0xcaf07631229bdf0751d90fb55f6bd9339ddb327c,1
0xcb14228737c6b38c0d060bf7cf5ff8f9090936fc,1
0xcb58cc50a91589baec2a6448d1af8cebee3cc02d,1
0xcba19876ee8225cc54a1b5b3dcc660b40d2dcd66,1
0xcc62151fadf3e1af2f1ecfdf48912b1d10b4a9a9,1
0xcc6c1d21e8474b3578e69eb036c712ab08ffdfbb,1
0xcc7e356a627f54a649e74bf403f7a05522d8a8e2,1
0xce719191f22db9498250f37672bf3f421bd42c41,1
0xcf803a49f6e37b92a4040e397b976939dc5d9841,1
0xd02d1718c2c62a5c152b27f86469b2bf2b436dc8,1
0xd04f0012e87d10204227e8a3a1ed07eb8caa142b,1
0xd05565220ac8c1942c7557c70435901e6c5ae61e,1
0xd0a71be52ee3f2f07aa5218c9c3658a50374d87c,1
0xd0f716638fd372a5ee3656b512eda6691907c3c4,1
0xd13c2691e0715efc6070f48242bf4317c84884f1,1
0xd1d2e6103f55db210af28d9127dc8afcf1f19bee,1
0xd235ed72cd243489a03e86805be4c0c23810ed9f,1
0xd2927a91570146218ed700566df516d67c5ecfab,1
0xd2e39bfe299634b4269cba0b273c0ba207128b4f,1
0xd3531aa9bc313b28a1950f9f67f83ba0bc1710b6,1
0xd3aefe3c531e3e2eb0689206e7d495843c943550,1
0xd3ff8ca90858abf26e7e8a61cff36a8c1363d2e3,1
0xd40b63bf04a44e43fbfe5784bcf22acaab34a180,1
0xd42d52b709829926531c64a32f2713b4dc8ea6f6,1
0xd431e6bbc9395d3264ac646c7cc32de906ea7edf,1
0xd46efae53c7a45f50d12819a24cf7a6945ee62c1,1
0xd578a6d0958537c39cd9d6599ab83ed7f410f93b,1
0xd66137be482891400688e17d56d7041af90421e3,1
0xd6cc8bf1a2bdf94be558a40b2a665a46c94211b6,1
0xd6f6e99c4905c6e8a751bb0afeefa8dcc56a30dc,1
0xd715d72e0798bcdd95bbe6205e34ab06286772f9,1
0xd7f04226e32e8916abfefdee83cd2dc18d4a0ad9,1
0xd7f47f4932f65c2bc1650e6f10218a0528543437,1
0xd80775766186ef44c73422fdf97d92701c27f70e,1
0xd8d46b002d797dae8b08c12feef73a82481fc4de,1
0xd8e6f1a00390fd45d5cac7d68519270d126de5ac,1
0xdb33aae45b47955c92c1071443a90931013e9611,1
0xdb5d157e6bbec1a0ed18f765a3c49e9922215cf2,1
0xdb8ff91c3c3327b0b7088b7f0976872588c4b907,1
0xdbac6e3bd90d23f50773303701bd28541c3a800f,1
0xdbcc6698d4686ee3fba49c2245072460594efe6e,1
0xdcaa90d9f3b75cda80764326f6594b58d0585d21,1
0xdd13a82f77a9b5a96b58b30c7462478f901caacb,1
0xdd2d31348acdef864309a9c535160e7fe914bb7d,1
0xdd4f50107feaaba3df18e069cff24b102c479caa,1
0xdd5d3ac28853613300438ec9f3af370b202a449a,1
0xdd6cf1796674c228e2b6b8439352f40f955c00fe,1
0xdd80db82cbd7cba1b3fbfcb89d5593eea4b0d343,1
0xdd8994fca8593fe233d1a447e654efb814d69a23,1
0xddd11dac91285d79ac08a67a76192908d6b4c471,1
0xddd3227cc48d04e5ea17e8b9def870c45160501e,1
0xddeaec88e4a183f5acc7d7cfd6f69e300bb6d455,1
0xde1a1a6f5984ef511bf6e855a42dde34a918dd7e,1
0xdec0d3e7ec06b177e237560f9aaa8b3ff97cd22a,1
0xdeda18b7ec8be16328484f76e92bc1e5a3809a92,1
0xe052113bd7d7700d623414a0a4585bcae754e9d5,1
0xe0e31366067277dde4a391cd5d77f43cdb9ffa6d,1
0xe1b3fed715d7787e4dd28426be5ec23759a051be,1
0xe1e2e153e785118fa7b50e93e6b8cf887f025bc7,1
0xe1efb2b35d832322f541e4a4f4dccafed5ee31d2,1
0xe25851dce325ce658537aef98048e1356a317688,1
0xe2e4f0f20d8d20a5bc9375e45e510a54b9918215,1
0xe337c9a04d371d9423eae361aac1831432527f1a,1
0xe3475bf2ceea9ed2560d5f68118b9547819fdecf,1
0xe359ab04cec41ac8c62bc5016c10c749c7de5480,1
0xe374d151148d87a92ff584e07d5f7cbfde19c92f,1
0xe38ada1fd757915a5b7458b828e00a7416cb8ed7,1
0xe3a800d68c0351ec9777e5ce6b885e5018552853,1
0xe3d4ab22184384ed3a72840a0ad000dc7e63510b,1
0xe46105bbda606babb797b343b21f930668e83c1d,1
0xe47231e1c690df1b3de04492bd06011e6f75a599,1
0xe4c8335467ce3b1854dd828f14bbb33aa4771818,1
0xe50afee4482e3805c65265748bd99293203f2728,1
0xe521a412e750151facb3819e1668258fd1193206,1
0xe53dd250854b5bd18d2cb9774a78a97ef70e2245,1
0xe566cfa2392bae941285e1e97325dc905cea9269,1
0xe5b0d354a016b783947f32698f5eb35f50843dd4,1
0xe6a9d0539fabe0fda237c3c4bafeae2042b06e67,1
0xe6dc0034edd9126da7e0c5a398d8e7dc71171fea,1
0xe6fd4d1363bf3f29ca78e249da293be31752b783,1
0xe719df4db253b598f1b64bb3c1c6325a1d31e98e,1
0xe78f56dbcb2f1187ec5091832a967fa0a872074e,1
0xe7cdd473fc582296c47cbd76f330335f2ea79fbe,1
0xe87a10d5b212d169ccbc9a50cf5e23dd3da27cb6,1
0xe908d46ef18ebba618bf23c7697d3d44bfd94091,1
0xe9a11e44d3e754ae95a121d0da789c73b3fdd602,1
0xe9c24df9f388666f5a1711c79cf4238e8bb0f46e,1
0xea57994eb2d110888905fbb9d90dc29a54d0ea3c,1
0xeaab59269bd1ba8522e8e5e0fe510f7aa4d47a09,1
0xeac59b1236ecfb974dc8ba2e5a988358fb8ff909,1
0xeb43b5597e3bde0b0c03ee6731ba7c0247e1581e,1
0xebc502908df2d0ac5e84cc20a0780bcb9456f8ec,1
0xebf1e107316715bd923387e76b65cb7c1adc6123,1
0xebfb711b1a42b51123aa3397eb372bbca11b4d97,1
0xebfc09c66b92e9b5d1b609767495c84f68cf27e1,1
0xec6fbb231d6d80dc18c9ae3bb64cfe0548ee7ec6,1
0xedd5b02c3d1d90abb1fc499d50a4a868e09eba9a,1
0xee2c055f7706b9dfcd98cd5a23d5629d6316c0bd,1
0xeea30c44be698c3fc7f07561ce7ca5639bd27fa5,1
0xeec2e8383ed2a2943658ab578d0b1376113a6299,1
0xefd8cc5a8f8ba4fdd230c60c9505c83a1d432f47,1
0xefdbf0f6033f9357f9acea2fbe88a0bb3189370a,1
0xefdfb22c09dad726371167f6650e5c54038301a4,1
0xf00f57d43edc752400816e3e704c3d7f61f72e5a,1
0xf058d7ef1a35a94539807a36ffd9e242a9a900ec,1
0xf09bda92aa2a4f34f7cca37f489c3fdce9ce6e9a,1
0xf1276bd94c0ef475e0741797aa19cbecffe115e4,1
0xf1b211973f515061234acfa6d978426498647463,1
0xf316c164092e06266540483f28f14eb490759edf,1
0xf412c54a8097fc73f2f281b50ddfcffe9b04cd3b,1
0xf4e551396246e1166d3e323f944b8a1ccae22134,1
0xf53c2e04f8e0a3e0fa237e7032bbae4d3b372953,1
0xf56562a7e747d58e31e9a1043d47ecbe4876c6dd,1
0xf570c9ad22c188dde5285504fc4a5b66bb68783f,1
0xf594cb8122a3c9baf0467f9ff3387cd730f6cd69,1
0xf599a05b4ea846a5afa1db274b508bb1ba1ddd93,1
0xf600ec227bb2b607507c12fc79cb4992642d1ed2,1
0xf711dbcddc05c4dfb0e90552f1986c46ab7f1217,1
0xf72d580a01163b6012ae7623df7621d75083913f,1
0xf85b6954c09ed4a1de4e8359924a97fa351ab95e,1
0xf86692d8ec450d18b5e6cd82a41fd41024ab0112,1
0xf8b951a394ab9226c9f35e6a04785a043256c564,1
0xf8db9ecd701bb77b0e88830437b34122a5b705a6,1
0xf930b0a0500d8f53b2e7efa4f7bcb5cc0c71067e,1
0xfa4dd396b6b13d3119e21fb5cff6ef33e6ed809f,1
0xfae825ee844cf43ff64f18fd0d2e7445083e8183,1
0xfb20ba83b12d48ed72957da404249f3a5b23cf74,1
0xfb9fc18028e4a89e3fba6d8931f522efd4c385b9,1
0xfbc409e8d366c8e35350207f25159f41457ce710,1
0xfcf5b7d05bae6a12b02dfb297ef8eb97eddc8f52,1
0xfd282d9f4d06c4bdc6a41af1ae920a0ad70d18a3,1
0xfd88e7c9948361f05a491ec7cee07cde385f0adf,1
0xfe0dad687399f50ae473d8028576e1451a53b518,1
0xfe3b3f0d64f354b69a5b40d02f714e69ca4b09bd,1
0xfef1f1e87818593485f18d20bf7af4f8aaf75628,1
