0x0007b9c4d506c6be7b4a3d454d078db5899172da,1
0x01805fa1d279434178e4dd73e848eaccd93d9778,1
0x01909d7ded4d972c0171f2d5a85424cd0250f9bd,1
0x02a24225ab381d5442f05b247f0558288b89c2be,1
0x03777bc796f13863644621acacfc18a052fc6a20,1
0x03f58f0cc44be4abc68b2df93c58514bb1196dc3,1
0x0412b93f98dcddd486859ef3163d1edb45fea3e5,1
0x04347c18218c11bc5a43c05a1bb024c831c43433,1
0x046cd19a339761c8f62ffa5c42023bc5e07e7c5c,1
0x04c54c28c7ea539a66166646d1a895d760f32fc9,1
0x04ecb5a1565aab40632698244a92119ca56367a4,1
0x06186e1bfb2309c3cbc9dfed039a45d7187bd6d1,1
0x07650e5c7bfcc3818de03bfe1f05179974d7e34d,1
0x0811eda9769c41a1a9510d1990b2738b27dc54c5,1
0x0a8825c03100e6cd1a82266729bf90f7fe71dc6d,1
0x0b75630a69e27fd44b06748cd6b5f59e52994994,1
0x0d47d2f2d53324d85cf4ab381f807a1f1f0653da,1
0x0da6883d1beb1f0d8e1e1a3eb5d369d64d102f68,1
0x0e7a408a775af29310970de51b59501e21eee87a,1
0x0f5ad36cf3bb8e98cc185e7385ba063fe4cb2018,1
0x0fc1e682f966e272599bcc53cf4f8622303aef0e,1
0x105d8f9b6b8586b89e73a595a1470aa55814d951,1
0x10ac96adabc52de2909da2b1b3cb6821830449ba,1
0x115f064602187027843e58016dd1e9af5789dfef,1
0x11ae370040f234d35fd205360a56e9af516178ce,1
0x11d3502407d152147ba2ca2cfe78fa8dc8e5ef70,1
0x11d7c4af8960cab1324893dd06be55b28580299c,1
0x13a7d2fb3f73b57ef539c35c4ec59ed49b1833ca,1
0x13cb497399225e9cab59f578b2cf378546cba3b3,1
0x1423d7ba74817a2617fa3e69b609a54e4daf6f79,1
0x15c7ade742ce5b722248292756aa3bfb078a3a81,1
0x166982a9d81641f2136b96f6088c1c9648056fbd,1
0x16ad0fe1a3b740316706506dee1f42b365364486,1
0x16c93ec97512832ba4244cc69527530d358db0e5,1
0x17124e15738b30d0abd345900f0a98049c6d55df,1
0x196ab3e637219ea9d2efdec0523006af0c1fc8f1,1
0x19a68e5a24ead474cdbd1e74864317cc7ac3afa1,1
0x1a962d6a95cea8060b1e9f55c5bc6622315c0108,1
0x1b5b34d20b994631fce946281bdee1d302b0b924,1
0x1cb65b78c71606090917e425dada70e976f28fc7,1
0x1f9724f3054d8f9fd28349067f796e1491d7d1c9,1
0x1ff2aa2beb5b6c33a56e97022f5760cb3195ff2e,1
0x20d40d87c0eab110330f8e95240f3af78acf3083,1
0x22bd04906e808196b19f7d10463fe463ed5f88cb,1
0x2383eb9a26e7d5aa70eb6c31e9c8c6fc5664061b,1
0x24a0435dd391a6962d8d99ce19f51f2b540412b5,1
0x24af52e99df6446831be2ab94e6db7add6a3b2f5,1
0x2618f923dd7797e1442ef0100992a21015b7c788,1
0x261b89e16244fa9a1288e75d06544992a7d63768,1
0x270e8014a75dfc51c54349e7ebed8363a5898425,1
0x271f2d33c88133878a9eaec8091de094c617013b,1
0x298b8bd664349c6f86d2d4c36c81336eeeaf41a0,1
0x29a8fcdbe61302b42b05da77c7db2ef21ff630ca,1
0x29ffebd73dd219b601ba99888bb5d16d58eef222,1
0x2a005cc6630049a058cb47f255046ac65ff5504a,1
0x2a193f2d2095341861b991cd6fd22ec1e9b9507c,1
0x2a40e8eb5ce03cc5327f8326040781cdb8e36b16,1
0x2a9e00633cb57a567eb72ba09e9adb2334c97487,1
0x2b85b841b85fe6bf05e1a41330fe13882ed1f286,1
0x2d3e2776404cee093599d429257b6b42b14912d6,1
0x2df11633fcd026e6d57a29ac401750befef26562,1
0x2fb150e4da26c7b34c50660207d09367480a77a1,1
0x303095f338b59b9bd275064bdac974206f01be9d,1
0x30559da92dcaf2786afcc71541b46dd292d274b5,1
0x30b399b1900e1e2c33bdc08f0544efb15ae253d0,1
0x31aa460581818874cfb238df4800e91498ac28c0,1
0x323e6bc721bf81a5292a9c91accdb4315c3f1ec6,1
0x3263eccdfdb1ccccf51f02806fc013f3b725bf89,1
0x329debe3c5ac91dee9d58ee637a915471ed02679,1
0x32aaeee01a1bd496c57fc448947ad8136c6f4565,1
0x3368b4733a4552b38b7d81c215d88cac4c78d8e5,1
0x33fa380088a9bcafd0b2dbfc40cdefd60515329f,1
0x34ef24d450c5a4a339f2c4c89c8a3161228584a7,1
0x36baef820b43bed7011c6bedc609c0a6a0d499a2,1
0x38dff25a32d7281d2dc463a2a0f41af22ad034d4,1
0x38f1dfdcaf2f0d70c29d4af6a4aa9e920efe8b18,1
0x390ee2f50ce16972e3ffc8ef2a0b47e500f5ca46,1
0x3929eff8e0feb3166992942d8b9030d95646c3ce,1
0x3a0b2bff978d3ce69caff9fdb9095bb513ea4d24,1
0x3a8a9caf13b05159569f829377ce151a2edc8fb8,1
0x3aaa53cf7ce5ec1d6ee2bef8dc9d473a4364614b,1
0x3ac61447a75149ba67639100ecc92c76fb20941c,1
0x3b0aa499cc6acde1d4a7433da6968d7bb8bd8509,1
0x3ccb86a565daa86d1613a634dd16663779bbd63f,1
0x3d4568c59adfe6a045ac68f00df27e19a61c2a5f,1
0x3dcff084bd2d9c14e45fa28b61775420dc712080,1
0x408388219cba8fd7eec20865fdbf7786f4cfd145,1
0x40bdff7ef927be9ab215e3667dcff3494dcf56df,1
0x419090a6ebfa48e2b0be7118c5b8ab643808e710,1
0x41ef42bb9cb016deeb25d7ca99cfa2f464e3863f,1
0x425c9d1396c60e3235b48b68a642fa9ee4e07d77,1
0x42814cfb08b3a1f9fedd618d35e4e2a156b4488b,1
0x42d6977c0e0596dfc681afc637cfa53e48301488,1
0x43022fb8cd87f7fe5b9cf7d646a5680afdd108bb,1
0x439bde89bf67de2c3beca46e9683e4d738bc6221,1
0x4403c07105ac47e02490792ebae235ffcfe14b31,1
0x447646610380ce8e11e4edb0e1eba238cdb2e18c,1
0x44c2079fe6c6e331c276e1a60a40a8c4e48ed0bd,1
0x45742d640011084bccd9cbc55dfe15671f694aca,1
0x465d46e45ab8868035829ac53cc2c25a578aad13,1
0x4661e47f96883c3e3bddd8fdd8dd56a14648738f,1
0x46ddfb43370dc8611e834dbdbe43e8164fbd6001,1
0x4738c97a2752b2fc171659e46103c36110466673,1
0x4762b5ac03fc097a500b48cfefffc027e8b37227,1
0x47ded080a4ef933e96e357d468363a8a0cac03f0,1
0x49bd3fdd5fdf30124dd77c137b178de74fe8649b,1
0x49d0e33e576d637d5b0148f241ee3cea1b8fb531,1
0x4a1a329b1642676a09930f20d1d3a164a18387bb,1
0x4bb87fd811c5c5719222c2c88153266b3001482f,1
0x4c394af636861334af33b9f76ca15f2686c383b8,1
0x4dd7f16dea28f8e68201549dbf0df2e504a36494,1
0x4df9c44e40d1bea726002fd6d45962908beebd28,1
0x4ea033bd2b7caa2ea03cb5b87e98bc5a339f302a,1
0x4eb8a34d631cbf724a48d5701b57bad24c1e4779,1
0x4fc3b50ab3c30d294ab2ab8b06bd178c54157a6e,1
0x534e920f195732d77266e9b903829e13b3993164,1
0x53be4c1a0c36de8601073962fa53c2255cf29450,1
0x554de79a001002a2d71ee48aa7c17faf298f2ddb,1
0x55dece5aae34a50840259d2d7a2da363bf54f512,1
0x573bc03f18f41b200b949a973d67b453a7ef11a4,1
0x5794f7de490ea3f193ca8b60373db91a86fda811,1
0x57c4c97004a2a65fdb030fc39459dd29c7ed5675,1
0x5816d8339eca3d45ac4e7a9a157cb1bd16862fd7,1
0x58f606e6a973e57165bb07057a75f047f42455a7,1
0x5972a0b205881659aa8cbf287fca3f3bdfd33e36,1
0x5a04ad067b3a022bbc03dd49f105d462b6bbc1ff,1
0x5a8116f07937394e6ac2a51995ab6a054c08bf9e,1
0x5a813532385cf4519de1592f3cda28a3a885fb63,1
0x5b1022d859a46f42fcf24bcd8f5ab616e52b4800,1
0x5c087d45f975cb190a33a40f130c9d4bbf0a3ae8,1
0x5c721340b4f9d98fdd6fc57ac6fbb4b468cf0b6d,1
0x5ce5a4f93dcbe313b12f521b5cd46b26dc253c6b,1
0x5e7b14fa1bea3c0b4b485beb3a3fb837b0adbd6b,1
0x5f23bf4d66ff4ea4e4c888ea9ef13404fbeb7b49,1
0x5fc33d1ad1a0ecef11eb5cbcd7c30cdf3badbc64,1
0x60eaaa669c70166dc7504a860353161cf525da0b,1
0x61cd60bff6f2fcbfff26f12d71be2b83e0049ef3,1
0x61f9dc3a073f06a5c70cd48c7a85ea4203087c9d,1
0x63bd415fc10ce71af0fdd807d575fb7a42052117,1
0x64d18532f07855920ab624de8d2a8a365f365e5b,1
0x656f6595a0c8a5c4e5d6b193228aacfd7cf55c47,1
0x658884c6be7a46cc14229c7646a57c9e049f4a6a,1
0x66ff8f288c413e61c8ee807088ce301c03076e6e,1
0x6948108b463d5ee9c1cf6626502accea8fd47b7d,1
0x69b851bd6e7c164ad61020f14fa9914e380f4aa7,1
0x6b88ccacf59e2bd4df9481c0c90d89936c9ad021,1
0x6bb32af5c18d4505c29bb390828c072b7cf47f10,1
0x6c0426ccb743145755049edb54ebeabd1f31670a,1
0x6c6e93874216112ef12a0d04e2679ecc6c3625cc,1
0x6cfc02facaa3db1ee637ba5a30221775f1fce065,1
0x6d24feb9195bb9407ca31002fea7e88d6ad2b6f6,1
0x703daf8e0b424420004190c3082441e52b7ecd4c,1
0x70ff537a22312615a16e1ffef022c6b49b86d0ea,1
0x71a7702ff3d858a0853a918fb44c537740a8bde9,1
0x72ab6547ee820299d843f38147d017ca817b4a6f,1
0x72eb30d3ca53f5e839325e2eacf535e70a9e6987,1
0x7304689aac83c3b236332b0c233878f1819ca89d,1
0x734b5ce55f0e08ba02d1956eef689d20fbdcd4df,1
0x738eb7a178286ece763f125537f6916dd3f43709,1
0x751c2d719a2ac1161611d8e4afaa9dba50aeecff,1
0x762da606029d3120735aa1eec15464e265db7a3c,1
0x778e3b5ab41f6fa20bb5812fc1ef5929bcbc422a,1
0x77dad28f302ebd245f15480be38037197cc4135d,1
0x78b2f3245050e8cc808a4e8682509583e8280d30,1
0x79137d62f126836f96fed0fe044c7c0023f6cd15,1
0x791fad8329a0a56e2ce98380d6d6fda3302337da,1
0x798fb342208c8e094413d7412d10336ba474c905,1
0x79c0aff8061a34798bf79fe85538efbfe0603ce5,1
0x7a832d1984a7b1d53418bee78a50a876285b1b32,1
0x7c5de7cec42945990c0054a1ceca4fbca6ec3dd6,1
0x7d055494701e93173a766beb3ba6fd2f9b923d89,1
0x7e3cdbbc82edd873f1cb9aa0ed45062fc6a5dbf6,1
0x7e76134ae5d8c226a22c9bd889933ed6944ee2e8,1
0x7eca4f3d197da34c5761fc707326ef29935bc4d3,1
0x7edec938f79748539413d638e6cff66dbed0bbe7,1
0x7f4679ed286cb37e5925d6ea4e5f75a1bf39df87,1
0x7f7a01103cdd4be0e594c1e78d2dbd2cf13362d0,1
0x801ac1049467293c3d8564a039c63eb133757e82,1
0x8083b7d599d5a30dc0afa2b7b60515cfd5ca8110,1
0x809e815596abeb3764abf81be2dc39fbbacc9949,1
0x814757b1515bb6e07f66eeb4feb0e922abaddd97,1
0x834c771e04770b1f54fe13d258e5a640d78fba29,1
0x83bde1523a8311482e4f5e59e3170ddaa0445ec2,1
0x840f5d0fa8ac1f000287dfe54c97d4e76b058ef1,1
0x8715dcbf7394a4e6ad98ac5d112e7fb6c3ea9f70,1
0x882530826b5e11a6954bced842f196fb6de59443,1
0x89018aa86f8f535951802126f30496eeecd5b358,1
0x890be1fb49f86938100b687c0bedf6322e530894,1
0x8999020b433a0ac8efdbfe49ef03855aef262eba,1
0x8a8035f056af830b7205c58c1dc037f826fc2b92,1
0x8e244e89b3589f798424d5ed6c6b7397a9aa0688,1
0x8e8d647440fb97f214be7b610ef916be0948375a,1
0x900b24b5651f53820cbd09bf1ac231038f6254ef,1
0x909d7745f61afa75540cc26cdd7032582a1d85b5,1
0x919c8e97a5fc9b5a8d61551c51513bd64545ed07,1
0x91cb1ff4322559a5c5c67dba075ab081c255ba1f,1
0x942dfb0c7e87fb5f07e25ec7ff805e7f973cf929,1
0x951360e606587ab33ebcad952593b2fc99d68c3a,1
0x964fcbe3896a42db2045479724d1994380feeb56,1
0x970bb85b997af2369b4be78e703e552d4d0d7158,1
0x978354196b348efbe5c2b89a46ddf13030ff121b,1
0x98a11c376e6e9c1aa5cd28d51227ce6283976596,1
0x98e35ed59bc63fcf01d48bd7620e8dce34e27e7e,1
0x994d0c5e289c9750849b916cd4961e1e7ddb451e,1
0x99581599e8823ee9130380281478e729e926353f,1
0x9980db65004727f5ca68e57c616a3cd0db39b5b4,1
0x99d7be449d280379802588554734fc521f891f39,1
0x99d8d9a3c90b94b8a09c9292615e086b22ef4fd5,1
0x9acd7f6ea20e666ca24406d910de71f83b7f5438,1
0x9af7edc48bc8db5e4afd3af95df143ea29e2e2d6,1
0x9b08042e20dc4e883c41e89813be918d6729099a,1
0x9b0da6499d6ea156c2fbca0f2104d42b7f8f2f88,1
0x9c0031fe523e9f080b51bb18920c7be46d173046,1
0x9c3bd9dc1569379c926a11c4153063fcd152fc07,1
0x9da8b8fe7d972f1c4b4d3824021f9e6abcb51f6d,1
0x9e8c9180c52d4779bdf2b9f728d37bf81e9454e4,1
0x9f0b6b9fcc29037e83c0465c1308f0d0eda2e8f8,1
0xa0ba93e067cbd590e308461ec70993bda100315c,1
0xa1ce3d8e2c7607cc04fbcfd282ab2bf046ce8e98,1
0xa222204acf1be4077d34102fab38a759060b77c2,1
0xa28fd178c686beebd6818d6772e56f6e7a6ff5cc,1
0xa31b444f2cfd111d16d61335247e66bc491c9039,1
0xa33e5e1ccf57c0caf78ae399061f270dd24ffcdf,1
0xa3ec0ea98a1a12c56a75e214a8972809e7594362,1
0xa46664ba7222221475146c6710c812741a6c8bf5,1
0xa530f7739413e787c205233658185edc1e68c25e,1
0xa693fe70a4180c29d0ea522dbd4833dced5fb94a,1
0xa6be6842b0f0ae6e8b3c773f5893b91a01871615,1
0xa7071299be9de85a7ac0c170e7f129856b7adc9f,1
0xa73b66af2ee0c0e2c7c6392ed6352ad0d3b05e33,1
0xa7aa4b444a75f6df5fcae6e563755b14cf573728,1
0xa82b6ad343205d37a5271f55411f02d2d5208b9e,1
0xaad08fea58a5822a076bba2f562f4be5e7db6f41,1
0xaadf5e8b700a15880a2d7f0eb0129955cd3118bc,1
0xabb89dd8d2ecb0b872811a80b9ea8fb9b45562b3,1
0xabd9b21ab5a69e5ba7fb166567211bfc9e602315,1
0xacaf5248d299279b2dbe1b68aa5eb2d74624abc3,1
0xad119a5520aab0664859a847b8117da7aea55948,1
0xad5bd06f5fb4633888ac7506ec0c87eb99998653,1
0xadb1ece7e393132c4a8cfa86a291b039109c4142,1
0xadee5ee18e77ccee0717b707d28d589292b65c9c,1
0xae72c6a6fad9fa9d82d089e1ebf73b3043855425,1
0xae78f07e15cfd1fb9fed5b7156708271188ad620,1
0xae88f6a642bcdc56169ef1cc3d2a1b8215935348,1
0xae92ac902fb7937f652dcec459424b122747a86c,1
0xb3201b7aa5818259513e3b0911a643d8e87be2c8,1
0xb81e6bf02ecf2dee200b46b3b25dac34fc7ed54d,1
0xb8b86f77a34d5679daa6df4ae830294c6e108b88,1
0xb955193b05aa57b2f568d110c24ba80dbec7da65,1
0xbd3a5d12af9fd82fb927fd26216e4dc2722d2337,1
0xbdc3e5b342b78bae722b86a6d442b92701dc7ddd,1
0xbdddfb2ff21efcc00a2ca5a7d1fdc5798c98f07b,1
0xc00d315682a2173a6e13469027b83f02d86632f1,1
0xc1003fd0f7126333ace9772f6dee41f0e9d21205,1
0xc1a3cc1dbb944139ae91b349fa75e14101b10eef,1
0xc1cf83f7c006cc8f50e62eec470c704f05cd7e29,1
0xc371b423480d0d0bcc7773a68e7a47f50298c7d4,1
0xc41dec3cf3a042a3684be9279d5067ab9d813033,1
0xc7a8ba1b471ef355c897d1c3555c4e940e317133,1
0xc7b57729663ddd90a05af66b42e9d4f71448f099,1
0xc974d92be2ac93fcb434dfe019be0121a5668ef8,1
0xca50cc37abaa58d19e3a23ccb086f17f8384cb3c,1
0xcb3a94b74cc564f97022230a0c42817931653b08,1
0xcbe9be4f72c2992e6fbb7c50639aa944f2ea2cb9,1
0xcbf6a2f2b068dcd6e686b0f90dc3c24fd9739e36,1
0xcc5943ae36253dcef05815eab1bebc6a6b3253cb,1
0xcdec862959d58d31958c15c171c4437ad9e6c711,1
0xce013eb11d874c8fa60ec9007626e154f33ef2c1,1
0xce3d3fbb42d4e960f9cb068c3a65242a269feea5,1
0xced183f3efe63c054f36bc2d701cfe4631e61f1a,1
0xcf0d5e13fb1f015d66b5878857e0274e27932153,1
0xcf8fd84b9074fc741e8b797009284f1361016f6c,1
0xcfc2729173d1ef8d25050c76b84ec5af1fe7bd44,1
0xd03d0b1bebe7ec88b16297f229f7362b7420585c,1
0xd05d20eb7ced9b62ad242c987a3a2bc7e3011b1f,1
0xd0b643edaa2be4aba13db18cb3e3d608cf567f61,1
0xd458f62925b3e135680626a0f520098972f93fe9,1
0xd55ca002c8ac7d73b8423696ed55f8f40652914a,1
0xd614f79b1b01d42bed92eb05b58f973be9a3dd3d,1
0xd6eb449e39a260dd2c17d08147482e43ed770e53,1
0xd7539be6aaf5fd4f462fb19296ca3015e6c9cd63,1
0xd764f692dae9747e67f463636120f743a564e346,1
0xd8216dc438796240973e4d8c821bbb58a613205e,1
0xd826aa5f8880f0ace6bb0fc70d4e1220c71f3dee,1
0xd8c2cea4b41479fae6b64519e5b0efaf5fea4ff5,1
0xd9c6c5d2d625f6370ce0da78da7847d3f436fb03,1
0xd9e3a4199b6c1d5ed60150a36ebec51def695ed7,1
0xda47a6b9ec624f9d8cfe1db6423a26cbebc1246d,1
0xdcd50efb4ccdc9c409b4a4d8eb919ed301c86abe,1
0xdf75365217cc3e75e7be6a234153e98efc75e723,1
0xdfe9def041c0a05d3de86d24adaa8f9a31cd0118,1
0xdff6b88d0372d71288103f3ac0a91a211a413794,1
0xe07516eb36d52528eb466b41d5166de05c773dfb,1
0xe14b40c23f0974550e810841ab9cf5b1b378748d,1
0xe1c35e6cbbb0175af3ff0c823a1c6a8ea54b4fda,1
0xe33fc4b9359dd24d18085621767da4ef8e6fd138,1
0xe3cbab0b6e9567c4685b26e3996b2a485aa30695,1
0xe4016ed970cf5e8841b56405556378c628868a3b,1
0xe85f832d9f551cf445a6e8ceaaee73ef88a340d6,1
0xe895eb79ff949f4ee735c0a98aa131fdd4820ecc,1
0xe911dddbf0db120809ea67e290ecb9fd49135b01,1
0xe95e4c20b70aeeff43469933d46acc2aa3e6acf4,1
0xe985696a7e48496ebd07cec064b2a965c2d3ce1d,1
0xe9f595099f1260eb723a5447bbc53ac9fd11cf4f,1
0xea310c966d3ff5e09c65487f1763b21361eb71ef,1
0xeccebb164c0e70f8ad52d77e992c31871cfdcf77,1
0xef8b82c923ccaea5bc555ac6a5b4d1cddd46d686,1
0xf06bed3f0dad7932d8d00fe48c36751f5c10be23,1
0xf1380d5c5735c2c1195fe43e7f7bf696dc440051,1
0xf159dc86d3989f76e3ee343bb30e672bc081bb88,1
0xf3c1712b56be85c334830e1c68016aeca26dd43a,1
0xf511d47077e4090402426c90d0de5274f0f96b1a,1
0xf59e1cfe7780c2a512be24d49834943318753e92,1
0xf69ae10193aeb88cdeb5f6e4cc92cc350c990b5e,1
0xf70ebfd828b993e2863670530c2ec62c049f37ad,1
0xf814a8e1607aa1d1a33f42a4c9b3b67eadce45bd,1
0xf84fb8403f2a321f89d8c18d3a9629320263514c,1
0xfa756a92973b1bbbee9df4b2ea3dae2e5891d424,1
0xfa7aa0a1c778a7933a632245445ed11e352355f9,1
0xfb3df26810b5f41172731ee406c2ad577d5c8a5a,1
0xfbc76261fd55cf91b81a97dbcc2b3f6118f2b935,1
0xfd067a330af3e78468c36cced4ea8877b3fec7d3,1
0xfdcd7184142909f30713693fe6f7e014b91f7815,1
0xfea49124b05b61337dc0aa7e1af316ef0da24d3a,1
0xfedea86ebec8dde40a2ddd1d156350c62c6697e4,1
0xff13f9b23a16a82c3ccdd29ece6af667eeb15834,1
