0x06d643b9ee73de07ade8b5c9fd520fa2aa28262a,1
0x0af5cfecd1b1be7cd808bf466470db20cb65c51d,1
0x0b7576a64a0f4b4924d55ed328ede4979446521b,1
0x0f0ef9408ca5b0dc364ff5921bf544c811e9c94e,1
0x10156766f659fa455b89410579185bb29a90eb9e,1
0x15bd2cbaa3e06b4fe9c1f7938521c63a42fe5328,1
0x1bf83e708a446190c37d81621613a2b37eaab180,1
0x231e0412148ac123c29c99ee2ef32c5e1b727977,1
0x23be5fba1ba9c07ee676250040db99474da72997,1
0x263da73598db8ecfedeb2ff17b5f12173c929929,1
0x27629bf330aeb8ae9ef2ebe7b148e97b5dc6c035,1
0x28b8906d06784d25557b6b6d9705455b265809b3,1
0x28b91b119f139a18b5688f6327c4c4eb839ed644,1
0x3a4c7ac6873316e2c62a168150c49362ea4a77f5,1
0x3ad3030e9623e9e09ae21cd0632aaa62446a5c97,1
0x3d5296326f1d61afb52f01eeb931a0d329e24b36,1
0x3d5cd234a502a18cd6d65432259ce0772c1238f2,1
0x48d26fbd89dda10c72cd8dc7b82b9eee0af6b48d,1
0x4c29a17253d5f5f0acbabbe2117478ec6204a2d9,1
0x53314ed80d217744eaa3cfa13fea6692d08627ac,1
0x53817bb6513f1f43dc932480ffa928b85a588001,1
0x546aa1022b9840d3e1b2c89b3c679093a476fc0f,1
0x54dcb363205d953d620809cd315640cc36b679e4,1
0x5881f3b480f5625a65847f42b5f4df9b530c6453,1
0x596558fd287175afa7ff695f565f65e38547b0e6,1
0x5d15989394195207534a9ecbf582d712a2d2ebe8,1
0x5df6dd99718f32ae362b41e78b7bbf66ebccc179,1
0x66567f4ec7743e58713f44f083da3de78a52556a,1
0x6facad44e126f2cacde44a0b2b85ce1b643495d1,1
0x7ca83da48606cbfbbf12af0294dfb7433c0393ea,1
0x80b389d7f56915f496a1b88e38f19a65516cf49d,1
0x83bda4c6d6238ff9d6bb955344e6849ac1ff21a4,1
0x8488f78d943cf6b5e1231c5370fed186ba7a3044,1
0x853c69418605529a68907aaf7789270e3cf69d97,1
0x87d8dcef48c9632e87de450e55941d68db0b1463,1
0x8b5ac0ed13a1cd4aefa2a22284ebf92d067a078d,1
0x8cb439e29790550d7774fa076d7940b1d7842412,1
0x8f3a658a9736530e89c242ef572d7198cfd540ea,1
0x944756efc704ca4e60960d4b8d741e85df216995,1
0x97da0a74230cae791eeea9a768a39947ec152ea8,1
0x9ff3d60cef60e835f142ce5e13a180c70ac89549,1
0xa1168968174d3a4f2b6666051800115d86fdc235,1
0xa12f331e927de32c3516982a21407e676dbd5e92,1
0xa4766aa40e3f8c0e5f4d95be05a222a574f98f10,1
0xa73bd72b4bf7875d4b4d53581bef3e0eadcd051b,1
0xab0e2f3c3c29deaa7c3ca0dacec97a33d5c26708,1
0xaf12a9af19331fa9b89915537ce9d41bce5e4c5d,1
0xb23be5baef9983a1c72d186774b537d95c5d218f,1
0xb2a31c6e088235ee6e279f69dcf8b7233d3543dd,1
0xb6461bf5223dfe357745895ef4473024e9dc2e20,1
0xb8257f4f9e8bac4206ea02d3dbb3a09422e42d75,1
0xbe527aa383c9979d0133d27b8ea1c43b694d6f9a,1
0xbe58a1b85d11e2083bb7c5766284ed7848448d1d,1
0xc2d9eb979f4679adc0a4328ac5caa096a03f18c3,1
0xc59495774c3af7adb580381aa7ca5b3cc3f3888d,1
0xc7382780c13d05fa6ed857fda3fef3d1b9e0e00d,1
0xca04e939a0ac0626c4a4299735e353e8dc5ef3ec,1
0xcd76da10cacec513822cbdbaf9044682dc8d4fa4,1
0xd63dc86e7fdbe5923481b96beb2a5a79119e51e7,1
0xd640c898b0902bd02f69de0fe8d0bd560956db76,1
0xda39876a118f1690e584351dd01b785a8f1297ed,1
0xdfefbc7c5f2ec0313734eca58bc1fb17210bd34b,1
0xe2880a450f9c565e01a91e83cbdce2b695b7bc18,1
0xe63586f0ebe319d338b60487243021be9bc596d0,1
0xedd1f30d69898e4cb710cfb47c6114d31e6fed06,1
0xf837203e4fa9c139e41ff3241c434411930c1081,1
0xf9e3f1e067e36d8766b53a2a2fd0fa0ebd08e210,1
0xfa766f029e703d341cc5386b9a4cf4d52be3b6a3,1
0xfd0da64406a3e52b0eafff28bbc46baf86205e13,1
