0x01e8e9927d7c6b71671865f05783c8cbe04cc559,1
0x03024d05b1aea10b64ff3af1fed6a3df9adeebb7,1
0x036aeaa55ba6cf87984a5f0a467b21c63b9bf9d1,1
0x039649f7c2f548692184da3fedf316f58e8356c0,1
0x03f4cb9e297ea659f30e09341ee7155a7d136398,1
0x06fa75bfaa972845e7d78a6d928357f15a341d6e,1
0x078cc4caa131eb9d6d3e31847946d5f37fd3f58b,1
0x09b2f0988b6d24336b348c84c2764d2b4f85142f,1
0x0c76717074a973f3f6e3d422166c999483f6c7fd,1
0x0ce6a432eaf0fa856a7c774170999db207748240,1
0x0d08c74268c1260d9b50175c41738e1a45819700,1
0x0d69a096b2c66310309f0ead1d6c97c4dfe87086,1
0x0da4438a9cc8d41fe9c0c6efd302a173ed967da7,1
0x0db7b27b7a3ea8035d3f66f3ba7532221ef06abe,1
0x0e81a8a496f9cb7e1d29382e91f06a6f7416cb9a,1
0x118d6f5d61a9d881d452510f29c703abe9d80cdc,1
0x11924c505ecab6a2434bdfe94bc0ff1ca081facb,1
0x156db724902f03f3986f6adfdc38f7696e4d5111,1
0x159e5998669ec6628a6b670c2ef1ddbd93084698,1
0x18412b9f84df461bdc0f2e0709df507d5bdb6363,1
0x195f2cd867c1c02ae6e61a14ec53f5f01b440edc,1
0x197fe3ee16556577180f6578050802106e8bc446,1
0x19e3775d47d63e1802577aec70189e7e3d6ac17b,1
0x1bb6dc39ebc757db05557d00b16c28a753a20558,1
0x1c172d05b75178fc669d74407243cc932030f139,1
0x1cb89e486db5774ba084f683796286848df489d0,1
0x1d522bd33cdd1f60be71b0b7b2efe4e9f20a5263,1
0x1e7ba17cc3f031a0c5795739317f6b2022ca39f5,1
0x1ecded4519a9688ef4bfb5f15811c52f048ba1a6,1
0x20aa168e6c793646f60737399c8466dd643d4281,1
0x22418183c90741bab6606c0e0d240ae6c3a148f0,1
0x235ef6f6bcc455bb284ebefca68754c030bdc1ad,1
0x2380ca49ed8e933c97905977763693e5cf8770f4,1
0x2595aaffb353e812bb5cbb63f7f62e36fe528f02,1
0x271c6f480aeb26672b915a7b33159ce8f1e97fd3,1
0x28cf5d9d465dfaf5c616958ef8b23dbee567e2b7,1
0x2924196a2ec71ea4ae1b1357381eccdcee6c18f2,1
0x2c23b2ea134c3dd6d9a48676a9a41c6ade71adfc,1
0x2da903666829f302b0501f76144339213259c260,1
0x2db1307f1487c2586473f570ef6832d6873a0053,1
0x2ee5fc834903186949c75e0dc10ec245397bf1fa,1
0x2f1390ec03a03e57a1406bdef57c9cf487f62b78,1
0x2fb24b1021e51fa23db91a9b995000181fda0963,1
0x30b33f902981b5e567d3bb1a3cc847b35f626609,1
0x317c32ca0309bb8a1f9d8a3e2836544f233c841e,1
0x325d12fe8bce0f969f879679275adccfe8ba0605,1
0x32e263cb9003f7fef329080bdcbc82f5cfd6c02f,1
0x3368b4733a4552b38b7d81c215d88cac4c78d8e5,1
0x3472ef70e0d641b2ca48209462d7bf18668e2584,1
0x348d43bd8daeb9f13611d5f0838225e6a9d89bd0,1
0x34e03545e5527f54243ce5a4f88ebb202efb0ae3,1
0x35f4bbcc8490671edf37877684f5aaadfa4235f7,1
0x36d89738405a8325b7c560cab2dd1b88565effd3,1
0x36ed861a319278e5b6c39028884b0ca93df105d0,1
0x36eebc48da111b14b010a97abecf8bb68d10095c,1
0x389458f93e387fc568ca4568c231a64ffd0456d2,1
0x38d779b6dc61acdf864cd289f3594ad05088df95,1
0x3a0c596a40bbbb558d86b0f692884aadf1dbf20d,1
0x3ac61447a75149ba67639100ecc92c76fb20941c,1
0x3dbc93aecd50e485ecd2dd6dbe73d1ec19a4d839,1
0x41e9e61a699a85daf12dadebbb7e6e517bee6b54,1
0x43b9778940c53abf2ca96ba900ff181ec09d7fcc,1
0x44b4d430e7c56e4ca04c5799e561063ccc1f1df2,1
0x455ce1afc1403b728789b4a8c5aa512600b668d8,1
0x4581c619ae0556b774f71adab6831a86da1aef17,1
0x4c8a8c3fcf77f37101d25930e7a086b4e0ec45ce,1
0x4e1829da30cd7ae2f3e9915cb8c9f3f203ac7d83,1
0x4e3cc03eb2be6122f2316b84d1c7edb900e90dba,1
0x4e61548d94c8649ebfc2f5f54d2272fcbc687bf2,1
0x5022cf478c7124d508ab4a304946cb4fa3d9c39e,1
0x50a9f0f42ecde1df805b1ba6e885881accef049e,1
0x50f8c08b0124092e1001b355f4b8ae2df85f715c,1
0x52690f90740621f89f58521433e9b0921d626708,1
0x53b2da71db2e266882a465d9aeeaae3e8beeb9ee,1
0x53b63171833cd77425ba9f3300ae0113ce64985d,1
0x53edcefe31da6a0051df17ad80e19ff93c490b17,1
0x5458c15ff220bf75b92a76229fae88f93df9c6c6,1
0x55bae3706b678ee2d5a6d6d2faec8a41854aaf9a,1
0x56517e41ef464db3753ecfdd2dbcdd2f045b573c,1
0x5b8ed97b1e85ea4e5e96c3a6e00b0835b087fce5,1
0x5c9e2a6fec34b510996a8e2a3d1e2c47a382a8b9,1
0x5d20e6c0db887b5c3281edfce5bb7677565e2b8f,1
0x5d89737e854c860d25e106c498c6dca0b516ed7a,1
0x5eefc3ae27be1483ad6b864b45ed72fc39e6bb6c,1
0x632734882ed0127fbdf2666478df42aa916bdc84,1
0x641cb2098a7003cf829c7069cf3316c4c54bac60,1
0x64f7de90dc79d775703bbec66a1591c7a26a22f0,1
0x6576a26763cefa8f37005c067f7902960dec6b8e,1
0x665654f2d2a151be2d0f8e3697e6ce780f732af2,1
0x67a90218cc5fc1adde45ad27a257f268023b2ecb,1
0x6bae54650c0d17f4aee76839a7d319dc5060d6b0,1
0x6d8dec3fd68d94a7189a98346ea52b4d32e00012,1
0x6d8e6b20d4c132276b0855179214bd2606c9c6bd,1
0x6e1510ed41ba743344e9ba80646194351cca0c7f,1
0x6e5632d334b861dfe4312c7ba34e175b60be0b5a,1
0x6ecb6038d923606b3540c4c6ac267c73ab7fa3c5,1
0x6f113b0c8c7266d7514e4986e3d6aaf013b6754f,1
0x70814fb113d5b2b22902b568b67ebef657d9d66d,1
0x72f315c115408afd9240c5be0946c8ebf7261fb1,1
0x73bcb8c5e30bf85806aade7fc36f16c6b80fd3b9,1
0x765718a8e4a5562be34b122af259ce5a71372e12,1
0x76d01054ff91afc2d515f7fea9a3e3313e248615,1
0x77acac99ac831a1574b9db4d15299e98e195e6ae,1
0x7f1796071eb91aebda10a03115fa3cd95efdb25f,1
0x81590c16b9d1495d133cf881acf5cc0b56730b74,1
0x832834fc5b0b35ffd4cf697c4ec08815ad8d6a52,1
0x834a9484537c2760ef6d6e6736d1ea800d67966c,1
0x848f8b6c67f4197a53ae3869d3200fac175a00af,1
0x85603a042455d2f36f3ec52c1c756344aa70c5ef,1
0x85914d049aa004d037cae65bad275ed4147f172e,1
0x8668681d2017c2322d7ba37070a8ea223ef3729c,1
0x8856dcf8d1f9be083a25251b0149ad74f971b806,1
0x886478d3cf9581b624cb35b5446693fc8a58b787,1
0x88ccdfe9dd047b4cec4c1102d2d803e2d8bf683e,1
0x8bc3757a675be4c2e459813769992ec2c60baaaf,1
0x8c4138dcead987bb50929ecfbeb39ef3e28b4c76,1
0x8ccb07293755004942f4451aeba897db44631061,1
0x91e8be20d0dfb2293b97317e906223c1fa833a48,1
0x92c75284b0d863165a8b33e212f02ffeecb2853e,1
0x93ab3c4e6daa20b2b7ea65754a8c11311fbdba38,1
0x954d65e5310607e12f93f6156de92cd37ffcae8e,1
0x95d41776812c6ca222dd5fdea56c065b55ff7655,1
0x9617562c6f338ed18e2e8e88cbbffce6003bae0e,1
0x96de627be6262ad2e19553824aad1af6ba1ebe9b,1
0x982d3c5223f6b5794fccb3208eb164d042cf2526,1
0x993220d8cc0e48e7b88c96ec7f37cc3b6e6009ce,1
0x9d45c8492f94687ec1317ee81e2b8647af5a1759,1
0x9ea50708e47a237182a56c481a4d11dd021b7ec2,1
0x9eb69d42dc42c0b20bc93caf1a15a92afa5c4569,1
0x9f432a2964351a7830bd9ea10f65107677d73e04,1
0x9fc80955aee9e3eb8c511a50a72b7e589700ffd6,1
0x9feba45425c51b03890604d6ad51f4ee7c9d4866,1
0xa0b35fe7c9819211896d51b670ffebdbdce67fe2,1
0xa0ff0e41d6847b1fce33a721a766e9e040027e6e,1
0xa2b55ffb7ada20a70a1e6e79073f2f4d6623d72c,1
0xa76bda01601ebdd50512c2103a329db572d7a77a,1
0xa8450d71b98ca4955c63519ef593ba886c5b2b4f,1
0xa8806ccb79069c976e37ed1950ada0eacef6a289,1
0xa96d4549729c2a826237d91b3a3700cad7dfec4a,1
0xaa0ae8cd18c3aeb0bf4e0bb3507b2f86f7021ded,1
0xaae8c50d76c76fb8947c9a203103d28b55862977,1
0xadc9e7a7d129be37bb89d05defe860ea28d4e6fb,1
0xae0d16586e5d60d334624c115216a52b9b1a0335,1
0xae72c6a6fad9fa9d82d089e1ebf73b3043855425,1
0xafef3bb7fc3cd8ae083672b65f79e6cefd4ac619,1
0xb29479ef88dfff8dac466cf6c716e7985c4241c5,1
0xb33fb83c645ac2a12b138636fe59604312092484,1
0xb59a6d337f8d687447fb311b8138340b8c617715,1
0xb6c189179b204d14fcc0b608bc97243b389b0030,1
0xb70c3049982c09c18dcbf8596ccef6f5b3c239a3,1
0xb8700157128ff544c46cf35dec5a19120baa8eb2,1
0xb8dfd425f4d6227036d5342cc4ac2b90826e1b05,1
0xb8e82b32ea205b0546d0ece1a175ad00e404dfa1,1
0xb90aa714bd30e6f135ec15a0cd2605af1590d184,1
0xb976163a6f251c208bcf3196b9c4ddf927b63e72,1
0xbaea3cf94abd0d6e0f029ef5b0e54e9424a72985,1
0xbb59498b19783e5d81f72ad07acdac619b6808e2,1
0xbccc968eeebffc2586a50eef0ee1cf12273c9604,1
0xbf270918afe2ad16093ddce904fc358ad337cefa,1
0xc0ced4439c1f0871f16a46e13fbe41fbf61ba265,1
0xc1b0307ff325527511310c7d6fd3248188742f86,1
0xc2419841dcb9a0f8906d06463ae24e00e1470846,1
0xc6bd194286802c5975cf681201e41f21a4e256aa,1
0xc7e8a6abb9b5c76c75c9bb4f77715793f7f8205e,1
0xc8d3e10a72d2d846ebd134dfbd23e14cc26a4ed5,1
0xc97a5623578a832354988e7e40869f5207193d53,1
0xc99360f97475dcd02cbaa1940e0e6a2cb67186c8,1
0xcabd5f77ca9d48f4ef9793f20de42ad39ce93979,1
0xcd094518f2d30fdd8c7911636bd8b52bd5303066,1
0xceae4ca7d082856d140f3672780029d6e90c3dcd,1
0xcece625176cead11c8d2dd6149fda2496b0c192d,1
0xd1380a4e089950ee3a23d818e24ccbbef003a432,1
0xd3069c9e486a8b77add55ae3ceb3a4b138fb76c7,1
0xd33744da3013927fad387d24f57cfa241735ded9,1
0xd361363a6401870ff8a23b7c77c004aecb8c8b84,1
0xd7d16a716f6dfcef1e9553bf12136463f6414f1a,1
0xdbc7a4afadbff03d1ac183c9f664a95775c6d52e,1
0xdebd22d7f63648dfb69bb6e2a4c88264d578c0a4,1
0xe28470253f0c9c7afbae7f61795d6b1ca4644b2f,1
0xe2b34bbf669096a794397376fb0587e98eb81016,1
0xe3d9a03a6422b56e7097ff41a86045683f0aa150,1
0xe4d3cbd20bd9ab79a70a1612853154cb80b02961,1
0xe74ca58ef724b94fac7f2e09e2e48536a5c1ad03,1
0xe776de32c9dc8889e2dcf1cf0606010a51d1abb2,1
0xe7985c511d1bf0c7668757650b974513628dea7c,1
0xe8bee2f6bf252ed9efbbd483ca4093ace7350c92,1
0xe8eb234375d59df64823ffda70207e26334ceeb5,1
0xee05f658e18eb04d250f829b1920c2fbf6907e27,1
0xee958e45f3464d712b8830deb5875c8ac105f698,1
0xeeb9148a32b45672e16591ee18ceabc773b099b5,1
0xef04cb0003ca57dc7bb563d5ea3248241b145bdb,1
0xf15a6b54e68884d27e1bebb1624d70c227b7d04b,1
0xf44b63f62c7b6c59a883fdc67bdcd692995b8bbd,1
0xf6109779752d1fdb8b6063a158bed1b02000b700,1
0xf81489f074a9f70c294164e07692559269f3defc,1
0xfb3eb8b5af7d9c38a1b6d6f4a4882cd07c85d2dc,1
0xfbc76261fd55cf91b81a97dbcc2b3f6118f2b935,1
0xfdb325752f9793ae7fa4aecc641cf5386846f566,1
0xff3bc8de74bb1d2f9066c9687f62bf810c66c5ea,1
0xff7e887f2b7c7594e601ed1c2e44b55bb80f774b,1
