0x9ce3aebe5e73cdd5357aa4561fe1b01d78f89fbc,2
0x0a98f97e89743406a8611e1b4219a073b60ffed3,2
0x149157a39b5966410e018c97107c641951e72ddb,1
0x129c6695dfe7a906bd8fda202d26dfff601f83a4,2
0x134cb213549c9f114176adb9e4a78d6a272a3672,1
0x1566ae673ae80725bcce901b486c336e6acef465,2
0x4b751c81b3290a6d698de0cbbe4d430f69ba80bf,2
0x248458947c120ca057ec028b3fe7e4b3f26fdb3d,1
0x27b1abafb2cb065cfaf41b4b7ee95d27192151b2,1
0x2924196a2ec71ea4ae1b1357381eccdcee6c18f2,2
0xc07a67f50eb5bf18fd0c140c702a3032faa3681c,2
0x2db19ee7f7e0eae5730e7a393fcc899d70df9f25,1
0x3cb63b82d778105e43f064ed739b0655f1f0fb87,2
0x3d0a1d20ac580ca8fa35888c92dd0859887f3398,1
0x400e904b5071bc41d0c69aeaa5c5de34bf83cae4,1
0x43b0bd27d5016e969193412933387b0dd4cf3e0a,1
0x477ea7a022e51b6eb0dcb6d802fb5f0cfc3b4a81,1
0x319af5203839970ccb04d2eda95c427941c498ae,1
0x520e8d6c5b2dbbe62bf8a40653a314d879b19b86,1
0xf0cf0a85c08527d8207a3ef45c5dc5af38a61da5,2
0x53562e8ecee54356dc89ad263a444528b34d6c80,1
0x494e6fd90217d3b19be362a4a698c760cb3caaba,1
0x2638c0c7bb8b6cc7af4f90a7ab01df9398e46893,1
0x60d2bc84a71af61b82d1b4168c9103ff6c4898eb,1
0x61d9d9cc8c3203dab7100ea79ced77587201c990,1
0x64f7de90dc79d775703bbec66a1591c7a26a22f0,2
0x665654f2d2a151be2d0f8e3697e6ce780f732af2,2
0x670a840848eba22eb2a090fd65e1ff60c3ba9e5b,2
0x699990a8e7ada9e92c932d6e8fb365024fc74b43,2
0xad9242795ad7fe630adda2b29ed39a4f4c4fd84b,2
0x6f0735bf1e6c69030d6990cdd580345b370eb50a,2
0x6f113b0c8c7266d7514e4986e3d6aaf013b6754f,2
0x44cb86a104d9c31bf98f8c7b7463b1a11239da36,1
0x729fcbb6e1289c88ce5113ec1c83a48a8e3c9f2f,2
0xe39bd9e3af2054dd193b0d0217cfbd460f104902,2
0x76db02500f7631d57bc2dcdca9d4cf782b99e119,2
0x78a576d3751e8cc8f30c54c367fe8e5a2cd71228,1
0x79c5146bd916944b4f4aee4c2447644be2b78e0f,1
0x82139687faae8a29851902783e02e699de0e0846,1
0x85603a042455d2f36f3ec52c1c756344aa70c5ef,1
0x896b94f4f27f12369698c302e2049cae86936bbb,2
0x62da56c6f6a58d9c0efd4e67a9c05dd819f3019a,1
0x8bd9c4b5ea8f6f14c9b14d830ddb67f3720d77f6,2
0x8fc2326375174bfe3baccc98cb9906921dc9599c,1
0x9224bbb4e0fbe2f2f8fab55debc41eb21fdfb804,2
0x982d3c5223f6b5794fccb3208eb164d042cf2526,2
0xa32f90b21d11561d31ff604745907acc77fb67e3,2
0xa56c04347abee42f663eff9bc2d0147b97c8f782,2
0x09c3722773771ca55cdc70a4ebaa967fcd651224,1
0xab2056903a7b62bac46f45a3d7a70ac799ca88cb,1
0x17fdd5ab047e502ce1faa065f49170875b083a47,1
0xb6b4a02dca517564eb98790ff67d42b5b37a3d4e,2
0xb6cf25f5cf8a1e1727d988facdd47f1dfc492caf,2
0xceb6798d609f86e156f36735eb39108af6d9a8cb,2
0xedd1f30d69898e4cb710cfb47c6114d31e6fed06,1
0xbbdd72fcce73c2626719be00259ddffef0d5673d,2
0x41d5939a4525727cc3777073b40aaac6030a22f8,2
0xc02e6b0d0c1a5d8cd26beeba0fe8d76c5d2f19b9,1
0xc2419841dcb9a0f8906d06463ae24e00e1470846,2
0xc26012491b9dfb2e6f2cb0305673e212721d5950,2
0xcaa1c396e70384db58dd33be74b26fb119e98c3a,2
0xcabd5f77ca9d48f4ef9793f20de42ad39ce93979,2
0xd007058e9b58e74c33c6bf6fbcd38baab813cbb6,1
0xde112b77a1a72c726d8c914c23dceaa53273c351,1
0xe359ab04cec41ac8c62bc5016c10c749c7de5480,1
0x59405cb53fb84706f3c4b522c57d71f125fe5182,2
0xf15a6b54e68884d27e1bebb1624d70c227b7d04b,2
0xe5798a530bb7105e148d38ac884f05c28ed8e804,2
0xfd22004806a6846ea67ad883356be810f0428793,2
0x13eac939d3c7ff1a985d164d1f14411505b4c822,1
0x2c8875f34ceb219f61b7453b2c5f100ec2f6ed33,1
0x9274f2f89fbe5dc00c21c628e46a18c7187c14d7,1
0xd3e401814d1faa8ca0419ecccbfee93ac7b15b31,1
0x02d1a96a3f39c2e4965e57caf70b3ac5083033f9,1
0x08e0a3e752d1338c0f02b986b9504f1009a962ca,1
0x09b14b1c8a92bca0cc592a80dc311bf1a3fde9f5,1
0x0bcbb835fe0c47431a105ad5c65adfb433ffcb04,1
0x0c4a911ed6af1032beec7c19225c91a3160e39e3,2
0x1151507dcc7a043a63fd51bc2364ce30eeb9291b,1
0x11a22b262e505d355f975e1e48a365b5d4811ae0,2
0x1451d4f51f5db86ab2480640ed2c69b304570931,1
0x15265c9989a97f84c01cdba9da4461ae518083fc,1
0x15a33852846b4762d71a62928aa7c64d8aac8544,1
0x17e72a77a84c2705e77c686a3f756ce9d3637c58,1
0x18acaf5a29b70a659cca4768460bd04f7fd79403,1
0x1bc14f2908955dbdf748b094a2032194807f1ccc,1
0x1da98aa4faefb6ec93cc1ba6adcfb59c8af51152,1
0x1de9d1ce8cba16c98ad50d0f902e6feacbb35df9,1
0x1e927ca8376d51c163fff2038080484ece23212b,1
0x26013b787aac632a92483f669e2de85103ad2536,1
0x27458760bf383bd2fa9957ae8aa95e9fd5236654,1
0x28062cfef2cb09f263787fe5cbd37ac72534d67c,1
0x2842d3267092eb2e24957688671fbecc67ea7fe0,1
0x296bdab9a39638179dd72102b1b592582f4b9a0d,1
0x29cd9553e268ca520d73437a8045ab9604a149e5,1
0x2a26fb1a180a2ce5c6c2d06dc4d430c37e7ecf39,1
0x2a76f7df64889a1f20f5b6aa87ebffa9a38ab925,1
0x2dba88cb3b435f99a3e58b6e0fe450e8f1a3f20f,1
0x2f87cebd3bd2339c43096eeeb9f934e0e14aca25,1
0x3089d5dccf383570ca6d2f11059753cf7618131a,1
0x30943b6e8799908dbabcb68308472cc8d4017cbf,1
0x33ea86954055c5fd3e286c08865a9242ec3056f1,1
0x34a94a458a536d3f62dc3167838f2fec2adface3,1
0x359c8e5967245d22e2c6dc83b5c083c39b133fda,1
0x38e3d4a5bf7dea9280e389864d4bf9834cc2f266,1
0x3cd378c9b1cb5f147ebf1b2c2564118946ae4ba1,1
0x468cbad61a63ef6d753ac395d99ebacddcf437ad,1
0x47450b6044689a96cb603308d8da10f0ae501aa7,1
0x49f9fb56043978fec51b200c84c64dc3959a3a68,1
0x4ce19c5084e045d029bfb4857c75b1778eeaeb98,1
0x50734b1ddbb0011f40e14df926df04d0dd9e7aef,1
0x53f34fd3a0105fd0a3e5c37494e0ad1dc10e438b,1
0x55157ce961289be90889ebcd7a0494b438a1ff6d,1
0x561b88119ce226e789b209f56de747079e02eb3d,1
0x59c4c94c7e818fcfc3449eda4e6db998079f423f,1
0x5bd2b53cb6b51b4bda9a23ef46b76a501ad12e63,1
0x5ec3563e1ce1147154ed86d18ebb02b3257ad5a6,1
0x608f0a54b97604a528b48c7164f6990a03e241ca,1
0x6373c0181f6dc83f6705466570cb10c06826246a,1
0x64072ae2095677ab7e8df63e1fbae89b6366d6b4,1
0xe74abe3bc87a4cf34acfd7c548208700c0e669b0,1
0x6ef8fd2ffd39df9e73eea701e17db9cf51ffbb7e,2
0x72fae93d08a060a7f0a8919708c0db74ca46cbb6,1
0x7737ca9d2407f14fba41547c01dcff2793605892,1
0x776c40dc5de135fd3d9870aa0c8e58b8171888ed,1
0x78938dcce6e6f3e3ffb9d6dd8ad05e5cba457409,1
0x79d899379844d35a1a1f5d51d3185dd821f44dc1,1
0x7cc696eeb48dc6acee89447168302a90c116bc34,1
0x7d9e512b563f48145aa999e8176e3796e0918e4b,1
0x80a7747adadd60de888da9d7e9054e8d33817d02,1
0x80c7dc92c0b1397aaf8277b8fbcee229c402d702,1
0x81e04dbe70f405c0f4355511163ab821a39cbfea,1
0x8231ff66a7bbdc14ad89782a51c939bbc4c92784,1
0x82d0efe3e244d97d763ea17b66dcaeaed13ba679,1
0x84aeccde4c9f217e83d3fa28c31d34378b903f91,2
0x8a47daaffa94c930690dd9f6848c8ca1ca91186d,1
0x8a80e1299ee31908fc8f19b5bc409a2e46a0b93b,1
0x8bcd39e6bd0f48b0bce0d1e2430596f47f7de18e,1
0x8e53900319f136f55ccc0c14c9d681943de4cca0,1
0x8f77e5212ad133ac1ba5f63816719202234fcfcc,1
0x905d13367f3bb940072a133c81563f1b1a6779ad,1
0x9152cdea66c12e79eeb95313a09cc4f7ee180f3e,1
0x9481d8bc76fb1b7d2f95733a6ec0b40d0cb1fffc,1
0x952c6b14405566fa50434d23af7075b9e0833676,1
0x95317e0fb4bd69f83d9fb21972f6ed44833d03c2,1
0x96d4f030eeeca1a57540b7c2019fc7682d6e7af7,1
0x971625a19fc373e8628a6bcb0ef17ca943d2fe17,1
0x97df501354ba30868c93ffb113d9ce675c7e5929,1
0x9827929b310ca4e0b525ccf00333c90a16720da8,1
0x9a1a94e850fa0348dc64c396dfaf8209289a94f0,1
0x9e121698d68cf4c2b34202ccee11ea62769a8bc7,1
0x9e910c0d8eb905eaee0317e9d6b7004862fd31b5,1
0x9e9aef6a9684c659f813ef8177444257027adec4,1
0xa6ac0455fa821d3aa70fc5dd761bedd8533f7252,1
0xa6f22ed1871071b675ba351ced448a9173530575,1
0xa6f95ffa23ca53d33390f3ad6d1da06f8a456ccf,1
0xa823a6ce1f881863cf1616525ff7cb6f17458a29,1
0xaccb9e02e2ecf1c59960588ac48da6540a875469,1
0xb00b18b3bf6ecc43e6235ee69424d4a220437a4d,1
0xb2f091d7aafd7fc00e1de194fd2aa24aa2dfe35d,1
0xb4b732fd4d12149d5ac06c70032c657b976ccd66,1
0xb52343dbb87db123289ebbd6d8277ce9f1b71ca1,1
0xb6688b0904110b65991f88db8ec5d585229899f5,1
0xb691120339b4f17bbdfa591e5f9f6278c8a15f46,1
0xb6cf777e3696a502107417265c92d1b075636a10,1
0xb7187511a0a0f5a63a538b7bc0abdd1a01979848,1
0xb99cfe2b85b141a6a6fb342c4c4372ca32f2990f,1
0xbb9b12111115cc026883822c236fb7c4a3bd9f84,1
0xbc1e0021f9d22582b34b584b8516dff417e7ab71,1
0xbdd8c23c8e8a39e2cad6159c3a9483f4c106c616,1
0xbf44c636a4a4bbe257a87067b25c4c875170e04d,1
0xc10fc4f8566f2e89cbfb682e50552c193aa1244d,1
0x1c5762f9899b46c19d4c9b8fbdd38d35856227f3,1
0xc1b4008432d3e12c3cff0f5ad515709a93d0d140,1
0xc1d040b7ebcc0a571d9e2d54e10bd04c505e7d37,1
0xc3b9038827b7d11048f2ced1bcec0fcf169c2c14,1
0xc53a1682403bf4e00b8c6d8995953209f3c8fe6d,1
0xc55c1c84771a75f5f641bb382adcb7c83e57cfe7,1
0xc6de15da3b913764a695819b9835c9ea3f80df29,1
0xc7db4c95e3050c73db2da4041a03c24df14fd024,1
0xcc392cd51b8cd01d050291f5e01d31714f16dd49,1
0xcc7413acce8b2e4613c48b859af804bb69fafb5b,1
0xcca11a8edb05d64a654092e9551f9122d70ea80e,1
0xcf04c33bfea64cf5dd6ea97e2d5620f825b03b49,2
0x3c8a67ff9d751c3cce50c9acf617959396daacd3,2
0xd9b5021ba375be74b637fd9e0b8c666aebf2bd07,1
0xda4745f0254044e4b702c9301737c2a0b8c69a6a,1
0xdbe1ef8fd76f12b9f82c06aa7b34f652d5fe2c41,1
0xdebb3a9fee141b026f6bec12e9e87e927b892e83,1
0xdf753557f4c742fae88436df1057f76f45b809bd,1
0xe195104ab3eed3e6fbfb16f78ba7e07b3d2f3114,1
0xe70e823e77d87ee06f573587555fccb6c337e9f5,1
0xe7b3f8a344861409f1bd27a25d759e70bc24cb22,1
0xe83505dfd92a901bf36561facd268584f249f2b7,1
0xe8bee2f6bf252ed9efbbd483ca4093ace7350c92,2
0xe96ba1a10f72b58934b9ac0e3fb471d2ba65b757,2
0xf0f3517c807afd36e85e0467d56416de60b17bb1,1
0xf2a5d9c71ddc45ca98476d39f3dfc2f16dccab68,1
0xf54d3e434a74865540224ee6219f60ba35de228f,1
0xf7008f7d415f04e74bb2460deb800608aa991c1c,1
0xee2c055f7706b9dfcd98cd5a23d5629d6316c0bd,1
0x692d6cf19e0c082185e20ff5ea6bb267e7aeb278,1
0xe9b5a2529ad21454cb5e4d172dcb4bc501789463,1
0x2f4fc87fac91ae32fba3d9c60364897cbcc9f438,1
0x7572bc33d10d75e45b510f5af35e98059af2bc34,1
0xff2341680047fa367b1a091cc954eb06a0af167e,1
0x56c1e427a420119faa74c66ff345544c41cc6526,1
0xcaf3365d474690a1ac6643d3d6ef44cb0c6deec4,1
0x213f6b2680dce3e4d0924acff3e4e34520ef9ba1,1
0xa8b98abedbfa97df97c8a6cbcb6173376a7a0266,1
0x590e2ccd3b14227f6252617fa1a58bf8b2333d50,1
0x5de26d392ea46ffc17131042e2584fe6ba46206f,1
0x6f8f3f5463f9e4fc802687acdccbf4ea358ef5fb,1
0x388160a99390392278afdba240046b8b5e73f77b,1
0x27fd36e07bca70e64bdc1425e6bb5383d5089b62,1
0xfdbced08b2874cf4990a53b7e6944d2fbb725085,1
0xb0689ce4c127345d05db41c942770b663fd111ca,1
0x8a1e2c59edc994a7f1394624d1df6078d7e6c818,1
0xf7c98f4a76ddca190fc4cdbf7246d6c908242750,1
0x2d13c884c4c418664abb1b4a7f491dd89247e42e,1
0x3e7374ee60f296ef2350c47a5110cb5233321756,1
0xb0767b217fb1530b064bb1f835c57c047c08ae72,1
0x3d423e1b53633e12b4faa112c9a01246079ae9c7,1
0xd28daf10f9b7c7e0ab8075581e27186be805fe17,1
0x13eee41d67b8d99e11174161d72cf8ccd194458c,1
0x7d93f170dfd65d14d58682678b7a0d171f287c93,1
0x47a79ee280b4a6a8d68a3ba16e4082a765a2b20f,1
0x2414db01b0624f877a360de7eda62afaca7abbcb,1
0xadebdeab678647a457743ea3af98f8b804e45c24,1
0xb31a4974499daad3255206daee7d1f3595fa259e,1
0xbe9998830c38910ef83e85eb33c90dd301d5516e,1
0x2099d4fa4bea53256305c8ce9f6ec69a91d585aa,1
0xa490a0346808dda91aea6698cb19e4697d9fc5cc,1
0xc78cd2e1e8ad4a288eddafb139c9d0891ad01ae7,1
0xd3364ea1c742cc2d396ac65e1723b8d608a939bb,1
0x2a9124f2a67f208dc9161493d23ffd7f3f8d008b,1
0xeff0c128d7c5c39b06924d750ffa0296066a3220,1
0x69fde561275b85dbcd5081d1121bcae64fb83858,1
0x538f08b2448d69d85b312274b15faa468464939e,1
0x12cd871105b29760a61f56753d54a59381f5bcc6,1
0x405020c797a64f155c9966c88e5c677b2dbca5ab,1
0x60fd35191ffa774e40934efb8ed34b2ec42da320,1
0x614b89f072ea263a9387460963142e73548fbaf1,1
0xd3aefe3c531e3e2eb0689206e7d495843c943550,1
0x9f6ae0370d74f0e591c64cec4a8ae0d627817014,1
0xa71000e72d38e6a84d7190f59fd3dfc73931c0e8,1
0xb5374cac6cad6b025246f19d20b0d4151b640558,1
0x8d49f11b33f0662074cd4ebacb69c55041631ff8,1
0xd87ca052936bcc2b6283b87d2f0aa95cf0080584,1
0x5dfc1f36bee4938b3dc8ebdb4c34f64c935fc2f9,1
0xeecc9f94c674161e84ab0c60c020432ea8f88bc0,1
0x9313d20e1657ab7fd434943c931f4b796841bac2,1
0x690dabe81caf23ff4f855d27785d01da66ede8ca,1
0x66d5527411d821cb513f2d214bbbc0ad73586b35,1
0x5f656037e30a003862cf878db24ab5f537177fd9,1
0x7ca00a09e3b431d48c30e3e6cceaaeaf6385cc81,1
0x5c95598fe454882fec1139c3ed1284255b49c8b3,1
0x571ae158b7f1ecc0ab4f17c9474a628882624919,1
0xc839de0fed241607d50aa4107ae582443b906e4c,1
0x09c52c99e701304332b5998227f07d2648e8a72c,1
0x97d2b1b4a249ec77d56fd1576546996d14f7db1a,1
0xb08f95dbc639621dbaf48a472ae8fce0f6f56a6e,1
0x88a6f6ac171e24be54d95dfa7ceff80ff185b346,1
0x4a5ab24d794951af8d611fb1ccb1cc453f43d37d,1
0x47dc3a7aec5c0e1f4b2c71303a4b1eaa0bee3e4c,1
0x581bd489306df3fd5095b79d914d0db0f52eebd5,1
0xe568ca143592df06a7eabfd4d9d563f1289dc607,1
0x4c3daaef71d76fe12625e6be29d1c073dbf4e989,1
0x60acf8d95fd365122e56f414b2c13d9dc7742ad7,1
0xe1c22662f4f1320c6e5319d002b3c3d52f0d0135,1
0xc9a194bb6a3855b14dc4699cabe7b2881c3f6552,1
0x7ed69ff055d746d451f675635e9bf773accc6a97,1
0x98dc45a0a69a60e63f7a042507ab38e4d492cd69,1
0x7b5af6790381f932abae790e8b0d0ff50e287f8e,1
0x69cd43dd4ecf3a076b1b9d2cfd41589987129bc0,1
0x1920dbcfdf0fd291a71bec0b66e20ff8674b01a7,1
0x29273917eb777b8d227e64ea423d07e6246088fd,1
0x7499003740393bec0ece8745e099c2eb3f59dc9d,1
0xb42ab92f5af0f162fffefa2b1e12702ce3fc9e17,1
0x2c9646bf2477a747897047b69ca1a1913ae5f611,1
0x8b4d0402f7b2f063f255214b7095b5911a257a30,1
0x8729250ad053ee455b55d862fccf1030c2eb4e0c,1
0xcd241563f7288b5eb2b9b715f736232889b62d8b,1
0xdefacedd05c40a2963457f4d730e3b40bc1b16e1,1
0xabfb3a0a0e4c1bc2ad036f4531217e2becd215ee,1
0xf8be957f65e67fb0342992a51c30290d5758f880,1
0x75b772f2bb4f47fbb31b14d6e034b81cb0a03730,1
0xc7a295b1b2df1efb82aa204958b98ac30171cb85,1
0xb9cf551e73bec54332d76a7542fdacbb77bfa430,1
0xb0f582963d54318867c7076efae2e9d96c0eacc6,1
0xd1afbe4da2a5adc6faf30fcbea9e4eea0ba8c70a,1
0xa35e0b9b931b07219d0fbeeb474f72dddf95c85b,1
0xdd0fb2cc4b9f81a479e1d6ee9ca930c6cd058ecd,1
0x19d4ccaedd75ef32ba76430af03e27cee010606a,1
0x7971e007a4e4d4dc1f8380f5d91d3f52b5e53461,1
0x7abdd18d37571e1ba884a8fa9e07a3612b584661,1
0x17e31bf839acb700e0f584797574a2c1fde46d0b,1
0xad9b8a1bdd5dcbf2cd5f69d3f13eefe37b51245d,1
0x6c0e639dcfc73e810bf66c90a9005d4ebd8a7e5d,1
0xe95e35d6e05c1ef8d442ddfe83faa0d9c5c4b143,1
0x1a7d7e6abea492e7b9a3cae667f468c72e884671,1
0x177a8340bddc2041cc362aabf543dee4e394e3e3,1
0x305ef4a474336c95cf6178ce58728dc228e9ea41,1
0x2ae7ac4d95e1bfe1172fae1c8efe9097119216cf,1
0x98cba78ba705efaa9c9d9015b5c95ba1e2c3b2cd,1
0xba12fda058a14eb03c14613601c3a30d6f955196,1
0xe840fe7f29e61e2dbc6a7c1947e51fad47f20b5d,1
0xd7e32b8a326ffd9e784a1ee1eea37684a7512171,1
0xca3e7ef7596fb4258133c888dc205b4047c09307,1
0x6232d7a6085d0ab8f885292078eeb723064a376b,1
0xb2d866297dbc7c7d8ad045c05afb48a95f28fb3c,1
0xa530f7739413e787c205233658185edc1e68c25e,1
0x408198596e2a166d80d61ff7db4a8ef5f9e96e79,1
0x04294157cfba9ff0892f48f8345ea3539995f449,1
0xbe8fe12b9eb1ca2a593e6c070c71c294b6fe9f00,1
0x8874174a2366668d54fea6343f71709389563c8a,1
0xc5a2c3a524be0792519655d4093b44b988db4f68,1
0x8af0b9a9b751e086122bc340188bd9d99b8c7ec1,1
0xf5cadf5236b5eadb3df5ff55977bfc08f283c342,1
0xd4012980ef607f79b839095781a31cb2595461cf,1
0x2d0ddb67b7d551afa7c8fa4d31f86da9cc947450,1
0xd4e1a607d3ba4ac49f8517f8cfe011b5fb57b6f9,1
0x6b6ae848f555f70944bc99d736fe29fcaecf8b23,1
0xcfc9336910420e2fb7b9c19f62a38bbac34dc352,1
0x832e47e53df5c771be86a3e03b49cde53088b156,1
0x5ffd8de19910efff95df729c54699aebcee8f747,1
0x4f76067f972fd47631c0e52547d80eac5bc49d50,1
0x72703b554a7089f93ff1fc6cc6c0e623900a7b80,1
0x5d6abc52be03093a6de9d6143fbbab25968b3e55,1
0x5b33b6f41e87111b7d22685b297f086b5535034d,1
0xd2b9f9d1e6734f241b2a6eb64ef7f6e63af0a97d,1
0xad30b79c749c458601ddf4817dd768c0b4fd932a,1
0x6ac7466fa71c7af32f4ffcfd20016eb4fc9ad879,1
0x170fb8f8f37776dc48184686dec386d2d1c41cc9,1
0xc8cb180415b83f3f9a61691d246fe39a74c6a41e,1
0xc6cf5a020bcfc65c6f8181c04cbb5ef5050fe28e,1
0x903395c9e6fd4f94fbd706c85d397a5df219efa2,1
0x0b9ed225ac0098a1507e914ab96a4a4af5497026,1
0x343e85ac3009ac01538d4251900ce1a2b7d7ffec,1
0x27150c1107adbf8c971d575efd72325641a25459,2
0x54669ca58bf3a59caea8ae5135db491e4738f65a,2
0x8043812aea5a07dd6523b5d83abd5e606422944f,1
0xab3ba2d668215acd23f7da923683a5ed88bad625,1
0x9ecdae245a159b4385aaa7f7c6bd8a82660b86bc,1
0xbc5a7cf988f7e7e8f3893cd0ee1d0786cd4af889,1
0x00897e2d7168165b81558c3cd9257efb007f2410,1
0x78fe00188743bf11915f9695763d04072ce2e2ff,1
0x7a231b6d33f1da74e9fb593bc785b4914a852867,1
0x8f160eb907a80517a3fa6d22f7cf20f552696a44,1
0xdcefc9ff1e47e458e56959154c1cdcf56003d30b,1
0x8081a75141dbc89f70d31eece08ff12cfe105e43,1
0xb356ab415aafa4b688a6c457e61a4a8f7d5096f0,1
0xab5f32d395b515d132d5a1f1e3337f4f679d13be,1
0x1430997022e8ccf845af34596ef37f4754983f85,1
0xd5ec003289265705727b622f1700fe814e54ca67,1
0x431181dae361813567f35ee2abac73291820fcc9,1
0x6ea9b0e6ce9d17d446fa156cc007df9b94abb34e,1
0xb7546d1b04151e1e96d38275af66eaf984fdad2a,1
0x58c5b881fb2794d04f0dc0ec65f94a119cd43aa0,1
0xd7f624d0a67d09171b9555e2f43bde7acb16d79e,1
0x9d9d33fbee79e1d726e6e70cca6069e4227a2127,1
0x5e3118e91b0a02a5e2b92e49700c63434e94f0b2,1
0xdd5cecf2835d465d490f79ad9773a848805a3219,1
0xe74ca58ef724b94fac7f2e09e2e48536a5c1ad03,1
0xf054274dd74987395d28136e53f39ef4f7b19994,1
0xebe326d8de3413f8132518dcfd45e6cbff7e5c27,1
0xe8a05c7f4e9c1aa060cf941dbb50381f342d7d43,1
0x40e6d6e798dc878e12987ed978f23c2391f1f570,1
0xc8bc8b83d592f9c72ea3ff494907280aaf096605,1
0x92b1b677728e36734d59067a4ce53e5bf1f3a2ab,1
0xf4df143e90c2095e173f861a22f1e6a2503d06cb,1
0x4d7e6948fb5ed2d92897de0605cd642eff69fbf4,1
0x67a3a43a55bd9cbfa5d696a7ef2d57e9e0869fdd,1
0x930922b1114ed66734bd773184667b227520f43f,1
0xfcab2f0f8e64bbda95e1c65d368e6cb22bc5a808,1
0x98004498c85c4b1997b3f669475a038bbcec2160,1
0xa5214719feb1d07b66292a5d4d0a2712bd048435,1
0xc9870f60415c62d998dfe3ded15aafc015f45acc,1
0x34e03545e5527f54243ce5a4f88ebb202efb0ae3,2
0xac32ea503c5e3e03d7e079d7fba99a168fd69b6b,1
0xffe6832850476eb6d5ff184d747ed84f1b686aa9,1
0xb960be49f51a6c3234319acc0b9fe1a10f70a94a,2
0xf42884e0a175a07b82354325d59be7d7d295e52a,1
0xd35c49a60f9d5fec3ea2c43616ca0e2dc84a7af0,1
0x37ea6c993c5f42e1fc3455d5781e4a580760970a,1
0xd1f0c3223686957542befe67675f01d3b66a2c82,1
0xa5ce27ca5e31b1de92db2d2bc109b3e23cf1d4c4,1
0xb3eb9bc116fcf22c3d6d5f920855d4bf34a9b0ba,1
0x39256c222e2a16db63f21da9d8266fc6f95f45b9,1
0x8ffa8d00db5df56a20c30b737c5efdaabe140df4,1
0xa04f4a4b7306cb72f30828834db01699362a4989,1
0x2c45f65d254e85584b47ec82450c91a30cfc6be1,1
0xaa1e92ddd28c835fe66689771d35f38947950fd4,1
0xa4580851905c60fca8c6a7995036ddcecf060f4a,1
0x1b008929f807de617552a72a62df98e0953699c4,1
0x89900edbf6b88e99ad849ea34d6e3df969631380,1
0x57a879266c02bd29d11c956156e9a524de4483d7,1
0xdebd22d7f63648dfb69bb6e2a4c88264d578c0a4,1
0xb2e7f7cf519020c8b6ff32a088fec95b03ccc715,1
0x26a1e46832bd5ffd7d21481d185fc258a7080316,1
0xb5497427ac120c734a76be1b85a82156447c7e78,1
0x3d9e77bd53dc0c2a3110732e30d0b969713fa4c2,1
0x5fbe799de139710a2eb644f0410fdffbd5f189d3,1
0x8c8fffcfc3fc82a8777886e984f9b32ab91b2a5b,1
0x97ece7185467c78293f3b796bde3704421d4fa69,1
0xe2d22dc1c2f7c58f86606e405325c69f5210a6a7,1
0x631d96ce9876d48cd2300473ff4124f5e0e084e8,1
0xa32c38646299818ccedc6401818c2e1639c39c08,1
0xd62af0477b1991197da39a38cbf9c7199f4737f3,1
0x39bba3c54a3412127bdfb0f218efea52b5d28300,1
0xe04da86529bc2078c8ae3474b2d67bedf1139c95,1
0xd573becb6a6b0a0d43065d468d07787ca65daf8a,1
0xf1d83de0ead95747f4ac184b36659c0d538309c8,1
0x85f0a0bb2ef4192bcd79a20c47b26096c99a9907,1
0x1c3c1c24d4cf6b2a73f4bbeee33d9d5ec8048aa2,1
0x577b282c846756b7a01bcf49c5a7539922d5fb75,1
0x1d10b0166a761f269adf864ebdaca9be445ca637,1
0xcf2f67229aeade145c9beb8508798458798e7b82,1
0x542c5648d46462207fba8a4bd7d890b4154b722f,1
0x616ed054e0e0fdbfcad3fa2f42daed3d7d4ee448,1
0x462fcc4b3fc64e0dfd751424bc3b070d79efb300,1
0x6b8c7017fb844612a25d6220d7382b33a227c612,1
0x6666083ba28027fd6db24a3c1bf288c0f3f95807,1
0xc17248624eddbd8fa6c0cf29fbe9b4e2b59e6254,1
0x7dd14501c25c221ffe213d7d56d225f4fe411038,1
0xb8ed7d09aeede2e7e9abd156c2b93defd32473cb,1
0xed1e25178d7a6438c356d3459fc3efa9458ad52b,1
0xbd751cac1fb27d930a6a0394d97c77908d94ad5d,1
0x8856dcf8d1f9be083a25251b0149ad74f971b806,1
0x0d6b4f304b91a3b67b1db34776ef7e95effbc729,1
0xb6c7e03ede87692deb1de7e40723b952e0fd3773,1
0xbc2ab46887142d546a976d56eb9a3d9da147ee65,1
0xb3897952ce7a4cea159d232dae8d02ca8273372e,1
0x111818a51c4177e8980566beea68fe334be7b76a,1
0x2be96c05fb7e81b020c42086b69d21bbf427b53a,1
0x47d278101ee9335c3a3baa14fe184f757229a7b8,1
0x65876304b2e6da8248094808cf2a2f6022c534e1,1
0x7f1796071eb91aebda10a03115fa3cd95efdb25f,1
0xb196931ec22517b0510705eb56d5652fe73877f0,1
0xb4627672ee52660a9e453ec541834e04583f3602,1
0xc4bfc1dc25827f39ad4a66bfc968456c7852a9a2,1
0xc7d2d152dda8cf7a7860288c3db9a1a4ce29162b,1
0xb9459e2778f142996053517bda1b69e5d34fff91,1
0x9f35af4727fb91114563d8a8f779a792cb557f3f,1
0x8a9bfdc136d5d1166497882af5d8c9718f27fbed,1
0x862464bbd83d5743f9cf873c6ea3d187d0f909bf,1
0x0c481cd7d09bdd222351d52622d272367cb3d159,1
0x1773fad6563cd5b6a903e8bf81e9137127f941f8,1
0x1ecded4519a9688ef4bfb5f15811c52f048ba1a6,1
0x32e263cb9003f7fef329080bdcbc82f5cfd6c02f,1
0x7e8ba3fa5f0102004e734437f18eb2de612c3187,1
0xd41df4a30fbe6b282ed6294a704fb33090557566,1
0x6e5632d334b861dfe4312c7ba34e175b60be0b5a,1
0x6f5f89531837811e17720a31165d6f838f76df9b,1
0x72cea5aaaabd1cc5232bd2117e5d21e83cbd0e51,1
0x565465a0e19309ecb839319453e2c83aa0befdf2,1
0xcb9f87919b6818ccf3e8350e0ee2e13200dc8fe8,1
0x886478d3cf9581b624cb35b5446693fc8a58b787,1
0xbe52b15ccabce3b33e4e631ef285399ad9de46d8,1
0xd3069c9e486a8b77add55ae3ceb3a4b138fb76c7,1
0xd532962fd7976880fdff92db9cbe48a7369b1fc0,1
0x70e680b9493685f72e76243c09993fca768eedf1,1
0xbfb7969e75ee4e58620f74135d167f5bdd60800a,1
0xbfe384d79969bcb583b8a0e5fedc314aee480e7e,1
0x176ab08b25404b8b09026731c044daeac68164ba,1
0x18412b9f84df461bdc0f2e0709df507d5bdb6363,1
0xeb0c4e7244100075c227cb60ea8107cae39c3211,1
0xc1b0307ff325527511310c7d6fd3248188742f86,1
0x9adccfd429a7ba40e7945841164ea2cffa7611fd,1
0x3e6b87ff2168d15794a865d09a6716415e7dbecf,1
0xa4b61e227361a9cd9e62ca10946c27748a382cab,1
0xd0b2d2d86a45bf2f13a3af83df6e7b5fe98050f9,1
0xce990032a3ed14e197421270a9bec9e276bf2f31,1
0xca1dc8d021bcd934424e9ff4456d06b6c5d1b0dd,1
0x12efdcbbcdd6695109ada38e33c56173c2ffe2c3,1
0x3bf55d8aad7ca0c5cfe1f697d7783437b9e034fb,1
0x6299aed920679c4a680fb53a0e63b8f878208878,1
0xd714ebb8d39e2cef1d0cbf9677bd2f2afcc4cf51,1
0x9f4fe19fed4a008a270840fe95660f25df36c734,1
0x2f5fc65b9c6d1fee8ba4ca23fb2d7c363c95133c,1
0xe41be092c12dc99eea3f8e91e0cb4bc520d9705a,1
0xf4141aef39803327497f6b81a21bb3f2acfa2436,1
0x08f1f3669598eeb0e8a63fa73480d1e023c30afd,1
0xbd70832d2e66642bc097fc79ce2eeadae7868f4f,1
0x9e1e3857fb2484379858b9daf230379015a7a100,1
0xbfc3c19d3be0b0f54dca49fb136d08eea86a0229,1
0x94f052ca65a34d7f581bba95a749b1cf52689dd5,1
0x6191c173e855202083455859e670ac16a669788d,1
0xbe2f803bfbcffbcd77aae4e9104406abfeda497a,1
0xa62da2ea9f5bb03a58174060535ae32131973178,1
0x03f4cb9e297ea659f30e09341ee7155a7d136398,1
0x1a7f174dcd4211d41c7c4d7dbb3a0e4db5780c67,1
0x20ebf9ae7c66da763fc1ce86062ce883389c8e23,1
0x2177da04f9479496c2292d6344d306aa49beb34a,1
0x410a9f44948576c60f94b165f63eb79ce769a04c,1
0x9233389b9afa0a6e3bb403f9d211c23a3b290d69,1
0xa41341bab6588948da8503d1dfb0a0ab0ea269cb,1
0xae72c6a6fad9fa9d82d089e1ebf73b3043855425,1
0xdc7d0d897e1b7998c780d16b3c08482a74e71f33,1
0xdf36b093cbc06522b68105c3d9141db188e980b6,1
0xeaa511b1aa3f49d63af30c85377fe0df3a9a4c38,2
0x6afdf83501af209d2455e49ed9179c209852a701,1
0xe3fa3d26f669f52febcb00bd1789dec3c1bdd02b,1
0xff7e887f2b7c7594e601ed1c2e44b55bb80f774b,1
0x63f11d2060d147e75c2bfb83dbebe155b4d06b66,1
0x88d1913043241cb0222937b6fb7b9792619a9059,1
0xddc27a0a0c24d60b607dbc7b008f2016585e57bf,1
0x03c5e3ff9514031f910c9bc9ebbc7839e02b23d8,1
0x0c6306c1ff8f0ca8432b761085d5ce74160a499a,1
0x1cbf9983e0d59276a58db8e8529706004fcb1837,1
0x0f9ab846449ca068f9714818a6ed0da5d819e9e4,1
0x1af369bc1069dd286ff59cd69553550c07e0dd05,1
0xcb6a1ff7aabbe2afceb4f7c5a6ec7ded94506c50,1
0x3d91ad906c3969f86c588c988f721d5a735c6f81,1
0x49fbb9f90e78dd1c0569816e1eeeaf2c28414ed7,1
0x4d4c0cbb2d169a96a9b20ee4e36aec807a07eabe,1
0x2e6435daceaa1e7e14e0715a5b8648abdebae061,1
0x56543717d994d09d5862ab9c6f99bce964ae664a,1
0xcfb3adac1f63fcae9b9c559afd60fd2d6b52008e,1
0x8b6a3e1f151fbd8a45539e0942918e63d35c6cf4,1
0x8f4f8916a5c22aa4d0ca25695146e8e4dacc7b13,1
0x954d65e5310607e12f93f6156de92cd37ffcae8e,1
0x9f432a2964351a7830bd9ea10f65107677d73e04,1
0xa8879c580a54f190ed53b43d30de269097ad7543,1
0xaa1d3f5d45333e40467e989d472effac4da00da9,1
0xb8937891f08af9854a5ae7a5ec0cbaf4e68acd4c,1
0xd34e3c34ae9828dffedb9a2f236af47119a113bd,1
0x412d9f0421458d6e2736f8efaa9c1ea5352573cd,1
0x1c5cf95fee6bbd42e23b36167bca43c44b279e3c,1
0x410ff1f298d37046a1f7e0c07fce1d8e9f91d15d,1
0x0a87cbf5eec20d8d9880ad21f0260522ff5a675a,1
0x9e32560cbc32e1ea4c737d65f043a0d8f8310422,1
0x52349a2c4ea4e4b94ada3d75c9d3a318c024706f,1
0xa5894f85b5bb5145a69c3f4a41bb4918a8463701,1
0x5d3087d1aa04235610cad6198598977b9b8156d3,1
0x1471966abfe75cf87fdad8b76d657eab8400f0b0,1
0xe776de32c9dc8889e2dcf1cf0606010a51d1abb2,1
0xfff39900273ffb1045c7cfde62df1720b63fd6bd,1
0x05a13dcf55ea6d532f15284f39e02811fc183a8a,1
0x09564716e12eb2ca51f64d07d76aa88b7cdc0283,1
0x0fb7f9eb8e9bee4dd70dc334b94dee2621a32fb3,1
0x0c55e7d45f53b6999732a75917df6eb711e58674,1
0x1ef43b94fcb00872ec73d60ff37f5c77df80ee66,1
0x378dcff8e6be1778b04f5712d686517bb6a01927,1
0x3d20c3f372207074df1a0ab5272c7168ce23d178,1
0x3f4373afdde3d7de3ac433acc7de685338c3980e,1
0xd35f84a9f82fbec2082b2b6c9afd20b4a8f7c959,1
0x52f0d5805045a14579bbdcd719e0086c5ef3574d,1
0x614a62584658d555cc28b3aabdb691e85e002c8b,1
0x747bd5f478a25892394fa202175b1a2282a53041,1
0x6b728afb80ecf886fb8e0acb07ba13a85890df7f,1
0x140ce4fc34487ac55838316373eeb87dd10b65c7,1
0x877adf7a6d29a4678dc86cba270a2c5257b6ecc9,1
0x8854ad314fdbcc275eb0d5f4fd6dd86ab7981cce,1
0x957b0cd4e9851537aa7cc84e9c7b22bb68d949d1,1
0x96de627be6262ad2e19553824aad1af6ba1ebe9b,1
0xacb1568482f9af61568d5fd05a54bfe8b7e60ee3,1
0xb64199cd690aa4e78f1a6625660347ce63031d72,1
0xe4c8476226ad79c16f614a20712d348b77cf95ce,1
0xca339bd4739227f71b646f8b23ca098c86f6c3a5,1
0xd1380a4e089950ee3a23d818e24ccbbef003a432,1
0xd537a2b2b97d104f2d9c7a84377fc11573629085,1
0xe2b76c9f15a1e5841a91b404ab4be1c3e5d19551,1
0xb082468c8414f30bae1c3b6136cd5bbdffebc1a2,1
0xf3998eced96ae3cfe880ac9d2637b4118da48e22,1
0x99b0987c7c6e6ab8ad549ef03473ce356f6e52aa,1
0xfb3eb8b5af7d9c38a1b6d6f4a4882cd07c85d2dc,1
0xfc7d068f069e712dd35b439bf6ed9df8f58d07de,1
0xfeb41f7dc10c98fb5a7995fd9c5de7c83e02dde7,1
0xffdc43e03609c792bc62f4fd137ad80e4b9c294b,1
0x6c447537ed9c6928492e0f2882278ac530892ff2,1
0xe6d5ec576a21924dfbca631d8128f5b4272a7fe6,1
0xa1d3c765e9a9655e8838bc4a9b16d5e6af024321,1
0x22418183c90741bab6606c0e0d240ae6c3a148f0,1
0x52690f90740621f89f58521433e9b0921d626708,1
0x53f1b3d8990472d1adcd7b76348e5508db17cea0,1
0x83ca0f19abd240c3b04bd55a2046c308d042e196,1
0x0c76717074a973f3f6e3d422166c999483f6c7fd,1
0x19bce10bdd129d80c210a01826f1ad4dd1ed8273,1
0x5a2b7964b5d7c71fb502abe009472984be92691c,1
0x21b9c7556376efdbf9ee316a4ede0c8257fb7533,1
0xe0e31366067277dde4a391cd5d77f43cdb9ffa6d,1
0x4e1829da30cd7ae2f3e9915cb8c9f3f203ac7d83,1
0x5e0737b90f1db90eb4f423dec067fd6c06a958d0,1
0x6b539c723716628725aee9e7e26796cfe1f38fcc,1
0x70814fb113d5b2b22902b568b67ebef657d9d66d,1
0x78fc8aa7bb4ee047257a245ca590fac4ae4aa97b,1
0xd6ce702632f94069e138d30836194b121f047e79,1
0xa10bb823fb55a9199e4f521d0a88993c4cba7150,1
0xa2917120c698fb5f2a03e3fd3524bda85a3eaef6,1
0xb40969f60bfa246a09593099dace2ddd543254a3,1
0xb6c4ce4eae85066f8fc45093d12444c8b89a6aa9,1
0xc33164f7ecc76869fafd44363cd094a22e0c296f,1
0x845f97e61d7e868b49cf3b980557de0860b11a79,1
0x54e386c6c6e46cab1405e4816c7e69dd518dbd74,1
0xe83366a625f1e7374bd76e631010207edbc6d194,1
0xea9f3a983d965e582c34eb852c18babac52050d8,1
0xf81489f074a9f70c294164e07692559269f3defc,1
0x3f6890d70511992e9fd62ccde4d55b1ee5acf4be,1
0x0e5c3e22b7239cef46f56741ff66369f3cfecb77,1
0x70851d944157eb9797820c1050e4955316201973,1
0xaa677fa158fd7978fa4fb805715631d032175930,1
0xceae4ca7d082856d140f3672780029d6e90c3dcd,1
0x09b2f0988b6d24336b348c84c2764d2b4f85142f,1
0x4c97762d6b0355ba508abd284e55afa4896525f5,1
0x7dbba7f0551aef5894fd6ee331b95dbb4349f5d4,1
0x11267972b5ec7554fe1b315390c8315f91c4826e,1
0xe72eeb929e5aa9bb4f6a346376546a19708c100b,1
0x3fc9d73f76e697113bae54eea77325fd74aa6057,1
0x30eedd4ea7e1959fc9d6879cd26f1d8baabbc5f6,1
0x5d89737e854c860d25e106c498c6dca0b516ed7a,1
0x69066c632c7a79cfebb10c74381ea62b64462d43,1
0x5674ea0b10559d94d1141eba00ff14211ea50151,1
0x01ac9c8027c3c91c49b33d1dd084ed5b87c7dc92,1
0x021f4e8b7f8f253b6e2ec8347c0b6d8f73a3ed1c,1
0xb3c0bc50b421ba2106b8d358d9cbe13efc096418,1
0x14bee91efb79a8eb2332c31177fd3a61481ccc99,1
0x26170ef869643debab1491cd2248410dd5534bc5,1
0x61526ca189ba3b508780e794667afa0c7c3002ea,1
0x2d3fd9ee49189959368448a5cbc63213121d66b5,1
0x31231036ed51376a70b3824d7da1a4e036def5a4,1
0x3334c740aee8c9e6a0c6f16ac057b0e9c6a73479,1
0x2b6565c457d6e73efc15eab80b8ffa34b6bf122b,1
0x5d0d23ae81ebe1b6ac96411b2c7bc3bf7463fa25,1
0x6e1ac9b3f4499a73385dd8d2daed6449406d49f4,1
0xdf1e3abb229d42a182ad61ce8a63355a8a3eb0f8,1
0x865b85a6b14efdfb42377da0469ea0e19ba203ad,1
0x953b0f8afc70e0fca9e2e43b0a4914be002c4e94,1
0xaf77e6ce8fef4b096e909ebe6c475cb991c27675,1
0xc8ed349529bab23ac6c726693623cefa2e31ed98,1
0xc9ceeabc1ac7b96fc45a1c94edaa3b10197cedfa,1
0xd2f2a56affb67a9ae2499ab9df1689ee78fad89a,1
0x79479e4fc351f23df380bd3f686416f6592a74b0,1
0xe3b41ae8785e4107cc69f988042ff4a66a367fac,1
0xc4464dc30eb53437a1e84f380f813f61ae7e174d,1
0x8f72a6934ce350b19432a3dcb1c698d6f7b49fb6,1
0xec9e512fe7e90134d8ca7295329ccb0a57c91ecb,1
0xb0728e38704fcc7ab3fc87d7aaff434e6b4b6ea8,1
0x42689518d72a0fdbc34cfe30aa36d89ed8beb5bb,1
0xeb775bf133c142e873f2ba6925d53107550e8703,1
0x77acac99ac831a1574b9db4d15299e98e195e6ae,1
0x7c741ed01ee259feba4b7f9cac114f48bcafacf3,1
0x2da903666829f302b0501f76144339213259c260,1
0xf4dde6ea673fb810b6f503bf441908bb30b929f8,1
0x0db7b27b7a3ea8035d3f66f3ba7532221ef06abe,1
0x82a214b23c0119f0c37be360889927d68c2caab6,1
0x5022cf478c7124d508ab4a304946cb4fa3d9c39e,1
0x765718a8e4a5562be34b122af259ce5a71372e12,1
0x7dc166391edba45b124e236cd099fdb266e541ff,1
0xa1cd04effc5cee3b373f0db23a88e2769ea310d5,1
0x3167b9eb4392e5007ddf5a3df95ed9d7966cdc04,1
0x0cb1b32f096302c93488f072ebd3c500d2db850a,1
0x4a0833202f399e27d8e6af4388ac36af07f043d8,1
0x21d5c2d0417fab439256e0503e9a6a1a919b343a,1
0x746d6a24ce0f341def0bdf268d5d9e6b5b29a021,1
0x389458f93e387fc568ca4568c231a64ffd0456d2,1
0x39ef1da92277310427cebeeb8e9db3cb5dee0021,1
0x70da927bc27dff979cff22493e1ba26f3a61d941,1
0x7f6ca49d1e50671a586a76bb082dd6b3f73fef17,1
0x7a79944ac7e770cfd13ec024a4b31b8c5efee60d,1
0xa8806ccb79069c976e37ed1950ada0eacef6a289,1
0xb6c189179b204d14fcc0b608bc97243b389b0030,1
0xdde27b3ba448e15357183060ae006bb54ebb3d86,1
0x9a42a95b8cbfdaa6fc45fb6986b7884e19085554,1
0xf1e1c701b49b1dc2405a9e8ef40f9f88802b80fa,1
0x98c45d5ea9ccd8278fe43ba740e967a49cd19e6e,1
0x865486e7d898e2257761a43ad56731ac85193451,1
0x6767b1e546dcb7499652a1fc4bd6f1e36992623b,1
0x7ae4784a907460858231609f565bd9580f609b05,1
0xcf803a49f6e37b92a4040e397b976939dc5d9841,1
0x0329db0ddc11dc44ec36780b8b4f896b39f20c2d,1
0xdf8b134fb7743acd805ecdee11335dd0cca921fc,1
0xfeea8258077cc06444679958185f4198dd4cd324,1
0xe28470253f0c9c7afbae7f61795d6b1ca4644b2f,1
0x078cc4caa131eb9d6d3e31847946d5f37fd3f58b,1
0x08a474203d14053eabc30a5bf877bd22a6554f0c,1
0x0e757c27de6feed6d9f43120943ef07d89335483,1
0x206b0526f4866e7580780015cbacbb4a8dbb8c80,1
0x30277ef932d6212748932051080000c6a6e7551f,1
0x3927e502c865a2c873a735775e224930eadfd2e3,1
0x44b4d430e7c56e4ca04c5799e561063ccc1f1df2,1
0x47e64ae528b2d1320bae6282044d240ff67e703e,1
0x4ab5189a020ccd88f05c36de69e4d868d29c75a9,1
0x50f8c08b0124092e1001b355f4b8ae2df85f715c,1
0x64932f86d69f2717307f41b4c6b8198000583c63,1
0x660105ea6435e8d4c887a3c830b8812746eada30,1
0x67a90218cc5fc1adde45ad27a257f268023b2ecb,1
0xb5ba25231cb906e68e4bae0e7bbe6ecd972be883,1
0x803028dd9d3b5fc1b12e48b4f3f4218cc6470146,1
0x887b86b6b6957f7bbea88b8cefd392f39236a88c,1
0x8ec2d302206a166c9469d2f17c68909390a0a64a,1
0x51db75f734f02f392452d94e06b7b703bf6ce197,1
0x6cb9275b70a362d8fe5d445268e92186d61ac8bb,1
0x92e23d20fac1e040b665242d3fef2540a14fbbd3,1
0x858bc5e9d9fac29c9256491385dc2d39090f635e,1
0xa8f1b7bee4bb60311511144ecd6dab7b04ef2735,1
0xaa7305bec9ea473d54b400ce2dadcd9f0edf6039,1
0xbbd38f1c8cc4e8f1c4444db21f4bfe2f6393d9ce,1
0x42730be065701c569acff12f3900a716b7e22e96,1
0xb8eaee4a13dbd506bd8925cf7b9c950e7f5f8539,1
0x137f41ca27f570d4c50e56d5c20ae2807225f09c,1
0xdbf55298b349984a50fa98c7c6965994e30fc3f4,1
0x2ee5fc834903186949c75e0dc10ec245397bf1fa,1
0xdbeca36c48306867d9285e0e0d5ed1f5aec28a35,1
0x9197f339cca98b2bc14e98235ec1a59cb2090d77,1
0xf5d4a3b9fb77d1d5600a10e0e1c4efd12f9be751,1
0x331b4a1242ad6a794ef127bd61fe57d7bdfdbb80,1
0x2c31159f1497aed2cf9c028e55416f3050db1dff,1
0x08f8070f1a17791dcfda507d2e1a47bd78b6cdc6,1
0xd89f974ff441671fb1df0c6e0d76566066d59fd7,1
0x269c2d0badff4e365ac2a0da8c8e3f186b6adaba,1
0xa09a8bff2bd55a4cc980a0b08b0589807d981959,1
0x456aa68594d1f8604becc3ec11b6bd0cb6e3e7ad,1
0x6579c8952410aaf123403aef4823984c5c0c8c58,1
0x7cd9ff84abf2b23e825154aca2a62fafe185bd5e,1
0x81590c16b9d1495d133cf881acf5cc0b56730b74,1
0x832834fc5b0b35ffd4cf697c4ec08815ad8d6a52,1
0x846e49ece01ac637f57c2fdf3effe476b7001190,1
0xb0ae827e7a8c4b4eb71d4119c32a250333769364,1
0xa03d04ff89308adf54badf18b46fee9980093524,1
0x70eca2140a31a97343dba5434fd735d3377f3d95,1
0xa21e1e6c69dfed02b6a69c4c89ea46a1e6e31b86,1
0xaef0f7d5e749bc7dd4303ff5990d1190a3e33969,1
0xb391806676cec7fd36dc136dbd4097bde13e5b5d,1
0xb7abe0f0a1c31a88fdcdef71033cf7ae7d12f2d3,1
0xb90aa714bd30e6f135ec15a0cd2605af1590d184,1
0xbb59498b19783e5d81f72ad07acdac619b6808e2,1
0xc7e8a6abb9b5c76c75c9bb4f77715793f7f8205e,1
0xeb0bd6bfa6d109205f857caab59f651fe7631094,1
0xef04cb0003ca57dc7bb563d5ea3248241b145bdb,1
0xb37c5603fb0c6c2e2b62d0525affed9e1e5a6a19,1
0xec034c3abd17fbe51b10283d0902a1210041fc77,1
0xcb2e86b62b822faf4f50c3251981695d5058317a,1
0x6372d3c71aa13be4942b1c854b01608f97572e3a,1
0xe98db550e4223a29431cc69de73da1ce6dbb2755,1
0xfc0ac71b8ca9b219b3c74625755f62202d19ad39,1
0x06fa75bfaa972845e7d78a6d928357f15a341d6e,1
0x36799ff7bf99602870b91572e2a897b06c91c87b,1
0x5feadf8ef647da7f07584b3d33fcd565b79359a4,1
0xc7ec028c706ec2fcfdcf66bba7e80ded634f6ca9,1
0xd7d941ff2890bda98f40a5dda0593d239a603f09,1
0xf54d41cd3ebd5d20b10617e43d27ddd3d5e157b1,1
0x5b8ed97b1e85ea4e5e96c3a6e00b0835b087fce5,1
0x00af1f05c68de87cef3880012feaa227e1d6280d,1
0x026e3a7cd4ecf91a8ad116a6124880d876af3c99,1
0x03024d05b1aea10b64ff3af1fed6a3df9adeebb7,1
0x0c28d263fccf3ed25a48ddcf6561dd9cccd791b7,1
0x10eb84abd429fa4df8dcabbc7c2803822a5b82d9,1
0x84ea8215947e5484ee59818b789de9b4555bcfae,1
0x1ee5106b2233169b84dad2acdbf498b29c3c7d15,1
0x2500343bc827272c5e1843183ec42dbb032ce0ee,1
0x451e5a27f12eb7b1e747480c1d3927023690d43b,1
0x2f1390ec03a03e57a1406bdef57c9cf487f62b78,1
0x301cc218009608e59f9647f4b7dd8a49be8493af,1
0x3bc161e3a5604165f3165ed8aaaf0d490e559324,1
0xc422294fc110d20e70e8fa2e09efb930fd392b88,1
0x4672fd2f3f3813ff0e33c74565b404fb0f649051,1
0x297b408578957bd0e0d5458f1fc85920893689f3,1
0x571b8db726c2a29d237f88c9efeb896290bf395b,1
0x585a10b47a764797d34940cf06c01cde86ed3efe,1
0x5b1022d859a46f42fcf24bcd8f5ab616e52b4800,1
0x6fcc6a63d5a88d11db950dd030e78a20969ef28e,1
0x78535e0ce83a76158bf3e33b5c7fde140e1f435a,1
0x808421753a181e96812796b7ab43d3f356cc5a77,1
0x834a9484537c2760ef6d6e6736d1ea800d67966c,1
0x85914d049aa004d037cae65bad275ed4147f172e,1
0x29b318c8dd1600ed546da34785a67c6dba323ac4,1
0x91ff56da465f9e7d32200c3042087db23ef2410d,1
0x94db5f225a1f6968cd33c84580c0adae52a04edf,1
0x9cbe929d81a88ec754c195f6b72e6d8d0fe57acc,1
0xa33e5e1ccf57c0caf78ae399061f270dd24ffcdf,1
0xa7b326a83efb381d38cdf947078dddfe77b8f953,1
0xacc4b6f3ca8d59f631c1148dcaa52b9d7f5c819a,1
0xb5976803fe7b4fa10834e98433f38ba208c53c0c,1
0xfcf2c8a6b01af46a4bfcadbabe49b98294fce61e,1
0xda4c79ccfdcbfa9128b1e328f77e5f9c6ad72a44,1
0xdafa9e3dae493f0b9d6872eff4fda0f40d1b7488,1
0xdcab53e3c8a2c37cc5e2509c2db0caa6c04f3ce0,1
0x0bc7815f29ede74742d7377821506f705cf0d809,1
0xfe8312a959e031c7d4cbe3f9cdd3ec8726d0d80e,1
0x0aadeef83545196ccb2ce70fabf8be1afa3c9b87,1
0xe05e90015f6577ea1b1eb682ff8e1db1b7b6bcce,1
0x557c60995797fa7b47be105227a2e46148d85750,1
0xc4c65d75dd6579671db24990bad1f502d7c96c8c,1
0x36ed861a319278e5b6c39028884b0ca93df105d0,1
0x4808d5a2b6423abc0060465fdfd338c58e758690,1
0x73d05c2ea70dfc3b220444c94567dbc84bb0d24c,1
0xe4c8335467ce3b1854dd828f14bbb33aa4771818,1
0xc3c1744bccfe4691e332c873f9cb99b53214e03c,1
0xfc84f9ce5a0ba010344d690f849988fa033031a5,1
0x017ffb7c9e5aff47d9569265d7c78b2494099782,1
0x04490fb053a8ff110bea35f22d955c0092aae5f8,1
0xfb541dc23e3b4359275d37e9e8ea3dc54cae5ff8,1
0x3a78c445a403c72080cf7e29a1193e79656c6ac7,1
0x61bec61b20631a53d14b176c83b8d47fe711a6cf,1
0x8f4b933491e1319799229ed9d36b179bb859d705,1
0x9f9ca0285dcc35cc6831652e79c029fd0ed4bc75,1
0xd9390b46a1749dee5325a490490491db9a826d1f,1
0x5390b04839c6ebaa765886e1ede2bce7116e462f,1
0xda23ab0b2636c3f9806a868278d73aef2439ab60,1
0xfcdf3c2b2b6ba00e6db59c70c424b27970ff3974,1
0x013cc394844aa993d73ca9a08d89dd6d046f3bcc,1
0x28cf5d9d465dfaf5c616958ef8b23dbee567e2b7,1
0x2db1307f1487c2586473f570ef6832d6873a0053,1
0xa3ba318be80e54611062ec946e0a4569f61a91f3,1
0x2e0c7eb1da51d3b2bcf6d4a7722e044b92da3f58,1
0x3839a6c85a38de97abd0ecc092ef3311a7f1311e,1
0xa8e4e5983cb561071930f9c09e5633e3d52a52f4,1
0x432ee7ac7b80d7c5178fba2ee910482f7a6abd24,1
0x44f2afb689aea37ab17feb2420f17f9a3e851307,1
0x4bfb94bccfd860e1f9d85c10a8949a722676fc4a,1
0x5c9e2a6fec34b510996a8e2a3d1e2c47a382a8b9,1
0x6b29380bb9955d5b2df1624c5c6a72a5e69a6b80,1
0x71aa6c4e87225fcae2df49f977c7fc0d1e8d2112,1
0x764abe778aa96cd04972444a8e1db83df13f7e66,1
0x7c76cf8894d42ed11b53236da54f05add1d44073,1
0x9570fbd500d3591a19c8e3b07e5656249fbde200,1
0xa6f2088af83fa7a0510a795c695721612c110e17,1
0xa39d385628bd00438f8a9ba4050a25a0210f84eb,1
0xa8e54b46ae93e14eedae486a9efcd4c7b5a5be20,1
0x0076256425954d097a4003fa46d731f895cfa829,1
0xa2e2d58e3c20cb9bb4a6b8ae3c2b7ff22d30f672,1
0xc8725543112dbfb55d54edcd9c9da2239ca1bb92,1
0x7fcc2335d3d04005720c7656758eaa8825298bb8,1
0xe082d4e79c8e9587deb8539f3454da340b0f5668,1
0x7d761d8828baf244eac723f82b2ece15ef8adc4f,1
0x28d2e96e6a94a37bdecb82579a4e01e873bc1d09,1
0x63923511f7b628483f9e160cc173e68a5ded11b6,1
0xae0d16586e5d60d334624c115216a52b9b1a0335,1
0xd981a38d80de1c1528349b841833d3a9a745cb37,1
0x271c6f480aeb26672b915a7b33159ce8f1e97fd3,1
0x4d37ac8a8eae1c93744a16f446108e983a275218,1
0x8cebf0887979d86ee2c878663af7b71a35d0ba24,2
0x91f1b4d7543f4e4525628765e883967facd25958,1
0x58e5c598c2a5817fdb3f0361229b0f88dd22a9c2,1
0x089fce8be711cabc806d69b1d0d5aebd52a06455,1
0x0b7576a64a0f4b4924d55ed328ede4979446521b,1
0xe50d9d1d59c96bab775b733d17325385d1c66d60,1
0xbe957a475844c127ddd207b4ff1f63900fd13e57,1
0x12a0fc764430a24833fde0310fce8071e1b5da08,1
0x39f3c15dd690163b5d985543484a8b51fb3233d1,1
0x2be2c0f632f69d3e5dadb32b4dec2689e1a77887,1
0x7e8b97340f2cd42cba3ab7f207235c57cf89370a,1
0x493485c7b822d077f14bd6484a5c40f2adc91c96,1
0xa431d9ae84cce1c1c6d28f8258b5b95bab930210,1
0x5d5fe1910a289b24455af49ee3e41405f94b921b,1
0x65ba4f92d7dfa813ddbd849d9faf38a723dd9b12,1
0x72f52de160ece454a2d75a410f85f4978045882d,1
0x7caa9f43822e288782e3e8797c8a16774c689b3d,1
0x7dd8712c81695e6e3ea5aa3d1407e58b19b0e9b5,1
0x81974c1a09e53c5129c6e4f74e547fda0adf4d2d,1
0xefc26e228cda4085476fb6a98331ed6f504fcad2,1
0xa76bda01601ebdd50512c2103a329db572d7a77a,1
0xa9237c4eeebc879208e59c867cb6d7cbffc1df30,1
0xa96d4549729c2a826237d91b3a3700cad7dfec4a,1
0xadc9e7a7d129be37bb89d05defe860ea28d4e6fb,1
0xb53ee69b92ad6d12e6f3b1f849ad3e706e31a263,1
0xc0bcbc0a91cd42e4808faf190e0ad6e9a6c027cc,1
0xcd094518f2d30fdd8c7911636bd8b52bd5303066,1
0xfdfca754ba734df524f7a72e336aac8d159c9d96,1
0xe262b5a7fa6d23be9007eeb93833d2e51d89834c,1
0x8be5a2df6488b0937299d27f092716f4a9ab2fd8,1
0x5a6b923189d47dd05772cf8599fed7baa4066a29,1
0xfa24cdb97ec294a82417280c86bc4e5a12eb40eb,1
0xfc4672341c78f1ebc0c23fdbcbb03b61c6f2d50f,1
0x57dec6115e561f3de9fb7429cf14de429713b3d6,1
0x5a3a1461310884df894b7e973305f690fc5779d0,1
0xd413f436a036b9773d7adccaac10242e27b9da74,1
0x42f2d682d9cee89a98347768337938ed8d18c266,1
0x530891425d8001cf73e71c1dc5a2408e65447857,1
0x0ce6a432eaf0fa856a7c774170999db207748240,1
0x0f0eae91990140c560d4156db4f00c854dc8f09e,1
0x78143238df750e9d9f1082e12ed56f2bfa332d65,1
0xb26c452e8ac20ae7445fcf46b6478d3984f5d8e9,1
0xb68babf19df3889f5185576f7f657c9272923002,1
0x11924c505ecab6a2434bdfe94bc0ff1ca081facb,1
0x3b0b262b187001522c34edcafc378500133ab230,1
0x5a13b9a016ed13ae3194d061b630704e993788bf,1
0x6ecb6038d923606b3540c4c6ac267c73ab7fa3c5,1
0x8037cfedb47d493a391dad76c4f60b8927cb8108,1
0x8da03feb7174b4b2a6b323f3dc40d97f3421cd07,1
0xa7d90dab198886529c97afdb77007a0eb28a185a,1
0xe07caa87dfc96fbc74f4c113270cd385574d5bde,1
0x631cd42eb1063d1fe2b49a78744f3094702edbab,1
0xfbb494b311f8790072d6f2d5ed1ab8695ea8890e,1
0x017347cb75ac8725608e593ea35d83f9b2b3cfb8,1
0x02955d69d33f1d811a8431b237841813f5a07338,1
0x0573383fcc26eb066010d28d96ab02f7c5cde67b,1
0x488cbc938350ed55e5e7be56e98bdc06eda00695,1
0x317c32ca0309bb8a1f9d8a3e2836544f233c841e,1
0x36d89738405a8325b7c560cab2dd1b88565effd3,1
0x48238faa9bd6d56fb44a32dac6185f04eabf2117,1
0x53cbd34ca41a2373dc329c63dfca349d90139e27,1
0x62af590649b7abe80f8c6dffbb92e0875b65e37c,1
0x6d25c0fa070e625dac76b29bcf0917303cd52e7b,1
0x7decf7a31168778f311c57b9a948abaa7321001e,1
0x914b1b26f461a8797d94f06ed41e01f72b0484f7,1
0x8120cd4fd4d867dae6dc1c2e9c504224ed045f34,1
0x833eab3f58cf58323b8e133cf69503698c3a21f1,1
0x8a9d3812020d70bd487c79f2ce471ccf87e17ad1,1
0x937321e0cf0ed2a20cd6edcd53ab96ec89d22a29,1
0xb2aadf6bfc0a5213acb9c279394b46f50aea65a3,1
0xb33fb83c645ac2a12b138636fe59604312092484,1
0xc2e7c3a5675ee1308d56f5e4fd614007e0fcc63b,1
0xcece625176cead11c8d2dd6149fda2496b0c192d,1
0xdfd818378e60a1b7e26cf165cc57de8ff0a65478,1
0xe3c2eb2e71724aa14b1d13f81448873e983fc25e,1
0xe5fd5ec4695b93d7e43f5d96657a535e0ff499bd,1
0x1643635228eda7c2c82f05b520fe755eabaed547,1
0xfdb325752f9793ae7fa4aecc641cf5386846f566,1
0x37145f730aa36ee38230c49830238beb3f4b3d32,1
0x0d69a096b2c66310309f0ead1d6c97c4dfe87086,1
0x2c52248bf9f5715570ad007ef4d9c660ed8ae2e7,1
0x88f038389cbe95a917042bdb0f3afc434c680edc,1
0xfbc76261fd55cf91b81a97dbcc2b3f6118f2b935,1
0x56bdc5fe7f9752e7f5a381e394acfe72a724462b,1
0x54e0ed085cc169cd94e27586f707a13136293ff7,1
0x38b2d736e41a273d607b24e888a09473226c46b8,1
0xb0bdd53b627d7e61cfc5c13ef110e47e210fac6f,1
0x5d20e6c0db887b5c3281edfce5bb7677565e2b8f,1
0x4dc208f337fd51bb6a35925cb4a6b0ed168d3460,1
0xa73769aed346319287410811639ac3bec8464d55,1
0xbc3e09e1304a2ed5e72fba9cdf5d673fa82bdbd5,1
0xc7c32e908ceca0c308e6c6d58050d233cd278661,1
0x08627cddb9710dce14c3949ce41278514a82253d,1
0x57bd982d577660ab22d0a65d2c0a32e482112348,1
0x72bc237cf598505dc00d4fcc23b1663e206455a9,1
0x76f51986e21495178646cf499d925b276c84ba4c,1
0x15c6f369772e56215d03bcc17f7df4dcf977c986,1
0xa0ff0e41d6847b1fce33a721a766e9e040027e6e,1
0xa32560268dfff7e62cd0cda1dcc699406321aed6,1
0xba966690326f93bb2353afb327afba021605209a,1
0xcf6492639384eaf2dfdfb62c22c07928693c852a,1
0xcfd648eb66b736351f48dbd5a1752708371c10f4,1
0xf031d015a1bef62136694b05c6d83378e13ba71f,1
0xf3846ec842c2490d6289858e28038cfbec660689,1
0xc6bd194286802c5975cf681201e41f21a4e256aa,1
0x6a985d43884cad2bce72cf0ea04d9dd0dc233d17,1
0xeb8661e8548dc074b9ff411080fdd9a377e6ed1e,1
0xce90a7949bb78892f159f428d0dc23a8e3584d75,1
0x56a061f4ef706e1f6dcdbcf7e10e4340c1d99bbd,1
0x7bc00be5a427b43a703d91e38754a7e0be1e5341,1
0x8bb8bba1ccb6b2b8a35061aa65dd8e6f369a1723,1
0xc58326c7020f26345f4568cc09daddf019a8e6d4,1
0xfd17019d6a7ddc7ad585afa68dbef71084162601,1
0x09b059de568c4c16a862a68379452d9e7ff38fb4,1
0x0e0e34094e42f47fe25da3cc1b441faf15f8551a,1
0x13c39b3e6e6159bc233fad90825f1f9f84fcb102,1
0x1d25029d92a7051f46a13be9a512443c966d3542,1
0xc4c4aed3871be9ebe51316e2ac888635ff633106,1
0x2380ca49ed8e933c97905977763693e5cf8770f4,1
0x26f8fdd4f8cbf0ca1087e4f0b9e44930f5f2f159,1
0x2cd00bdf1605046cef0f50420831bf3b7d675882,1
0xfa0371c9bd1729f67d84bb374c867e837cc6b84c,1
0x9d36ee50503d0928d213926c1ecbab626a36e4af,1
0x9e3df7c61454a7e2fbb1f215dcb0efca1da8ccda,1
0x61e814fe997f0b2816fb9ac3c7df3aaa38d8ebb6,1
0x632734882ed0127fbdf2666478df42aa916bdc84,1
0x65082e943ebbcb02be9ce8fe42617a8ad8be33e6,1
0x66567f4ec7743e58713f44f083da3de78a52556a,1
0x66fa06bd24294ab3bf123153e49b9065cb7672e7,1
0x6b457642d4c02c46f9e1097518cd689e2f7778ac,1
0x78a4b60e4e66a4c2a6d9535dbd037121e5788d9f,1
0xa817b9bd1ece360e4a1692894a5ad1d40b889f20,1
0xd8d97db2a8caec33d58420aaf637cb41058cb58d,1
0xe3f3e433102cb26a5e8c88308c9308061ce6cf3b,1
0xf6f85d9b96a43c87fd29e2facbf644df6bb029b0,1
0xf78f9f879e0c3ca488fb83cb276b0a9bdc42e103,1
0x27e037e0461e3d5587de786ea23441d83772353d,1
0x36083c868b16780a0d39155c88e92816f4bbec00,1
0x44c967fd7afaf25a818563089176e6622b2f022c,1
0x59a5493513ba2378ed57ae5ecfb8a027e9d80365,1
0x646ef8e3c8e79a10daf8f32621a3e468501cc3e4,1
0x82015102581112e32d7b9d80ea82a55ce47b3962,1
0x98172111480cc81621fd8b12bed2fb5095be11a5,1
0xa4df50f02a778bf281ea0db761900d354449eb17,1
0xcfc386cac57d1f35db92f285f7751d2ba185b910,1
0xe50ae5655d227767ec3974a11da7e4f67476b96f,1
0xf6b29a05b0023a8c219705fbe550b2999b94b1b4,1
0x24fbadccd6684106e24065694ac87b0e98819235,1
0xdafd126712aacea92eb9fda9f148d949a3453faa,1
0x32dd9f6885332ccf8633a18cb0c2e25e68fe03d1,1
0xa6b880ad5e007ce8bc681ca974d79ce58fa0424a,1
0x7dcb39fe010a205f16ee3249f04b24d74c4f44f1,1
0xd25a430b1fe01439d4c5d361dae57c17d4f4ee45,1
0xafef3bb7fc3cd8ae083672b65f79e6cefd4ac619,1
0xa4c0963b434e752180741253f70c2433ee71aad9,1
0x07219c7136f49847a6be9fd1ce27f8afd6a074db,1
0x20542dffc2f7a51cbc087f54fcafd9ffd8b5c899,1
0x4a15e3d354043fdefbb8fa77a55da211f4058190,1
0x4ad5bf7218b6695630208560bb62a38016ed64b3,1
0x4cd8e0bd4a991b2d7763d80c4c63dde5582942a5,1
0x5bd832dc1a5ac61f687b87c4199b844819a4d8ed,1
0x5c0aa9d0da0fe51cfc63ed2ee8835a1209c38c26,1
0xbaea3cf94abd0d6e0f029ef5b0e54e9424a72985,1
0xbccc968eeebffc2586a50eef0ee1cf12273c9604,1
0xc659fd78a395d70ec69ff034b4378a712e7edb64,1
0xc81db1fd05e00aabe4b2b03863e50e4d9d9e67d1,1
0xd1386560f0fa070b6b79e9968e8197cf17f3b8ae,1
0xe120eddd8a1fea7d73aad75d8ed8406988b2c98d,1
0xeb43b5597e3bde0b0c03ee6731ba7c0247e1581e,1
0xf6ec5b0d097178a0acf493afdcda2a54545ab0f3,1
0xe69cae620953aef05e9276f35a7d3cb598bf4b20,1
0x039649f7c2f548692184da3fedf316f58e8356c0,1
0x1d522bd33cdd1f60be71b0b7b2efe4e9f20a5263,1
0x1df24622941c97840ba53e2b165d4bcd0d86464a,1
0x9fe6eb793adc54267868f310a5f1c029ad85526b,1
0x29cd8d94a4e564a6d6576b467ea0bb9d51c9f05e,1
0x325d12fe8bce0f969f879679275adccfe8ba0605,1
0x348d43bd8daeb9f13611d5f0838225e6a9d89bd0,1
0x3e998c50b1eaf1577416e2bf31a76d09a48bc3fb,1
0x40b9c74ecabb64c797b284f7d4a4d945b745ec3e,1
0x442465cbc0cd84f93c12cb1134dcdad6aa54f1aa,1
0x4525b5402a6d9eefc656e828b9391aa9dff2446c,1
0x4e3cc03eb2be6122f2316b84d1c7edb900e90dba,1
0x526ef837f56eb025908ba91811a6ed0a3b32c560,1
0x60e5299f49cdbc13d152323105af462071b22c87,1
0x6576a26763cefa8f37005c067f7902960dec6b8e,1
0x66df459f74e7c4c4f3bffc96d99681592bbe63a9,1
0x6d8dec3fd68d94a7189a98346ea52b4d32e00012,1
0x71e22168b702bcff528b8974cd4b723250b67609,1
0xc61ecacb2f792c7f440f5c8888356ccd2cee1f6f,1
0x7a71dc357646a8149a920dbd26f66f07769f01d9,1
0x892eaf46a9c1cb75c3f230420dcbee6320c26932,1
0x8abe2749b67ad7debb7442c46ea4a0e003d4852a,1
0x1e868e0f5948fc94ed99dde0d0aba939e7677b47,1
0x93286d37e375433ba957b79eca5012ac7ced16dd,1
0x93549cf8047b3e305fb10df7110da213e9429f9c,1
0x94b6623e1b6d36a3f9d9e4c156f6937206edb256,1
0x95d41776812c6ca222dd5fdea56c065b55ff7655,1
0x9bc66bb0f94a38e55809dcf7eadfd6bf98d6e184,1
0x46d43db499b97e4933d43989d619fc4e193b67af,1
0xac1a04679039a1718d3820fbc254ce29269af784,1
0xb099a3c3043b262518d9b6cd4d5c9f589b15e2ad,1
0xbc9aa6262e2b34d5d124bd754d74a8a61f75580c,1
0xc03e57b6ace9dd62c84a095e11e494e3c8fd4d42,1
0xc30e9fda779efe2081dae6529c0d07fc16769c8f,1
0xcb4de7db08b4dd0a9954fcfa0a09762f58436df0,1
0xd787c0eb515dc96419dfd906b7aa27e8b6209f31,1
0xd905de91f928b20ea0ccf455e5ba07eb6373955c,1
0xeb54ad6b8c3e2d43d72b6274627747ce5bfecb66,1
0x0ce390f18af702cca546297845a4a51d102123cf,1
0x0d08c74268c1260d9b50175c41738e1a45819700,1
0x17726f58ba7350a33d08d1bbad623e155fa2daa0,1
0x1fad9f65b39d235469bcb59bc664872b93eecac5,1
0xac104d56e4f8e0462f8c001ec7dde4c68deb596f,1
0xd9bc1fc51b8d8369980505aa96e975da03346b4a,1
0xf33f6c5302fee8dcaf6363f6862071092b3d56b0,1
0x74c2e5ebf5b7d9d1f43425c77b4237533dcf66b5,1
0xdd102d9398a341dec3652fbff4e8769b44fc7e70,1
0xe1759f0cd1358c049e7f64c26e13de9492f9f888,1
0x19c935f591b307139e3766b79b8179c99066bbdb,1
0x31d240db67be4962edc1803f8b2b4da4230f62e1,1
0x35cc856ad0f1c1c0873bd1c05d14bcdba9a6814b,1
0x35f4bbcc8490671edf37877684f5aaadfa4235f7,1
0x393e408ec32d4493817b39f91f5a0b16e3f248a9,1
0x4b0c1beea2e8a8197fc48b0425a50a7204412989,1
0x2fb782b5b34b8e1ccc622966d57f33c6861d28fe,1
0x692997405c1cebbc56ff3416fa0b59ab97fac696,1
0x83399f231a2b810166bd3066a7e506787dbeb6b4,1
0x57c23be389a66a94bbe83871ead5450272f1efd3,1
0x8ca7e4a1f59495107bdc4c7b246691d89fd3a939,1
0x9e923d35997157657edf106d0b60df427eacc044,1
0xa51c0c72dce73e0107ca4bcd18d92ea6fdb020a3,1
0xac2dd8a732d6ce49bab1cd48a5672ce076bbb5e4,1
0xb1709b9283fb61d223e8ed13f2739c0f2e62af58,1
0xb582a841c4ffed063c40d6464b60a45959522817,1
0xb6da1cd1a98a03b86f444f4a4a9b98b67b82b066,1
0x8f3a5750f1cd1bc6075d1fee40ea6bb0265a19dd,1
0xd4f358d4a415b4abb6f6deb40b86d7db62562960,1
0xd6a451d2e4a438d6b225bdcb43450c8604e59b36,1
0xd72c8dd33954e8aa53d5c108906b751ce4b2382b,1
0xda618ec101868a243c7582304f97239cd425b654,1
0xde59d4fbd48fae4b3c20817981baae47f360f4c6,1
0x9c335e4d8cacda86647ff4497789019c7a762a62,1
0x078768f931538c0d7c4744e63ab68844077a136c,1
0x0cb5b9eeed8d51ae57e70e46b2a3596b94ece6c7,1
0x0fd63451aef8f65b74511ef37d231af6767504eb,1
0x1187ec27eb94e65717af65f3ae8c326bd8bb47c1,1
0x13bfd26cf7d981aae5f8d4d88af4b34b4b1d4da4,1
0x1ace6c5938c88db1669de0784f7aa735f9e2a1ac,1
0x239be25e85ee421551fdb7b694e83edc2520c57d,1
0x2a5fdc88f530f9da8bbd996679cd6020ad4d52f1,1
0x2c23b2ea134c3dd6d9a48676a9a41c6ade71adfc,1
0x32606c4aa95ea78d7c5b1e0e347e3e9ae451434e,1
0x3368b4733a4552b38b7d81c215d88cac4c78d8e5,1
0x367a28e0cfbfa4626f2dbebd197046b2dfe67693,1
0x1ce71c7f6bf4d1c439615c32727c7465912fb7ea,1
0x3a9dac8acebad02a7b2bb410adf8032fce867537,1
0x3ac61447a75149ba67639100ecc92c76fb20941c,1
0x3e3721d26d5b8612bcd6504696b82401b9951ba6,1
0x429683282e5a28b81aab1f9126b8d5e4847dfbeb,1
0x42e5abe19ba467b0b32a4d042d3dfd4ba2e196af,1
0x46abfa031be839b1599513887a27a403e8d6598d,1
0x488db5b2f8a9fbb9f50ac113ce9f88c721fd4eec,1
0x4bf18df9139e16581106646c0a9550da43427ada,1
0x4fed7d0eb3bf1bf1ba69320962c81b132ad4474f,1
0xe6a5f0bb03c43196d43badd08899396c224b8e31,1
0x5458c15ff220bf75b92a76229fae88f93df9c6c6,1
0x56277a364990b6d6e497d3223ca95b69a639ab00,1
0x58bc328cd8e7ee418ebecb688ce95fcb211e0a0b,1
0xba483602700172b39ae325f0c1b4be666181f2b9,1
0x6d35392121a6687fe19d6159601b17517f73d0ea,1
0x75850227f61183759cbbfe2b3fb196e798ce0b95,1
0x7921dcfa9f14dc980d7e8f946b7bd223624c3db9,1
0x79d1dd0770fec45768a285da42c2521603c9b91c,1
0x7a3c82c6b4ad6ee11ecf7f395431ed1135d6e46f,1
0x7ae3b0627dac32d3ee16c204ef791e37067b8460,1
0x82061dc4972c8221a9c73a69c6c18d391e9641a7,1
0x843708d85621273f3bbc643b348da3a60d5b0334,1
0x86ff945e6dc2470317ca082a01de7d24188671ac,1
0x00b8fdee9fb53a4783fe174196e724c385608636,1
0x886277820990c1f7d588ae8e60d60e03bafbf037,1
0x8a0c391ed12dfbb23d4a926a7c7353dcfcca8a47,1
0x8b3d832bbf1dac2312068665581d12b19d160d8d,1
0x8c8f1be5dbdfa432bbfb33d6a13779e889d8ccf9,1
0x6510b218d9d775ae2d223332f6a05aaf5c18188d,1
0x8f3a658a9736530e89c242ef572d7198cfd540ea,1
0x8f758cbcd222acb5260c8abe7da7952efff7904f,1
0x9426007c164b0e1cd5cfcd6701fd134c6690d616,1
0x94345607093b249b5100e8d1e499928dc163dfdc,1
0x94decf35f8cbfd59eccddcd6b31f2a27dbfced07,1
0x9996b56c2dd22e58d53a10d38bf299fb5dea07a4,1
0x99c7be4c85c4e9d26b7cab28a4e6dbfc8bc19178,1
0x9c44bf6f8a7291b7a04bebcac7c5cd7fa7771ab1,1
0xa008bbbf99a8901cc9c27217f666dd6abdffdb99,1
0x9f18598d7efd3bc6ac7cf1bb12e8c779e6f196ee,1
0x1f535963f70aff4a8d9911d3513f819ba5703b43,1
0xb848a0b0ba24a233e2f05d0a382e1c2035bfc5f0,1
0xb8dfd425f4d6227036d5342cc4ac2b90826e1b05,1
0xc13d5024c2ee14c5f80847afd09275f8b550a135,1
0xc3a54d251ff53df49deab11aaae634203cb24ddb,1
0xc7c6eec4978799e6a53da79b540432820a349d0b,1
0xca6983947efc848df45c9e84b279438e24727d2e,1
0xd3f5ccd478e59c82ab75f393843015e08892a94d,1
0xd530282d853169a23822762af0dcab045d6295d3,1
0xde18fab0baab095bc41ca5fb2b9421e4f4fca78a,1
0xe2b34bbf669096a794397376fb0587e98eb81016,1
0xe7985c511d1bf0c7668757650b974513628dea7c,1
0xef2aa50b46d5f78a80fc96385275a8dfd82ead8c,1
0xe47f7f8e61709cb13ed6d7328c9d4e83ba22f2fe,1
0xf620422e1e2cbf123386ea664f536d1016e5a5d0,1
0x3d5cd234a502a18cd6d65432259ce0772c1238f2,1
0x6df000635d86613626c5208d7c9d71b84e091220,1
0x71784687d4c74338bf284bea22956c74fbe6d631,1
0x7cef7db4289005fd56dfa6c73bb2be6ec13bc250,1
0x8ac10968eb62178a0cb5d71df80a8699b79b8087,1
0xad74b6eaefae55e9e73e5189e3873ffaa17d45c2,1
0xceb775d4b09c2fba2fe51efcab6e39a7da1528c3,1
0xfc61d7884b047f9f4bf56e984f773f1bd5d51480,1
0x7b50b1f2634fa38d078eb067a4f8f22a666b49a2,1
0x00a28244ccba541b353f33726d790e4238baece5,1
0x00de86cbe88e953c38ec6afb20e34f3c0f5762c9,1
0x01e638b805108e7a2e928a1b0c263890f017a3b5,1
0x02009370ff755704e9acbd96042c1ab832d6067e,1
0x021d5abea6efbcd5dba2c8ae9237471448ea0856,1
0x027cae2ed1a23350a751452e907b4120330f9762,1
0xa20377b058e3e7fddf5ec14e8f64b17b9c8e744f,1
0x040902d25655b8ea4de830a67bd874207e783555,1
0x04b5eaafc9c6fbaef1d9851b902bbb527e76171e,1
0x050e55ae34c8baa658305f084ca8c5d3e1db7092,1
0x059793939effe3cd98edaffad580abc181b1a96b,1
0x06dac6a2dcfa0f0dfb3e7e766515eef5b2c6399a,1
0x077bfc14dd6725f260e1abfd5c942ee13a27091b,1
0x0a9bc3b0d19bca983cd9a6d251dc5920e87b223e,1
0x0aa78b747dfc137ef96b428951ebe32f9ac4efa3,1
0x0d73aa5de89b309798f9fcbba8b86c4fd5f542fc,1
0x0e3c735708f660b9d29b1f05679c13f72e14c0ea,1
0x0f4b8d14968ef8e888ae1462cae7f0dda2828954,1
0x10cf494cdbceb726d21703d21131e131ff03ae33,1
0x11c1238607556c6b23592aed09e469028702e9f8,1
0x12dbcaf089d921da60fe5dfaef912f11633b7dc7,1
0x14977b0dbe7e155f9907effecbb70c9b7a05e737,1
0x15289af0bedbd7ea7f09d7d074e1309800e6f99b,1
0x17154fb9a5ae2b24cf81f3d813c27d8f741d25bf,1
0x193d6bc3375f4821cc2c3d69f79261576cc3432b,1
0x19847a32b0eb348b006c79c1fb2d3ae1276c6028,1
0x1a4c023eedc6ea3e96a1aef691e5e7166fcd497a,1
0x1ac0be8a7b313dc001da3c7eda12e967ea777c88,1
0x1d8e7c8d5ec8d2003ff65c08339ade30e0f9a0a3,1
0x1da0f2a58e65d98a8d04ba3da56cff9f5ace5615,1
0x1eb44b180681e39c3a362090e43cd6e8ce16588f,1
0x1f8dec5061b0d9bf17e5828f249142b39dab84b4,1
0x2141f82d131900acc49eb42730ec8935168444b8,1
0x224b5e80309c565bd310f2984b0363054cba90f5,1
0x225d3e5921f8581839ada55d56497d521f01e587,1
0x23cd0c136f4bbfac9c23eebd97d5fcfaf1230582,1
0x26b0f2d8c16e0076d9c00ff68bda5e75563bd215,1
0x276f991773e3fe3b8fb641ef519d7e1fd67ee5f7,1
0x29059f184faa0a32c83971c8951829c8be27d3f3,1
0x2a09861d6130f52f94b409b3183515cbde03b0db,1
0x2afd8ba65eee777c0f73bb65ef07e1024b627b55,1
0x2d040d1ebd00f0cea5c02a9facf93abaa92772d4,1
0x3204010a20b485ac98be2d1b0a6137de48b42410,1
0x329bd4e3b8f1493c37f6a46cbf40fe559ee1d9a4,1
0x336734a67020ee0f36fbdeb32517a5d8751bd0c2,1
0x33e3c007d1d48e2b645c9ce22570267b0c82f578,1
0x342522ae61de25d48c66807a2cecac4681be3d33,1
0x373db7e01ebfb92d9095ae6b8f6e3d24ce6f4d4d,1
0x381e6beb053a494b7520eeb4f6e26d4ccb503a05,1
0x386e0ad23a9f182d884ee2b8f61ec8c626b94385,1
0x388cbeec5a031e4aad12599b04a4aa4f088e0f73,1
0x38cb81cea002c1a7659762e57b2878a5b93969f6,1
0x39af7f3790eaf739c6ad27b541169252a3d152dc,1
0x3a30fa661820bf261b39f41a63916cad97b20e60,1
0x3b02a822021af8ea7718b79717fea58ec3da11fe,1
0x3b2dd499b5c4fdf97f794525a9586f62e334622d,1
0x3bf4d4c0b1890028c158ae3495af5dc75340e22e,1
0x3dfd10ed1af731582c0268592f9a7b50295a0505,1
0x3e2daba02b8b09879ed9b517bf4603a3dd9c410f,1
0x3ebfc827eb01b07122366efcaffa2a936b914c02,1
0x3ed2abe9033b612ebf78635a721fee2bacf42246,1
0x3edad7dff01d015de2181b5e07d3370a4d6304ce,1
0x3feec5cc114811ba1110ce2319a6a9a0d3e8326f,1
0x418bee1f71a547a370eca0c8a98b622870c5682c,1
0x42a75dde1981f918ba5a84d340811f72ea18dbf0,1
0x42f84b3f0f6551ac7fc2495bb7cd2fa6afaaa088,1
0x45133db3eadd8718f5c3a868ec2f7148e460dcfd,1
0x454c5d0112660b9470faecd934a562b79b8fbf8b,1
0x4e39795874922b61cf3a6adb3a85d52fa736eceb,1
0x4e3b9c6ad187425f72526ffb5c0f0a4b8f6a3b0f,1
0x52147b125db7595bf949ce28b2330365844dc9a6,1
0x527136cf29a1df9024a6493f219a1da64398fdc5,1
0x5322d25a83fedb9055fbdfaf3e485821438871dd,1
0x549f9a40e3a919ad58b3ac054d30e6ef8fa91f40,1
0x55205fbabda8036697dd087135440dd92df3ec36,1
0x5688eedc08e9e7301c1d7102c95112253b393e1e,1
0x587de9b9f765b056999fce807f310c58aea97c10,1
0x59560854986b354d2dbc4368a09526dae0b244db,1
0x5a5617ba16beba3d04ae3c6b1e9d522c1856763c,1
0x5ad045ad16647d870d88ea47b05e39398ccbf222,1
0x5b4bb3c2bb6e2ec707cc39a86dd398c0a9f69add,1
0x5c509ce530f9ac85ffdf09c93c27654d0bc24b59,1
0x5cc91847d5f99d938f2f5aeba3722a8d89c6c24f,1
0x5d70a49e217dbdc1a5049542d70c0fafba5e6bf2,1
0x5f603dfd9f82b7cfea8a03ad7c207a3fb3e5a8a5,1
0x6324a44c1ec7cc6588f730c2ba3ac4ddf52d83aa,1
0x64acc74b69faaaa90a5bcd5c46b4de3baf0c51b8,1
0x64d109081b38c4884708d816baf0dca36e75cb8f,1
0x652d7e1b706b10de0bfee179c1cc41df73d3ed34,1
0x6670421786cb9b4fb09181141edd3aa1e5389975,1
0x67b65272e841084f00a6a428f3fcc83a9b104720,1
0x6850dd83a896ab7a1b191ee377cb46b708d4e515,1
0x69217947efbb9684c32bf2211185e6684412bed6,1
0x6928bfb114d228dffa0604f990d4a964bf1b6e61,1
0x69e4767d4c63dbde5ed038eb52da33cf1ab9e4fe,1
0x69e7bacb5ce01b9e29754dcf5447632cfdf4e579,1
0x6b7c638d26e2be919d2cbde603dc72f050b9a356,1
0x6c349c487ee835f00b604a09967a523b4824707d,1
0x6c5f56ec2cbbe1c9a8539407b121834d2c8f8dfe,1
0x6cb596c5b8f09b4bd1c534fbfb9389d1b5cb6986,1
0x70e7ee4dbbf6f91ef363cd701f4b98b70ec1ba52,1
0x72a80114df86c9e16eb6e4f64f27a4c5c06e8759,1
0x72ba71557730a3f9c538b7ea4dd7b4e0d3cef6d5,1
0x72fef1abced43b44e2c838f68b785fc7028fb2c0,1
0x733983a4c7e778ca9f57cac6ee361c4a9b24e4b1,1
0x735a49fc2a69d8bfd4992ef11f9eb80381db7c38,1
0x7500af1f7f829fa7a7fe4492e66b5bff5c05f3e1,1
0x762da606029d3120735aa1eec15464e265db7a3c,1
0x774274b6e0deebc6567ded29a319399365462569,1
0x78089705ed807984cf3edf9149c9369e8fabb9be,1
0x7a24e9d8c0dac537bf29bfdd4939345fc6c6d195,1
0x7a96945926435a144ef3015ebd65cbc6102c19e6,1
0x7aefd0856861060603fce2910a95d576f6f9fbe0,1
0x7b2ad6af37be6a77c95556d9453e4877b6a8437d,1
0x7c8f072015d4e29c24088fe55e62381406bd71ec,1
0x7e97e648b6576187f1a4a03b194cbfd4ee76f543,1
0x7fb5cb066fea693bf39f9707b496514731232071,1
0x7fc3dd768031af344ebd6cc27c449fa57a582917,1
0x813a3005b071791b98292c74cc0700239c52db25,1
0x8283df093b163e8b93d0deecc226c000e63f2bde,1
0x83882460157b1a14ea50a7e47a992af0beab9331,1
0x83f0aa19ef7ad4c79e995dd684e06b5b44d3647c,1
0x8439f543402d1557c37804cf1eaae930c52bf86d,1
0x85d8e62e0e58e361aee49364e67ac6db5e8e38d1,1
0x85f89831b2311fa2e9a0b0a6a72d27bc40abf0be,1
0x8695a4f9d2345fa0e2d87a0ceaa9d5ba48e66cd3,1
0x86b310aaaac3704454bc23d9bc6df2cc6178c89d,1
0x87accabbdedce63379af9d246bb979a3a481534c,1
0x87da297a832706b5115ee1feb47b7fdb7c476261,1
0x884b9565d3a9d7265211f9354170a4f12ee2c4c9,1
0x888801e8331d0d6098d53a5571e9444ec351d888,1
0x88f09bdc8e99272588242a808052eb32702f88d0,1
0x898a4ce06716dda5436b3ba315662c366c3fbdae,1
0x8a3add4c72da23e647b76150127b78d79c5f0847,1
0x8f8a1e5113b11926950185d74567dbafb0aece0b,1
0x8fc082b2e73f89c6aacd7154871e11e102b554bf,1
0x9036e214758d06286d2d144c23858b4cf54cd7db,1
0x90a3c5613c0f6e49cddfba0f0cbe5c208a1f1438,1
0x91322107acffcac9285a056f3f6c51efe8c7f0b2,1
0x91aca13b42ac160c9e79a3cdcbb42cf68c1f15b4,1
0x91b49b932dd4b88523a390de9c4b964d463376a0,1
0x924a1fe275c0ea466c519830719c8d216c415e19,1
0x92cc4d43c986d478ac45f08fff096b8a71397eff,1
0x931e8194d361571cc8476b15f8ce2f6e72d593f5,1
0x94a5705a0f0927099638fb068c6e3ad77501d837,1
0x951e1d85810c7b25dbc0ecceecb4248b4e202412,1
0x97d670721d09f42f56aa6c3cf501f81d28cb4876,1
0x98bdfe7174ed431da22604aaf87d66fe2bd8621e,1
0x9a40129125dff8e9cb6ca8fbeb07ddc7e4a94647,1
0x9c2f86730fd191c23f2be8df96de94826fc47983,1
0x9d95d36f15c3cd3028d53a58ab6c60a1a7815179,1
0x9f42fdf29597241e83df7d9f9963bcba4436b1d0,1
0xa10378da8fbb61b408e7816b3e85bb003c485787,1
0xa12cea84eb9e6dceecd125de27cf2e9701104956,1
0xa1b669414d40e68c11652b1cd82381f2a6495b89,1
0xa2e08c33fb2ba273d2d8916b390da6a98c800ade,1
0xa668f36603d343839fc028ebbd6c5bee79e63671,1
0xa6c7d97655287be9cb10d67f25eca45718a9627d,1
0xa8207370cd7c6b87aa427459ec439486f3dfc8f0,1
0xa887b1f658aac0ed2a011d5b352cca49157dcbcc,1
0xa92e541cb7035b71fb83e7cb6b8a41c96d8e0a47,1
0xa94ba6f81ede0d81a5252e71916b5c5567ad6a01,1
0xa98220f6dc5dfca27ff19605a0a6d3e1dde4cfe8,1
0xaae8c50d76c76fb8947c9a203103d28b55862977,1
0xab04e55702c16dff1d435ab3ac063c7044403a15,1
0xab4273e7137f9531fcb47d558d9bab0e726e6937,1
0xab50fa55f304be5089f8c82c1954fa564cf37785,1
0xad9f4655afbb676cf93b324c6d0852498a4f48f0,1
0xae4e41ebe69735b89ae3ce1f6fca19883d10dd6d,1
0xaea3e4bd4a5250ec413e31b95126f3f997493a8b,1
0xb029eef1f5505764d0df1750f55612958547de57,1
0xb24ce9443d701c811256f14aa50dc76aebe7f0d5,1
0xb3e8c717a92c29209a9bb1c4da866893cd38a3be,1
0xb5ce9f0158b02bbad38eb706bc3956d5b8b55288,1
0xb6ad61b7558c718269a9129bd9ed9839d88a126a,1
0xb6dd2144ab7140c32af8f2ddbe9472a32e2ecddd,1
0xb6f79b687c2f61fc69fef6fad96aee61228d81e1,1
0xb774f65d9eab67c9a587eadb5b79d0a02bfa5c42,1
0xb88f61e6fbda83fbfffabe364112137480398018,1
0xb9234734c1ace23b0c57c126049a2c40b29093ca,1
0xb9585008e267843d8dd3be39799897239e0f6cd3,1
0xb9ef0e8383eda06ff12b274b961febb0cc97840e,1
0xbaa579d5cd0d5b5afdaa040da6b480fc383b3467,1
0xbbd0699184259cc130d5320d66aaefd35025ea16,1
0xbc1cf0677fc5ed5d797668dfe0453b895d350b37,1
0xbc8877b5f13fb38bae0d795eb465fc3d995c3522,1
0xbcf9401833aa1b79109f9d66808ca2c9a0ab7104,1
0xbdc765d81db7e0ca47fe6bf57e987966a2c204ac,1
0xbfe9e0e820a0099e1eb92e33e3e0e5be280215e5,1
0xc15e011b8e117fba8cc241c70950fc79f515ab3e,1
0xc2dde986f8320ec8682de98cdfcd23e74b091b23,1
0xc340fe835fbc63e23bbcb07f9828167919918b4c,1
0xfb39a75697b375daba7bf3b109c31c4a271abad6,1
0xc3cb2cc3a52c821e72205fffd81a32139bb6c0d8,1
0xc51f6b8ee3c35a718d50aba5dd86683e1fe8217e,1
0xc5e08104c19dafd00fe40737490da9552db5bfe5,1
0xc619f81c6ae4081eeb1f485b2055d5c07af4d777,1
0xc72f40a397453051349f73cf2e2a04fac06e37a3,1
0xc776cb46892baa6d87a3817019367e05652eef2a,1
0xc818ab7e7f54c32d243cd7edc469b60cf13b22d5,1
0xc97cc6cc4b07ad3f5919165c99ce43437d6114a1,1
0xcaec3a0196ff5450b496e618b7479f9a1b729633,1
0x5c99e810eb0d87f17b0e467de52b3b2b4b2a2dca,1
0xce357db97ffca9990947e197a8f6aa10ab84dbea,1
0xd0157b9ebe373975cc9bae67e4f4b92e178f072e,1
0xd04a168be2dc7e756ee916aa7525076dc091357e,1
0xeed78b401a2866587d4307b4d729dc6b194579f0,1
0xd5cb542f355bbb575ab61b57b799e3b0bc40b048,1
0xd6f360590faa66f9e3cacdcf5cca633cb3721d92,1
0xd81ce8e89dd987c8ab630858c8f1e9df14788c35,1
0xd8b3de5e77e6c85f65d0f6d81a6f6670ad67d6ac,1
0xdaac4d315441be67b136f163060865ff0493674c,1
0xdac8fc039f633969116d412522b3338e3f1eba44,1
0xddc9520acb5d1923412674a4ce07bb2e32ff0ac7,1
0xde08b96895c99f9983c631f7a9b7d504bebeeb94,1
0xdea12d981110af0e9c8436b50b3144225db65326,1
0xdeb4c5add00ed94bac132593bf982116a2d7a9a5,1
0xe0f8c0fcdf09a3b9ad474f128ed9d4269edddcea,1
0xe1ce4240b0b8e0c0dea9e34f7e1565c56151dbb6,1
0xe1d8a566721622f88b38e4b81e6424dd19822f90,1
0xe35c3d08163da9bd4efa00879a78504d69820b5c,1
0xe410fe139e986ed5242e19b53806a9fa5ff1fd50,1
0xe4f3e4e4fda830f067e3c09ecac84e06f0eb7870,1
0xe66e423f39379ee3618d34af5736e07e278c79e6,1
0xe6a35d73b5e27e7cd0c8eeab3856e2eefbfbc8b9,1
0xe7079eec020ddfc3f1c0abe1d946c55e6ed30eb3,1
0xe859ef79c40250a4554a35c84794ca6c80516200,1
0xe91c4ec4a439ec9d6b11ef8d1df11b35142df7c9,1
0xeb5a1d924197e5823b2dc0d22866ca692fc2f9b8,1
0xeb6ee7076521f9ef9da69705426d2335f27c5168,1
0xeb88c3ef20e657ec64ba354c0114482a05dac6fd,1
0xed17480ff5fdf27d8a06f0b228fd445d708f154d,1
0xed6e663b8d2192c515ff70ee0d6291e44db83be9,1
0xed8982578836f7d498856b3f543f128bb8621f2a,1
0xed9788430cd53dd218c80063b2b788a99d95065d,1
0xeebfd0ae2ce773db3dadad8d51ad59ec11567f16,1
0xef220de4c66c1ed36836d266e8b6c169693492b5,1
0xefe3b34e6fbd2358f5ecb0229ccc9e66fde2db4f,1
0xf093440b42e2246f8e11dad60a5243e385e3a586,1
0xf1382ab34126b206a49decef703a511fa215e19b,1
0xf211a740b547ee0ecf34d48ab7557b7a84b231d1,1
0xf342f26b0fec26934e71ac019df4c400924583ca,1
0xf43f83a769c448929ae8049718bb8d1900fb4048,1
0xfaa614c9a446d267a2885d3ec49cd1b5b7add82c,1
0xfe83a0a06d830e9e2119522538f8b440ebd42ff5,1
0xfe949ccf2315faec4b47b3e2bb516c01c06c0798,1
0xfef1697cfa1a6c1211020681405013fee40fe2f2,1
0xff8aa25aa94faa65fb6e3ed72159709c4a993bc3,1
