0x017347cb75ac8725608e593ea35d83f9b2b3cfb8,1
0x017ffb7c9e5aff47d9569265d7c78b2494099782,1
0x03f4cb9e297ea659f30e09341ee7155a7d136398,1
0x04294157cfba9ff0892f48f8345ea3539995f449,1
0x04df8d02f912d34fef12a1b0488ee56fd6f7416c,1
0x080ffeaf914180e18f69092d66de11925434b540,1
0x0e3e001a00c07e2cb3219d1ec0c47cc532d87804,1
0x0fb4e7dff29c22029975373d1bbf5873ffc3c61a,1
0x0fb7f9eb8e9bee4dd70dc334b94dee2621a32fb3,1
0x100f28c9b8b1fda897eadc775caf74e0f3560f73,1
0x11924c505ecab6a2434bdfe94bc0ff1ca081facb,1
0x1acb5e5c169aed4b9f963bdf786a8377bff678a1,1
0x20542dffc2f7a51cbc087f54fcafd9ffd8b5c899,1
0x22418183c90741bab6606c0e0d240ae6c3a148f0,1
0x22fbaa2dd20b848084545515fb04b9c846942779,1
0x2afc032aaf6d7ead33fb05f9d42d874874dfb9d1,1
0x2d924c0bc8033e7866b90ca2a76cbf4b5714b11b,1
0x2e299b7faa9b906117181a4550d828b1300b48d1,1
0x32e263cb9003f7fef329080bdcbc82f5cfd6c02f,1
0x37c14f24c73a9e151575a0af3dd2dd5cbbca8a29,1
0x3927e502c865a2c873a735775e224930eadfd2e3,1
0x3d20c3f372207074df1a0ab5272c7168ce23d178,1
0x43b9778940c53abf2ca96ba900ff181ec09d7fcc,1
0x44b4d430e7c56e4ca04c5799e561063ccc1f1df2,1
0x487869b7557f0fdecbc5141da1d7c48c15c5b8eb,1
0x49d6531aea6dced6595d50da685274766e4cfc8b,1
0x4b6c1d196e06446eb0534326bbfb02cc3d073a2b,1
0x4e61548d94c8649ebfc2f5f54d2272fcbc687bf2,1
0x50d086175cc14fa5ae008591d72a93cf22b48e32,1
0x511c85042524a41bbf30e7a8533a84b8c5e55f43,1
0x52f051280e850f32cbfafd8d78c31edec4c3248c,1
0x541db1ed2628f2f4897417d06181af6a179e90d0,1
0x5b8ed97b1e85ea4e5e96c3a6e00b0835b087fce5,1
0x5bd832dc1a5ac61f687b87c4199b844819a4d8ed,1
0x5d5fe1910a289b24455af49ee3e41405f94b921b,1
0x5e0737b90f1db90eb4f423dec067fd6c06a958d0,1
0x62af590649b7abe80f8c6dffbb92e0875b65e37c,1
0x62c868061cddbe38e01e7a8295fdcec72c10ca06,1
0x67a90218cc5fc1adde45ad27a257f268023b2ecb,1
0x70814fb113d5b2b22902b568b67ebef657d9d66d,1
0x75cf6e0dc5294bef8cb5a6fcd23dc9badbfc443e,1
0x76ea151c88fd91902f7bf3f829db65dc9ba5d45b,1
0x7dbba7f0551aef5894fd6ee331b95dbb4349f5d4,1
0x8169cecd991392586828011079f29d05b6a9edcf,1
0x84df1fb4801e72cf6958a994dc0b690f9e7cb23b,1
0x8586c32dbe1c986bffb8f1ed6c3e8c6489f4fa3c,1
0x8668681d2017c2322d7ba37070a8ea223ef3729c,1
0x86ff945e6dc2470317ca082a01de7d24188671ac,1
0x8854ad314fdbcc275eb0d5f4fd6dd86ab7981cce,1
0x886478d3cf9581b624cb35b5446693fc8a58b787,1
0x8dcd5fa47d7ef22db41b2b66504923ccca5065a3,1
0x9197f339cca98b2bc14e98235ec1a59cb2090d77,1
0x92c75284b0d863165a8b33e212f02ffeecb2853e,1
0x98172111480cc81621fd8b12bed2fb5095be11a5,1
0xa56c04347abee42f663eff9bc2d0147b97c8f782,1
0xaa0ae8cd18c3aeb0bf4e0bb3507b2f86f7021ded,1
0xac01ad9a3e3c3448a5a0e6fc798def034a01a67c,1
0xae20574304b6264d3129dbfe5df72eead8c5b208,1
0xb099a3c3043b262518d9b6cd4d5c9f589b15e2ad,1
0xb196931ec22517b0510705eb56d5652fe73877f0,1
0xb2bc498a214282efa54877ecd082165d4cf86df4,1
0xb335326c7f2cd2e4eb09ce3d1745c92f66497b7e,1
0xb67a577a1855dc3a43df1d94b05a8f5d29570f89,1
0xb6c189179b204d14fcc0b608bc97243b389b0030,1
0xb6c4ce4eae85066f8fc45093d12444c8b89a6aa9,1
0xb7546d1b04151e1e96d38275af66eaf984fdad2a,1
0xbe2f803bfbcffbcd77aae4e9104406abfeda497a,1
0xc0ced4439c1f0871f16a46e13fbe41fbf61ba265,1
0xc4f5b7207d510e2f35d045b278a29f57dbd9d15f,1
0xc58326c7020f26345f4568cc09daddf019a8e6d4,1
0xc89503a4e57619a2ac87a821732ff4afdb2bced2,1
0xcbb49b18f2e9d002bd79fc1495fcb6f6f87f1e0a,1
0xce990032a3ed14e197421270a9bec9e276bf2f31,1
0xd1042637cdd71f99f3dc5877030e67f3789e1c19,1
0xd1afbe4da2a5adc6faf30fcbea9e4eea0ba8c70a,1
0xd36590461162795ee33099b2076a0d4e017ae17c,1
0xd7342ea20a5afbf24352b5ca61e09844167914cb,1
0xd7d16a716f6dfcef1e9553bf12136463f6414f1a,1
0xd7d941ff2890bda98f40a5dda0593d239a603f09,1
0xda23ab0b2636c3f9806a868278d73aef2439ab60,1
0xdbf55298b349984a50fa98c7c6965994e30fc3f4,1
0xdcefc9ff1e47e458e56959154c1cdcf56003d30b,1
0xe0e263fdda4dd2432343b1ea2e49086cc3f22745,1
0xe23e0bd6e320c87367b0e4b797b42dc9b4fe7ca0,1
0xe4000d4f3f0e59ca00b803f54784fe0654a192f4,1
0xe59e088489a85a6de407768deb671c7e493fd799,1
0xe5ecabd057db846332957105e7d7bbc8369e088c,1
0xe776de32c9dc8889e2dcf1cf0606010a51d1abb2,1
0xe96eb4507a1d162bbb99301fe592d310e9489e40,1
0xebe4c00073f1061ad27859478adcb4f5bc8ca67c,1
0xed1e25178d7a6438c356d3459fc3efa9458ad52b,1
0xef04cb0003ca57dc7bb563d5ea3248241b145bdb,1
0xefb3da5189a6169a61176d1357579e135a1d1187,1
0xf161ff39e19f605b2115afaeccbb3a112bbe4004,1
0xf54913955c6035a12465e24ba2f162df2a026d9a,1
0xf620422e1e2cbf123386ea664f536d1016e5a5d0,1
0xf74b25d3f6616e51b2d8be6c8cec54b045229655,1
0xf8be957f65e67fb0342992a51c30290d5758f880,1
0xfeea8258077cc06444679958185f4198dd4cd324,1
0xff3bc8de74bb1d2f9066c9687f62bf810c66c5ea,1
