address,token_id,balance,contract,name
0x89119dac068cfc98bf2ffb7d15948e0901d997dc,26475,1.0,0xb932a70a57673d89f4acffbe830e8ed7f75fb9e0,SuperRare
0x9769334fc882775f4951865aa473481880669d47,26653,1.0,0xb932a70a57673d89f4acffbe830e8ed7f75fb9e0,SuperRare
0x1e2abc87514bcdd99731aa3a5b34b02a13d1b7d9,27411,1.0,0xb932a70a57673d89f4acffbe830e8ed7f75fb9e0,SuperRare
0x8ba68cfe71550efc8988d81d040473709b7f9218,31894,1.0,0xb932a70a57673d89f4acffbe830e8ed7f75fb9e0,SuperRare
0xe35c3d08163da9bd4efa00879a78504d69820b5c,39767,1.0,0xb932a70a57673d89f4acffbe830e8ed7f75fb9e0,SuperRare
0xe1c1c3867181cdb15f5c011120b4b7abcce91c5c,39768,1.0,0xb932a70a57673d89f4acffbe830e8ed7f75fb9e0,SuperRare
0xda37896e56f12d640230a9e5115756a5cda9a581,39770,1.0,0xb932a70a57673d89f4acffbe830e8ed7f75fb9e0,SuperRare
0x87e32d4631d728d6ad7ebcd133b11febc9da9b93,6336,1.0,0x3b3ee1931dc30c1957379fac9aba94d1c48a5405,Foundation
0x1d4b9b250b1bd41daa35d94bf9204ec1b0494ee3,14180,1.0,0x3b3ee1931dc30c1957379fac9aba94d1c48a5405,Foundation
0x3612b2e93b49f6c797066ca8c38b7f522b32c7cb,18252,1.0,0x3b3ee1931dc30c1957379fac9aba94d1c48a5405,Foundation
0xb7a2401d9f546c62ed813eb14c92a830c56f9fc7,30347,1.0,0x3b3ee1931dc30c1957379fac9aba94d1c48a5405,Foundation
0x87e32d4631d728d6ad7ebcd133b11febc9da9b93,92619274416859165726507328107924549114628242736673296447186600533376532217857,1.0,0x495f947276749ce646f68ac8c248420045cb7b5e,CACHOU
0xb7a2401d9f546c62ed813eb14c92a830c56f9fc7,92619274416859165726507328107924549114628242736673296447186600534476043845633,1.0,0x495f947276749ce646f68ac8c248420045cb7b5e,CACHOUindustry
0x3612b2e93b49f6c797066ca8c38b7f522b32c7cb,92619274416859165726507328107924549114628242736673296447186600535575555473409,1.0,0x495f947276749ce646f68ac8c248420045cb7b5e,CACHOUindustry
0x1e2abc87514bcdd99731aa3a5b34b02a13d1b7d9,92619274416859165726507328107924549114628242736673296447186600536675067101185,1.0,0x495f947276749ce646f68ac8c248420045cb7b5e,CACHOUindustry
0x2debdf4427ccbcfdbc7f29d63964499a0ec184f6,92619274416859165726507328107924549114628242736673296447186600537774578728961,1.0,0x495f947276749ce646f68ac8c248420045cb7b5e,CACHOUindustry
0xa337d966e8a1fb59846e620a35d54f071f6fb3b4,92619274416859165726507328107924549114628242736673296447186600538874090356737,1.0,0x495f947276749ce646f68ac8c248420045cb7b5e,CACHOUindustry
0x89119dac068cfc98bf2ffb7d15948e0901d997dc,92619274416859165726507328107924549114628242736673296447186600539973601984513,1.0,0x495f947276749ce646f68ac8c248420045cb7b5e,CACHOUindustry
0x773d715200ab5c07f39db9772e3c83c48534a585,92619274416859165726507328107924549114628242736673296447186600541073113612289,1.0,0x495f947276749ce646f68ac8c248420045cb7b5e,CACHOUindustry
0x18851a9b795365ad17359ca365aba188f8ab523f,92619274416859165726507328107924549114628242736673296447186600542172625240065,1.0,0x495f947276749ce646f68ac8c248420045cb7b5e,CACHOUindustry
0x0256c28028cac3e504f1b6c20bf7b3f4631e0d97,92619274416859165726507328107924549114628242736673296447186600543272136867841,1.0,0x495f947276749ce646f68ac8c248420045cb7b5e,CACHOUindustry
0x8ba68cfe71550efc8988d81d040473709b7f9218,92619274416859165726507328107924549114628242736673296447186600544371648495617,1.0,0x495f947276749ce646f68ac8c248420045cb7b5e,CACHOUindustry
0x0256c28028cac3e504f1b6c20bf7b3f4631e0d97,21,1.0,0x230b1ad6d3fdb8772d0f86b29dcadf2a45cba7fe,Dreamer21
0x39e55841bb66e376f224caf7e5668117e58a2d3c,1,1,0xb5c2a29b87d1844e9dfb69d648f08f14530ffabc,Ling
0xeaf8cf26b813c421c000f76f14a80fd9976c4aa2,1322,1.0,0xf0d1f19e0a3147b0d20bb577f3cfa0eed9e42020,WastedWild
0xe1c1c3867181cdb15f5c011120b4b7abcce91c5c,7411,1.0,0xe41bea6888f771a0c16d7188284522b76c135252,EShell
0xa337d966e8a1fb59846e620a35d54f071f6fb3b4,27300010001,1.0,0x282afeb23d081da47258e41f631af8e575a7db14,CACHOUTIANLONG
0xf2439241881964006369c0e2377d45f3740f48a0,2,1.0,0x8faac4a9f03f269e69ccdeb06e49b59f78af9c1c,CACHOUDEVIL
0x15412f8724f267ff0f32331412897180c5aeaf62,3,1.0,0x8faac4a9f03f269e69ccdeb06e49b59f78af9c1c,CACHOUDEVIL
0x518d0f7a7432fe475ca36f3eb6a4a7f408a8bd61,4,1.0,0x8faac4a9f03f269e69ccdeb06e49b59f78af9c1c,CACHOUDEVIL
0x12a0e25e62c1dbd32e505446062b26aecb65f028,5,1.0,0x8faac4a9f03f269e69ccdeb06e49b59f78af9c1c,CACHOUDEVIL
0xe5f7874c94f5e2f13093054d3deff37a8730834f,6,1.0,0x8faac4a9f03f269e69ccdeb06e49b59f78af9c1c,CACHOUDEVIL
0xbb3641572cbefc4c62e54fdbc891a453a1cea76c,7,1.0,0x8faac4a9f03f269e69ccdeb06e49b59f78af9c1c,CACHOUDEVIL
0x845a23ff9f59f8f788f9b94181e5326fcb8c9f6a,8,1.0,0x8faac4a9f03f269e69ccdeb06e49b59f78af9c1c,CACHOUDEVIL
0x845a23ff9f59f8f788f9b94181e5326fcb8c9f6a,9,1.0,0x8faac4a9f03f269e69ccdeb06e49b59f78af9c1c,CACHOUDEVIL
0x7fed61bf417ccb1a51272b85a32265d80bf64aa2,10,1.0,0x8faac4a9f03f269e69ccdeb06e49b59f78af9c1c,CACHOUDEVIL
0x37ba996dd7eb738af38af7839a17ad19cad5f155,11,1.0,0x8faac4a9f03f269e69ccdeb06e49b59f78af9c1c,CACHOUDEVIL
0xeaf8cf26b813c421c000f76f14a80fd9976c4aa2,12,1.0,0x8faac4a9f03f269e69ccdeb06e49b59f78af9c1c,CACHOUDEVIL
0xeaf8cf26b813c421c000f76f14a80fd9976c4aa2,13,1.0,0x8faac4a9f03f269e69ccdeb06e49b59f78af9c1c,CACHOUDEVIL
0xe178a727abe28f69a26988e39d1157afcdfe5c4a,14,1.0,0x8faac4a9f03f269e69ccdeb06e49b59f78af9c1c,CACHOUDEVIL
0x9430120244b1c4d99d9d2dd3cc6b21c4ed27b768,15,1.0,0x8faac4a9f03f269e69ccdeb06e49b59f78af9c1c,CACHOUDEVIL
0x66096e2dae9d79df90eadd26b6e1e4b58f68b2ee,16,1.0,0x8faac4a9f03f269e69ccdeb06e49b59f78af9c1c,CACHOUDEVIL
0xffa83732cce3376d1ce9a06c307cfd8fb596533f,17,1.0,0x8faac4a9f03f269e69ccdeb06e49b59f78af9c1c,CACHOUDEVIL
0xad31ad089f44bf44792decddf37c14650eb0d7b5,18,1.0,0x8faac4a9f03f269e69ccdeb06e49b59f78af9c1c,CACHOUDEVIL
0x6b534bbcf64c4814fa652cc55fa7cc754cdbb723,19,1.0,0x8faac4a9f03f269e69ccdeb06e49b59f78af9c1c,CACHOUDEVIL
0x97064190190d4e2fb284a2d55dd53504e291c4cd,20,1.0,0x8faac4a9f03f269e69ccdeb06e49b59f78af9c1c,CACHOUDEVIL
0xd2a943860fb1165e68c412e7b43f0ad29cdccfd6,21,1.0,0x8faac4a9f03f269e69ccdeb06e49b59f78af9c1c,CACHOUDEVIL
0x2debdf4427ccbcfdbc7f29d63964499a0ec184f6,22,1.0,0x8faac4a9f03f269e69ccdeb06e49b59f78af9c1c,CACHOUDEVIL
0x722e9468d7f8c2710b6dbfdf70f01b045aca1851,23,1.0,0x8faac4a9f03f269e69ccdeb06e49b59f78af9c1c,CACHOUDEVIL
0x31f5afe73e35de36ec0b99ab683883af4dfc8dce,24,1.0,0x8faac4a9f03f269e69ccdeb06e49b59f78af9c1c,CACHOUDEVIL
0x2e6435daceaa1e7e14e0715a5b8648abdebae061,25,1.0,0x8faac4a9f03f269e69ccdeb06e49b59f78af9c1c,CACHOUDEVIL
0xed826934a3bfcf00630b60c6f16bd1c97b0ddebf,26,1.0,0x8faac4a9f03f269e69ccdeb06e49b59f78af9c1c,CACHOUDEVIL
0xc302a0b32ac8f249e591f59191bed10146c86612,27,1.0,0x8faac4a9f03f269e69ccdeb06e49b59f78af9c1c,CACHOUDEVIL
0x8ace19df5ced984325370e960534f025ff2da891,28,1.0,0x8faac4a9f03f269e69ccdeb06e49b59f78af9c1c,CACHOUDEVIL
0xe35c3d08163da9bd4efa00879a78504d69820b5c,29,1.0,0x8faac4a9f03f269e69ccdeb06e49b59f78af9c1c,CACHOUDEVIL
0xe35c3d08163da9bd4efa00879a78504d69820b5c,30,1.0,0x8faac4a9f03f269e69ccdeb06e49b59f78af9c1c,CACHOUDEVIL
0x92e9b91aa2171694d740e7066f787739ca1af9de,31,1.0,0x8faac4a9f03f269e69ccdeb06e49b59f78af9c1c,CACHOUDEVIL
0x3e1f1fc109b0130a8ba13a1546c713d030b8613f,32,1.0,0x8faac4a9f03f269e69ccdeb06e49b59f78af9c1c,CACHOUDEVIL
0x427b543dfbf2e14f5d7a22a6c619d4bded7ce279,33,1.0,0x8faac4a9f03f269e69ccdeb06e49b59f78af9c1c,CACHOUDEVIL
0xc4e7423f38b0d7408b77751df07dc3a49d1b880b,34,1.0,0x8faac4a9f03f269e69ccdeb06e49b59f78af9c1c,CACHOUDEVIL
0x0f2911f70ac60e6cc90a647d7c0da7e778c997d5,35,1.0,0x8faac4a9f03f269e69ccdeb06e49b59f78af9c1c,CACHOUDEVIL
0x17cbd516166720b8c75fe75235ed0218d9cfdfbe,36,1.0,0x8faac4a9f03f269e69ccdeb06e49b59f78af9c1c,CACHOUDEVIL
0x8300f444462e55d11dba5823a1584badfc293fd9,37,1.0,0x8faac4a9f03f269e69ccdeb06e49b59f78af9c1c,CACHOUDEVIL
0x746b46d87543eaf779144c8870888119d6ae0c2a,38,1.0,0x8faac4a9f03f269e69ccdeb06e49b59f78af9c1c,CACHOUDEVIL
0xf54d81b2955832474a87a8dada4a042a05b83180,39,1.0,0x8faac4a9f03f269e69ccdeb06e49b59f78af9c1c,CACHOUDEVIL
0x0d6ce4f0e1fa53af3f624e17da5f47791dcaf70c,40,1.0,0x8faac4a9f03f269e69ccdeb06e49b59f78af9c1c,CACHOUDEVIL
0x0f045a0d77d24c326316e0315354e7df28b4ac50,41,1.0,0x8faac4a9f03f269e69ccdeb06e49b59f78af9c1c,CACHOUDEVIL
0x5d2bf5b4b03ed7726627f8829fa70ff339ea6c7d,42,1.0,0x8faac4a9f03f269e69ccdeb06e49b59f78af9c1c,CACHOUDEVIL
0x41b062468bb41372d512e8b8fb69662326f5c93c,43,1.0,0x8faac4a9f03f269e69ccdeb06e49b59f78af9c1c,CACHOUDEVIL
0x04830005c7dbd3671f2c4072c61d4e82b3c27674,44,1.0,0x8faac4a9f03f269e69ccdeb06e49b59f78af9c1c,CACHOUDEVIL
0xf9c97b1b9f29f86f724431d625b34af89e3f21ff,45,1.0,0x8faac4a9f03f269e69ccdeb06e49b59f78af9c1c,CACHOUDEVIL
0x5936eeab739c6db9a0bb5de8b79a4bbee65200a0,46,1.0,0x8faac4a9f03f269e69ccdeb06e49b59f78af9c1c,CACHOUDEVIL
0x53fbd91479117e9f54b91a06ae91f0ce6f2046de,47,1.0,0x8faac4a9f03f269e69ccdeb06e49b59f78af9c1c,CACHOUDEVIL
0xa3de15c0c1c98dd089e7d1184488da98753e39ce,48,1.0,0x8faac4a9f03f269e69ccdeb06e49b59f78af9c1c,CACHOUDEVIL
0xc4e2784896ff5196d7d98db5f332dbbd02786357,49,1.0,0x8faac4a9f03f269e69ccdeb06e49b59f78af9c1c,CACHOUDEVIL
0xbe65d45635a400d895f0a2682c4fd3122b10fddd,50,1.0,0x8faac4a9f03f269e69ccdeb06e49b59f78af9c1c,CACHOUDEVIL
0xfac6d61834b277275b9a50630c9e9f64e0ae4c67,51,1.0,0x8faac4a9f03f269e69ccdeb06e49b59f78af9c1c,CACHOUDEVIL
0xd1e1e5dbc165c6550f935e6f08ed77ca97e351be,52,1.0,0x8faac4a9f03f269e69ccdeb06e49b59f78af9c1c,CACHOUDEVIL
0x8eb82be5fc2e64e0b57ceb639df68610b29864e6,53,1.0,0x8faac4a9f03f269e69ccdeb06e49b59f78af9c1c,CACHOUDEVIL
0x6649e95a9070f2e2e5cd9efeb885eb7a24768ebc,54,1.0,0x8faac4a9f03f269e69ccdeb06e49b59f78af9c1c,CACHOUDEVIL
0xd1482b5368ddae4f2dcb19c1ea6f9a20f9230259,55,1.0,0x8faac4a9f03f269e69ccdeb06e49b59f78af9c1c,CACHOUDEVIL
0x798f73c7df3932f5c429e618c03828627e51ed63,56,1.0,0x8faac4a9f03f269e69ccdeb06e49b59f78af9c1c,CACHOUDEVIL
0x9be3ebd8246dcf239184b6594a244a5522fcbd92,57,1.0,0x8faac4a9f03f269e69ccdeb06e49b59f78af9c1c,CACHOUDEVIL
0x1b1feec29f0b3f831d1bacf4117b0e7c80218622,58,1.0,0x8faac4a9f03f269e69ccdeb06e49b59f78af9c1c,CACHOUDEVIL
0x76db02500f7631d57bc2dcdca9d4cf782b99e119,59,1.0,0x8faac4a9f03f269e69ccdeb06e49b59f78af9c1c,CACHOUDEVIL
0x76db02500f7631d57bc2dcdca9d4cf782b99e119,60,1.0,0x8faac4a9f03f269e69ccdeb06e49b59f78af9c1c,CACHOUDEVIL
0x9977518a2f7a48a55bb08c3c7f9e9d3e3aea92e2,61,1.0,0x8faac4a9f03f269e69ccdeb06e49b59f78af9c1c,CACHOUDEVIL
0x9977518a2f7a48a55bb08c3c7f9e9d3e3aea92e2,62,1.0,0x8faac4a9f03f269e69ccdeb06e49b59f78af9c1c,CACHOUDEVIL
0x61cb99126da77c109d5788893f379c3c4a5bd704,63,1.0,0x8faac4a9f03f269e69ccdeb06e49b59f78af9c1c,CACHOUDEVIL
0xb5e1fc4af4dd6ab3282d16499420954b192e1849,64,1.0,0x8faac4a9f03f269e69ccdeb06e49b59f78af9c1c,CACHOUDEVIL
0x25665e8b95792c23d6167d2d0903fdc6bfef87e9,65,1.0,0x8faac4a9f03f269e69ccdeb06e49b59f78af9c1c,CACHOUDEVIL
0x9d8c0c8fc820c52bc1739a29e2fc15736d5dacb4,66,1.0,0x8faac4a9f03f269e69ccdeb06e49b59f78af9c1c,CACHOUDEVIL
0xf3fb78ff3534fc77ef2a1fb9e2a26bea77a615d2,67,1.0,0x8faac4a9f03f269e69ccdeb06e49b59f78af9c1c,CACHOUDEVIL
0xd74f728f4dc133d5eeecee9ce1cf693c9db2be21,68,1.0,0x8faac4a9f03f269e69ccdeb06e49b59f78af9c1c,CACHOUDEVIL
0xd74f728f4dc133d5eeecee9ce1cf693c9db2be21,69,1.0,0x8faac4a9f03f269e69ccdeb06e49b59f78af9c1c,CACHOUDEVIL
0x0bcccf68fafe41b5494d7fe81ab018a2a2c06843,70,1.0,0x8faac4a9f03f269e69ccdeb06e49b59f78af9c1c,CACHOUDEVIL
0x30fee618f0f92ee681c55202ae811c7ce9c0d70e,71,1.0,0x8faac4a9f03f269e69ccdeb06e49b59f78af9c1c,CACHOUDEVIL
0x212d0945fabe82a312f0ea6c61a50b4d66897029,72,1.0,0x8faac4a9f03f269e69ccdeb06e49b59f78af9c1c,CACHOUDEVIL
0xa629b23bf24e4dbe1dfc912cf7e67c3c2921fefc,73,1.0,0x8faac4a9f03f269e69ccdeb06e49b59f78af9c1c,CACHOUDEVIL
0xd478bc416e91bad691af181d7d88a5bf2f5915ee,74,1.0,0x8faac4a9f03f269e69ccdeb06e49b59f78af9c1c,CACHOUDEVIL
0x7afe1e49e6a44b2f1374a20eee4406a8fa691519,75,1.0,0x8faac4a9f03f269e69ccdeb06e49b59f78af9c1c,CACHOUDEVIL
0x892857d3a0e6ca504da54470a0d71593525ebc22,76,1.0,0x8faac4a9f03f269e69ccdeb06e49b59f78af9c1c,CACHOUDEVIL
0x8b7b30e0e9af7415b7b7361a178f8f422fc20e3f,77,1.0,0x8faac4a9f03f269e69ccdeb06e49b59f78af9c1c,CACHOUDEVIL
0xb16f04f418711c8a52d281d1f9989cf930ffd4c3,78,1.0,0x8faac4a9f03f269e69ccdeb06e49b59f78af9c1c,CACHOUDEVIL
0x8b501a6090fd3c6b905b1a0099e2e216a5a2d40d,79,1.0,0x8faac4a9f03f269e69ccdeb06e49b59f78af9c1c,CACHOUDEVIL
0x8b501a6090fd3c6b905b1a0099e2e216a5a2d40d,80,1.0,0x8faac4a9f03f269e69ccdeb06e49b59f78af9c1c,CACHOUDEVIL
0xa3917c68d49dfe0323321b4a7f2ec88074647dd0,81,1.0,0x8faac4a9f03f269e69ccdeb06e49b59f78af9c1c,CACHOUDEVIL
0xbdd4315d434f07a5a5b426249de85569ccd4d693,82,1.0,0x8faac4a9f03f269e69ccdeb06e49b59f78af9c1c,CACHOUDEVIL
0xa8b1641a6c0fff08b95062cae59efb20b56045ed,83,1.0,0x8faac4a9f03f269e69ccdeb06e49b59f78af9c1c,CACHOUDEVIL
0xe4a3b8f7a222c2c8093470746a6cec2cfb71307b,84,1.0,0x8faac4a9f03f269e69ccdeb06e49b59f78af9c1c,CACHOUDEVIL
0xdf2f491c6b2930a0f1435db9602312d40728d246,85,1.0,0x8faac4a9f03f269e69ccdeb06e49b59f78af9c1c,CACHOUDEVIL
0x41254fe73d3b49f0fe3cc7743b4d40ef26bb338e,86,1.0,0x8faac4a9f03f269e69ccdeb06e49b59f78af9c1c,CACHOUDEVIL
0x9b8b0eb6d23b9f656385680062728419126c6974,87,1.0,0x8faac4a9f03f269e69ccdeb06e49b59f78af9c1c,CACHOUDEVIL
0x0b4e8e4d3b3d72d1fa798b74f09cae5c71c16c83,88,1.0,0x8faac4a9f03f269e69ccdeb06e49b59f78af9c1c,CACHOUDEVIL
0x52ddc2257730ae442b139b245b60f01cc2064682,89,1.0,0x8faac4a9f03f269e69ccdeb06e49b59f78af9c1c,CACHOUDEVIL
0x0b312c51b6ee233e24fb10b9978aa377466aae2f,90,1.0,0x8faac4a9f03f269e69ccdeb06e49b59f78af9c1c,CACHOUDEVIL
0x37feeac37afa67d5211937b4fca166f91724ae80,91,1.0,0x8faac4a9f03f269e69ccdeb06e49b59f78af9c1c,CACHOUDEVIL
0xb86fab301780126985b0848cdcb1b686806c3e6c,92,1.0,0x8faac4a9f03f269e69ccdeb06e49b59f78af9c1c,CACHOUDEVIL
0xbb398bfea1f80ce4df8b15c44f40d0caf0707849,93,1.0,0x8faac4a9f03f269e69ccdeb06e49b59f78af9c1c,CACHOUDEVIL
0x2d89cea61de8020c97dd0e6355a97946388050ff,94,1.0,0x8faac4a9f03f269e69ccdeb06e49b59f78af9c1c,CACHOUDEVIL
0x7077fe5a6017a5ed98a0b8b048bd7e523633d6b6,95,1.0,0x8faac4a9f03f269e69ccdeb06e49b59f78af9c1c,CACHOUDEVIL
0x8e59cb2f964925bccaadcc87e2189936c3dc6dab,96,1.0,0x8faac4a9f03f269e69ccdeb06e49b59f78af9c1c,CACHOUDEVIL
0x66096e2dae9d79df90eadd26b6e1e4b58f68b2ee,97,1.0,0x8faac4a9f03f269e69ccdeb06e49b59f78af9c1c,CACHOUDEVIL
0xffa83732cce3376d1ce9a06c307cfd8fb596533f,98,1.0,0x8faac4a9f03f269e69ccdeb06e49b59f78af9c1c,CACHOUDEVIL
0x8ac2e10d2bf056094e48e4800de5393aeaffb4b4,99,1.0,0x8faac4a9f03f269e69ccdeb06e49b59f78af9c1c,CACHOUDEVIL
0xb623c629a0c21382d1664f47fdf31ff701db848e,100,1.0,0x8faac4a9f03f269e69ccdeb06e49b59f78af9c1c,CACHOUDEVIL
0x18851a9b795365ad17359ca365aba188f8ab523f,27300030003,1.0,0x282afeb23d081da47258e41f631af8e575a7db14,CACHOUTIANLONGEditions
0x5cce801daa68740e725a0d6851511a1c8ea360e9,27300020004,1.0,0x282afeb23d081da47258e41f631af8e575a7db14,CACHOUTIANLONGEditions
0x0040122ed305e0b16dfc9fd8e0e9a74a3cdd5509,27300020005,1.0,0x282afeb23d081da47258e41f631af8e575a7db14,CACHOUTIANLONGEditions
0x09c4eea8ad5e12e1979a9edda897c4cac13baed9,27300030006,1.0,0x282afeb23d081da47258e41f631af8e575a7db14,CACHOUTIANLONGEditions
0x773d715200ab5c07f39db9772e3c83c48534a585,27300020006,1.0,0x282afeb23d081da47258e41f631af8e575a7db14,CACHOUTIANLONGEditions
0x87ab523c26d13a1d193cc18ea6819fc2a3dc917f,27300030007,1.0,0x282afeb23d081da47258e41f631af8e575a7db14,CACHOUTIANLONGEditions
0xe434f59930e9cd2dfd2235ea86c9bfdb44f5bc0f,27300020009,1.0,0x282afeb23d081da47258e41f631af8e575a7db14,CACHOUTIANLONGEditions
0x5399a09fc5d0054fe1d0c15b2dd135fcf7cc3ade,27300030009,1.0,0x282afeb23d081da47258e41f631af8e575a7db14,CACHOUTIANLONGEditions
0xe434f59930e9cd2dfd2235ea86c9bfdb44f5bc0f,27300030010,1.0,0x282afeb23d081da47258e41f631af8e575a7db14,CACHOUTIANLONGEditions
0xb16204b3732a8713d4f14292ee37e64c659128a2,27300020011,1.0,0x282afeb23d081da47258e41f631af8e575a7db14,CACHOUTIANLONGEditions
0x773d715200ab5c07f39db9772e3c83c48534a585,27300030011,1.0,0x282afeb23d081da47258e41f631af8e575a7db14,CACHOUTIANLONGEditions
0x7838950fc3a25234c03a0e63b2aaca978ab1a602,27300020015,1.0,0x282afeb23d081da47258e41f631af8e575a7db14,CACHOUTIANLONGEditions
0x49f9c2be1aa71afac6f2f2ce5b884d8cda10e26d,27300030015,1.0,0x282afeb23d081da47258e41f631af8e575a7db14,CACHOUTIANLONGEditions
0xee0046b3b5ab5f4495b13496652bd83779b64b5e,27300030016,1.0,0x282afeb23d081da47258e41f631af8e575a7db14,CACHOUTIANLONGEditions
0x0f3ed7a3519dc3b3f4a80d0922c300875a527a60,27300030018,1.0,0x282afeb23d081da47258e41f631af8e575a7db14,CACHOUTIANLONGEditions
0xff53b23729401a257da6b64f4e769a73759be6ca,27300030021,1.0,0x282afeb23d081da47258e41f631af8e575a7db14,CACHOUTIANLONGEditions
0x4bc3d7deb34289ed6247671676b8ab33a682d2dd,27300030028,1.0,0x282afeb23d081da47258e41f631af8e575a7db14,CACHOUTIANLONGEditions
0x73b03def245f5c8ab4f58a40df4ae28ace64b1c4,27300030029,1.0,0x282afeb23d081da47258e41f631af8e575a7db14,CACHOUTIANLONGEditions
0x85f845b718fd3a4454a982b78acb080739146dc3,27300030030,1.0,0x282afeb23d081da47258e41f631af8e575a7db14,CACHOUTIANLONGEditions
0x5cce801daa68740e725a0d6851511a1c8ea360e9,1,1,0x0653764bfe2db7c5c0135bb53ab7ab8f12d3a7d5,LOSTCollectors
0x773d715200ab5c07f39db9772e3c83c48534a585,1,1,0x0653764bfe2db7c5c0135bb53ab7ab8f12d3a7d5,LOSTCollectors
0x095801e80db80722b2731251b8a3ecf8bd9334df,1,1,0x0653764bfe2db7c5c0135bb53ab7ab8f12d3a7d5,LOSTCollectors
0x15412f8724f267ff0f32331412897180c5aeaf62,1,1,0x0653764bfe2db7c5c0135bb53ab7ab8f12d3a7d5,LOSTCollectors
0x18851a9b795365ad17359ca365aba188f8ab523f,1,1,0x0653764bfe2db7c5c0135bb53ab7ab8f12d3a7d5,LOSTCollectors
0x1b1feec29f0b3f831d1bacf4117b0e7c80218622,1,1,0x0653764bfe2db7c5c0135bb53ab7ab8f12d3a7d5,LOSTCollectors
0x330bce303d27df0eb1b856da3464278db1db1ac5,1,1,0x0653764bfe2db7c5c0135bb53ab7ab8f12d3a7d5,LOSTCollectors
0x3426258a59d7fe51c3f22fb631ea8e0251a9744e,1,1,0x0653764bfe2db7c5c0135bb53ab7ab8f12d3a7d5,LOSTCollectors
0x49f9c2be1aa71afac6f2f2ce5b884d8cda10e26d,1,1,0x0653764bfe2db7c5c0135bb53ab7ab8f12d3a7d5,LOSTCollectors
0x798f73c7df3932f5c429e618c03828627e51ed63,1,1,0x0653764bfe2db7c5c0135bb53ab7ab8f12d3a7d5,LOSTCollectors
0x7b48904cac96a301cfa71ef937013184d78636c4,1,1,0x0653764bfe2db7c5c0135bb53ab7ab8f12d3a7d5,LOSTCollectors
0x8a3db9109f2ef0d234b6ca0b7a08f9bc63efd9a2,1,1,0x0653764bfe2db7c5c0135bb53ab7ab8f12d3a7d5,LOSTCollectors
0x90326fb170594cc50aa3c4578c19554f9174e924,1,1,0x0653764bfe2db7c5c0135bb53ab7ab8f12d3a7d5,LOSTCollectors
0xa4b61e227361a9cd9e62ca10946c27748a382cab,1,1,0x0653764bfe2db7c5c0135bb53ab7ab8f12d3a7d5,LOSTCollectors
0xce3ba669ae1374e5cca031aa27128e27f58a94a7,1,1,0x0653764bfe2db7c5c0135bb53ab7ab8f12d3a7d5,LOSTCollectors
0xdf25c3ce7d37858922b1894abe131e6d65c0b4a0,1,1,0x0653764bfe2db7c5c0135bb53ab7ab8f12d3a7d5,LOSTCollectors
0xdf2f491c6b2930a0f1435db9602312d40728d246,1,1,0x0653764bfe2db7c5c0135bb53ab7ab8f12d3a7d5,LOSTCollectors
0xe8c8271baa2d476fecd5ae2727ece63d2ae661df,1,1,0x0653764bfe2db7c5c0135bb53ab7ab8f12d3a7d5,LOSTCollectors
0xeaf8cf26b813c421c000f76f14a80fd9976c4aa2,1,1,0x0653764bfe2db7c5c0135bb53ab7ab8f12d3a7d5,LOSTCollectors
0xf146f3bf137683c6d2fe266f6a2dc352a615eb0c,1,1,0x0653764bfe2db7c5c0135bb53ab7ab8f12d3a7d5,LOSTCollectors
0xf7a290e382956aeec002628b7959e39327641874,1,1,0x0653764bfe2db7c5c0135bb53ab7ab8f12d3a7d5,LOSTCollectors
0xf875bcce56edc4c06bea8a57a1fdd599c584299f,1,1,0x0653764bfe2db7c5c0135bb53ab7ab8f12d3a7d5,LOSTCollectors
0x773d715200ab5c07f39db9772e3c83c48534a585,1,1,0x942af3a7430a27ed09fea6a23b880e6318d8b805,TheShackles
0x0040122ed305e0b16dfc9fd8e0e9a74a3cdd5509,1,1,0x942af3a7430a27ed09fea6a23b880e6318d8b805,TheShackles
0x54f2a20e81f826de41a3eba33c5a1a839b0cd5eb,1,1,0x942af3a7430a27ed09fea6a23b880e6318d8b805,TheShackles
0x6ff2ed25cda2f6e5fa1fc0da5839ec554f6590fa,1,1,0x942af3a7430a27ed09fea6a23b880e6318d8b805,TheShackles
0x92587b407e48b4b9db9f581d28509c1d73536722,1,1,0x942af3a7430a27ed09fea6a23b880e6318d8b805,TheShackles
0x95b239149db2bb2679825a503de54884f08b6249,1,1,0x942af3a7430a27ed09fea6a23b880e6318d8b805,TheShackles
0xeaf8cf26b813c421c000f76f14a80fd9976c4aa2,1,1,0x942af3a7430a27ed09fea6a23b880e6318d8b805,TheShackles
0xf146f3bf137683c6d2fe266f6a2dc352a615eb0c,1,1,0x942af3a7430a27ed09fea6a23b880e6318d8b805,TheShackles
