0x0a98f97e89743406a8611e1b4219a073b60ffed3,2
0x82139687faae8a29851902783e02e699de0e0846,2
0xa743c8c57c425b84cb2ed18c6b9ae3ad21629cb5,2
0x076097cf460e3b5fc3a94c43d9a598164bb29168,1
0x19e7a132bd4b42f580f546197f42e19c42cdfe6c,1
0x21301d901db04724597d1b6012ac49878157580d,1
0x23602ca06e977c86339ffddad74966e824ab691e,1
0x2924196a2ec71ea4ae1b1357381eccdcee6c18f2,1
0x2f2242b447a54cb110b8a7991cf8a27054ee6921,1
0x319af5203839970ccb04d2eda95c427941c498ae,1
0x3564ce014967c81e25f6349124673cf60b7ac572,1
0x35d7dd9230a1f079c907b53e7c5822b34e197a1d,1
0x388160a99390392278afdba240046b8b5e73f77b,1
0x389458f93e387fc568ca4568c231a64ffd0456d2,1
0x48464efe55fbcae8ae0c992b306afcf21d4910cf,1
0x4e21d3cec38509cf7a3ff9ec53c32be893e9f2c8,1
0x53006f95def268f88dc1b8216654ab56f3afd052,1
0x542c5648d46462207fba8a4bd7d890b4154b722f,1
0x5c3097e7fd3b97d9fdeec6d378884c892ff0545f,1
0x5df5342342701b8ae5bce28f74ebb73b5fc13a54,1
0x6232d7a6085d0ab8f885292078eeb723064a376b,1
0x647eb74a5135a0f24beee3c2d8432adcbb32c2a8,1
0x73bcb8c5e30bf85806aade7fc36f16c6b80fd3b9,1
0x7971e007a4e4d4dc1f8380f5d91d3f52b5e53461,1
0x79ed3727802ee6b210037eb1e5f07de4b962b85c,1
0x7ed69ff055d746d451f675635e9bf773accc6a97,1
0x8b4567fa8c4715c27a682215a031033a8b544206,1
0x9e027bc1bae517189285a207c69615d805670f7a,1
0xa6ddbccdbf36bf20e499afb82e6a8aade59e8af2,1
0xacb1568482f9af61568d5fd05a54bfe8b7e60ee3,1
0xafef3bb7fc3cd8ae083672b65f79e6cefd4ac619,1
0xb196931ec22517b0510705eb56d5652fe73877f0,1
0xb42ab92f5af0f162fffefa2b1e12702ce3fc9e17,1
0xc26012491b9dfb2e6f2cb0305673e212721d5950,1
0xc2b3cb204e96270d763c70c75ae1a77c739b0e6d,1
0xc97958ff5370c56b7e0e6fb58437f00702714d49,1
0xcabd5f77ca9d48f4ef9793f20de42ad39ce93979,1
0xcadc7fcfd1c12da24be866d30be91b44cbff3914,1
0xda6a265aa6884f50a7159e8e7a5b7a04a4ea4f02,1
0xde59d4fbd48fae4b3c20817981baae47f360f4c6,1
0xdebd22d7f63648dfb69bb6e2a4c88264d578c0a4,1
0xe1c22662f4f1320c6e5319d002b3c3d52f0d0135,1
0xea39c551834d07ee2ee87f1ceff843c308e089af,1
0xee2c055f7706b9dfcd98cd5a23d5629d6316c0bd,1
0xf777af5cfa7a0f242b3e0cf7fff4823c15dde70f,1
0xfd22004806a6846ea67ad883356be810f0428793,1
0xfe3b3f0d64f354b69a5b40d02f714e69ca4b09bd,1
