0x00a8ce8fd79d8a6a6b2d260b08a3b60956f0fcb1,1
0x01072faa900f4ca3b40944ca815f39837bce193b,1
0x0129f8d12262eec25fba03cf4f876205f8fab37f,1
0x017ffb7c9e5aff47d9569265d7c78b2494099782,1
0x0183645e27c363ed2d1a3e8b036b0877d7882f52,1
0x018f5cbe8a37b03f5bf733016fee38106d39713a,1
0x0216ac50fdb6b46f6b74254b84ecdd1d431d670c,1
0x026e3a7cd4ecf91a8ad116a6124880d876af3c99,1
0x027a64f22ba0721dac8cbe1e7da40940b3502c4a,1
0x0282c4f3b5e1436ff383729c5bdb24e5affe172f,1
0x02d61cc47cc9a19b2a023c33c094269d9af07862,1
0x02dd4f68479c43bf614b569ba23c5694ee9bee33,1
0x03024d05b1aea10b64ff3af1fed6a3df9adeebb7,1
0x032ab14d5f69020afc87f43cacc0ef182a750d1c,2
0x036aeaa55ba6cf87984a5f0a467b21c63b9bf9d1,2
0x037a3079e857e383454fefbea892fde12a2e83fd,1
0x0387876a09a45581109eecab2ff4ac049e76ba37,1
0x03f4cb9e297ea659f30e09341ee7155a7d136398,1
0x03f54631824fe3c5abb5d9bf50fda18219d5ecbf,1
0x03f63b96240c4a0a3e197329787adf0fa42806df,1
0x04294157cfba9ff0892f48f8345ea3539995f449,1
0x042f2f42bc46626f07d400e7aeecae0645e4a220,1
0x04e22876d00d1d9f88468713b10cf364898014bb,1
0x04e2e44a8829b4328215196540bb04c92d082095,1
0x0573383fcc26eb066010d28d96ab02f7c5cde67b,1
0x05c47beed53eb8b3fc14538f881d0941cbbe05a1,1
0x05ee1ee157d9a1c62ee8a671ba2abeac0ae6f2d5,1
0x0688567b794a2a50909ca6fe92bcbe7a018556b6,1
0x068ac234248e886cd8287d90fd750732fa68370c,1
0x06da92f4f1815e83cf5a020f952f0e3275a5b156,1
0x06f549f0e578018095e93325bfaccdae3ca21df3,1
0x076c0df2460e757c857ae8807ca589c47668628f,1
0x076e7ec4724fe43262accf765dfc8002fb83dd2b,1
0x07b7b8a6977cb5e9823167831e8cf3397fc59283,1
0x08627cddb9710dce14c3949ce41278514a82253d,1
0x086d21b3125e01338ed4757b9ce8b7b44130e07d,1
0x0876a5eeff868919dfd52174d9524edb7500af02,1
0x08a474203d14053eabc30a5bf877bd22a6554f0c,1
0x08f1f3669598eeb0e8a63fa73480d1e023c30afd,1
0x0966d26521c18e82d11c40d64d3d1853ced5e707,1
0x09b2f0988b6d24336b348c84c2764d2b4f85142f,1
0x09bc641b6fa2308b030c312653f9675dfaa58e2b,1
0x09caaba9f57ec18d1bc6d937e90a1db374b99e38,1
0x0a98f97e89743406a8611e1b4219a073b60ffed3,1
0x0aadeef83545196ccb2ce70fabf8be1afa3c9b87,1
0x0b2095ed0377f44e7ee71883469a2983b8ebc96c,1
0x0b3e3a27d85996e20b2cdd0e7f1e1208816d05b8,1
0x0b51d75d1f228ea465d002595178266aa31e082c,1
0x0c1823a9c0928bc643473d049973e7428d92a5c6,1
0x0c55e7d45f53b6999732a75917df6eb711e58674,1
0x0c844ba95ee1d4a7c54ef35435775e2d5bd2a3d6,1
0x0c8b2a93750998de03033080256eb953ae03e3c4,1
0x0ce98350b9dea81fe0b47dbc4787a1e9f8f1d7ff,1
0x0cf9ced348c3292ba5c97e4fd50f23997127b486,1
0x0d08c74268c1260d9b50175c41738e1a45819700,1
0x0d69a096b2c66310309f0ead1d6c97c4dfe87086,1
0x0dda62bd9425efd93d6dc94f14f40c0888987670,1
0x0e55dca92272709d2d3de0e2cd6b7547ef9bbfe3,1
0x0e7a408a775af29310970de51b59501e21eee87a,1
0x0f5d5751d4f300c3d0adbcadc05f0af4f8baf788,1
0x0ff7f5043dd39186c2df04f81cfa95672b8a3994,1
0x1003b47b2980ae3cf433165f81296ef747e4f484,1
0x100fbccede5093ce48a462b3161748d7376b61c0,1
0x107752288b215467de25c16119787d715ec8e26e,1
0x109da05784c120088d76d3d2d5b0ba712e6cc874,1
0x1115e7bed26542bf247a7f800a9f48d530c3f955,1
0x111818a51c4177e8980566beea68fe334be7b76a,1
0x11267972b5ec7554fe1b315390c8315f91c4826e,1
0x11a22b262e505d355f975e1e48a365b5d4811ae0,1
0x120e4809a78cfc042bcb090b8daf6b40963626a4,1
0x129c6695dfe7a906bd8fda202d26dfff601f83a4,1
0x12a0fc764430a24833fde0310fce8071e1b5da08,1
0x12d235706f35f3fec12e5b7f06322ffc411b47ea,1
0x12efdcbbcdd6695109ada38e33c56173c2ffe2c3,1
0x13257e056112d578414e5d291926c9d684d5d9ef,1
0x13dcdadea84242eacbb956f16fd5eeec593f1731,1
0x14443fb547300ff12ae7230d13f531536e648c02,1
0x146d745139d417b8b5a1190cc73b34d7d37a9bba,1
0x1471966abfe75cf87fdad8b76d657eab8400f0b0,1
0x14ddb398ce7a516c399a95b5d5c9a41326ec93de,1
0x14de5ffba8b58036212695bc0396cf88ee6c3b3d,1
0x15fc6728ec8d16b66e7151a4df7261b331ff8b7f,1
0x1641964aed9635ab1f8ece9294142d6ab4ff81a5,1
0x167d974af135b7a17d5b0201da3f8a8fa1a60ce8,1
0x16a1c6c2e070aa05b7b68aa75166391b0d34bffc,1
0x170fb8f8f37776dc48184686dec386d2d1c41cc9,1
0x173820fc6e6f8d4f85a7a7e186e5852e1b4a968d,1
0x176ab08b25404b8b09026731c044daeac68164ba,1
0x17726f58ba7350a33d08d1bbad623e155fa2daa0,1
0x1773fad6563cd5b6a903e8bf81e9137127f941f8,1
0x177a8340bddc2041cc362aabf543dee4e394e3e3,1
0x17eebf2b0c31f6af94abdb551d1dd509ba6e4f0a,1
0x18371a25655b8dc35b604e484ec262929d83cf2b,1
0x18fa4f80a6dd1b7c420fc663ee8f6cbd72b62b30,1
0x1920dbcfdf0fd291a71bec0b66e20ff8674b01a7,1
0x19b27469edba628c4c3e3221d3713d387b8589bc,1
0x1a5d05c2d65d65f8d619a5522db0aa0a2a90ed98,1
0x1a7f174dcd4211d41c7c4d7dbb3a0e4db5780c67,1
0x1a9aee029a1b8c69c4404890c85715cc726746c7,1
0x1af7a2f37e7aaa12d8d275aefbb5b5ecfbd51225,1
0x1bb1aec6bcf7f4866a7e7c8a5387f67c083fe921,1
0x1c3c1c24d4cf6b2a73f4bbeee33d9d5ec8048aa2,1
0x1c4717309e6094352942b8d22734efd027f9de5e,1
0x1c5762f9899b46c19d4c9b8fbdd38d35856227f3,2
0x1c8dd144a2fca2fe78907291752c464cc9f67bde,1
0x1cb89e486db5774ba084f683796286848df489d0,1
0x1cbf9983e0d59276a58db8e8529706004fcb1837,1
0x1cd0a5034dbf5d8522fcc281d1e945a56e0ff370,1
0x1cd83b04b3a10212d79b4746ad9d8af0e9af6595,1
0x1d25029d92a7051f46a13be9a512443c966d3542,1
0x1da0f2a58e65d98a8d04ba3da56cff9f5ace5615,1
0x1e2fa044a25bca1576ed94562db50f51dcc24ca8,1
0x1e31c76b78ff00e3cb64d41d5844626d991ab9e8,1
0x1e3a1348881f6d0a5e1cdc6bf19b88d98399b15a,1
0x1ec945af051f5edc01319d9047605197b456943f,1
0x1ecded4519a9688ef4bfb5f15811c52f048ba1a6,1
0x1ede6ed83cb8187fce376289370ec1e67ebaa840,1
0x1ee5106b2233169b84dad2acdbf498b29c3c7d15,1
0x1f2a9082a7692ad4f1049b573313c52e49400137,1
0x1fcd249d9bbd4406801f4d9151e42d22dace85ae,1
0x1fec1df6b61e7b20a30acc6e3974036479ed7d44,1
0x2054804fb9fb267939011159e1d367e3c85845ba,1
0x206b0526f4866e7580780015cbacbb4a8dbb8c80,1
0x20aad672137302dd42a20bae48c180ce76ee3ca8,1
0x20ec02894d748c59c01b6bf08fe283d7bb75a5d2,2
0x21339e2ce5ce1d7a19a28e774513619c0c6259da,1
0x215fc4d12967ddc2432a7b8936f2849740edb7bd,1
0x21a417f3b18891d5e515c46b0331425c33622100,1
0x21b9c7556376efdbf9ee316a4ede0c8257fb7533,1
0x2206445d241ccb7dae93b2d2acfc67f75b90fd76,1
0x22418183c90741bab6606c0e0d240ae6c3a148f0,1
0x2285ec40f3618718edf88a305fdf4b9fe89ba5ce,1
0x2354a92e93eb7267397e54c05bd4d7df7e88b384,1
0x23787626349cc170bfc512e5b5e3d3f44e00d02d,1
0x241607e362a338e7dcfc508f9ad65e276d35af05,1
0x248458947c120ca057ec028b3fe7e4b3f26fdb3d,1
0x24a674fa3e3a7775dfaa4849c5a5640cf17095ec,1
0x24d579be58c48f6ce7b6606a5a8d434ca0f22a58,1
0x24fbadccd6684106e24065694ac87b0e98819235,1
0x25041bd00af867b2d4cbbb5190178f8046ae51d6,1
0x2595aaffb353e812bb5cbb63f7f62e36fe528f02,1
0x268b3d3de3131248fec0dda6afbb5f3b5c9f5cd8,1
0x26a1e46832bd5ffd7d21481d185fc258a7080316,1
0x26f8fdd4f8cbf0ca1087e4f0b9e44930f5f2f159,1
0x2793d7a12315e0db4192e4d1f73462977ad4cb86,1
0x289256fa6de33947fd292a9e94a738c3d986f8e5,1
0x28ac01ebf289292783cfaad9bbf2c7fe2666dfbd,1
0x28e38d3bf57969ddb28eab925ad4de50be0280fb,1
0x29a8fcdbe61302b42b05da77c7db2ef21ff630ca,1
0x2a5595f487a15c9cca39bcdc17d551169d2552c5,1
0x2a7999c9c0ae20e7b64a126f838351bbb6c120b4,1
0x2a8e6a695441752325f4dba04203bdd95bdb967b,1
0x2a9124f2a67f208dc9161493d23ffd7f3f8d008b,1
0x2ae7ac4d95e1bfe1172fae1c8efe9097119216cf,1
0x2b035be2221e51220d35ea51908d095117d72936,1
0x2b2c3544cbd93aeed917e0a017f3387709b4c679,1
0x2b561ff6e1d13ad930582462512911d7c632c75c,1
0x2b6565c457d6e73efc15eab80b8ffa34b6bf122b,1
0x2bda39a75186286fed2541c4bd8d39b7601582e2,1
0x2c45f65d254e85584b47ec82450c91a30cfc6be1,1
0x2c5238f2f0626436a921853dc9ea77b175025ea1,1
0x2cabcfdfb87df7e03d5ea9491c1362d8bfc596b5,1
0x2cb3338f518b2d61470b4d1d503bdc84c1a04ecd,1
0x2cc0cf5005bc416711a2fa2ccbd12dbe7ea70143,1
0x2e1241d948f3c64634cfa27b0da30ecb2f71aaa6,1
0x2e4c4d5c775625a6684e093c92a3a85f532235e2,1
0x2e55651c54af2f2fb57191290c97887b993ccdd9,1
0x2f9725591e43ab7db17ad9cc9cb14c44bd625d4a,1
0x301cc218009608e59f9647f4b7dd8a49be8493af,1
0x3027dbbc1f52a9b273805f6096d5a151687a7bfb,1
0x30b7b41e299f90ae78a11b764ad2804ab2bf272b,1
0x31b38710cae5581de367acd9117c64efcac03e04,1
0x31c72d0d03adc76456d3c14a4fe19f8aa8307c16,1
0x31ecf745d93dff69acc7f0819324d38323e73491,1
0x31f10957f40fe5ee268b1df1f59eb498894b0357,1
0x31fedb43c0c5c0ca6432900b48939c0ec2f46c4a,1
0x3216c0744441967e8edd07c0d2dc21c1202cbdb0,1
0x32606c4aa95ea78d7c5b1e0e347e3e9ae451434e,1
0x3297369811d4c33d36296cb334c6bd1acfef736d,1
0x32d3aa5df3203ac5613cd5b22c642929e3dae423,1
0x331b4a1242ad6a794ef127bd61fe57d7bdfdbb80,1
0x3368b4733a4552b38b7d81c215d88cac4c78d8e5,1
0x33be64b5921955387ddb08a31c3193461612b565,1
0x33f7bd98720d53f5decfaf764067b43ef52d922a,1
0x343e85ac3009ac01538d4251900ce1a2b7d7ffec,1
0x34433cb54d406d231cd511567f33ce1914fc888e,1
0x34b93462e65303f3857460971584fd0d908f2f45,1
0x34dea787524a930670862a27bc7234a1897e1bf2,1
0x34ef437b68a0ef279865c50272c1e55cef666666,1
0x3543493a76ce5ca362dd6eeef000547de52b6875,1
0x35b7639a8d86950dd641aae3a33906d18c4f6433,1
0x35dbc64c7f6a54f3ac2d428372ba9ecafce9f03e,1
0x35eee1f835a08e4b0df848197c4d377c23b79ae9,1
0x365f7b46973f27740c08a077b66ec810cab39306,1
0x3689c216f8f6ce7e2ce2a27c81a23096a787f532,1
0x369492c9bad36280d07da79af7ce20e41b575bb8,1
0x37009f9ae9dcc0a6d59204e1aeaf9da4968caec8,1
0x37145f730aa36ee38230c49830238beb3f4b3d32,1
0x3734c5ff3db6378fd4fed019ec6ff347350a17c3,1
0x374bf847aae52564a4b4c38925a2d59e78bce39d,1
0x37e6cb993b074cee0769fd6bcd8154768f585ad3,1
0x37ea6c993c5f42e1fc3455d5781e4a580760970a,1
0x37ff3377d71b26c315841a3a6228c7306a1b25c8,1
0x380c0eff03a7d253e838d434e06387f10c696b33,1
0x38328514daead6120203a88afdf265198a7a5dcb,1
0x387f802c6a9ecffc8b8f6bb7b80ea0db4cef9810,1
0x388160a99390392278afdba240046b8b5e73f77b,1
0x38e23cea342deea0744a4f68780053f347b8bfa6,1
0x39256c222e2a16db63f21da9d8266fc6f95f45b9,1
0x3927e502c865a2c873a735775e224930eadfd2e3,1
0x39f3c15dd690163b5d985543484a8b51fb3233d1,1
0x3a0c596a40bbbb558d86b0f692884aadf1dbf20d,1
0x3a4c619284748869eb3ab16494b461256b72f875,1
0x3ac15262b5bbbe51c9d0391da26f79f86554f808,1
0x3ac61447a75149ba67639100ecc92c76fb20941c,1
0x3ad7761cf3ccc95ec5757ad18683c777bfbcf83f,1
0x3afa488a8cdbccc2163847c2a7054c778ece6a23,1
0x3afb6fc18b7076087a72ccc6f21d732c4b253da9,1
0x3b3c98e3dfa12068f182cab14265bbf38e1988f6,1
0x3b402b7d44b647367686f20b9905cf4a6eb6349b,1
0x3bbc5a5495f3d1d3ea81f58a694175072150b748,1
0x3bd5e344ac629c9f232f921bafdeeec312deac9b,1
0x3c082ac7981bded2bf70bd9f405cba223742bc29,1
0x3c50226133300ed131fc883e10d9e8e993aaaf67,1
0x3c8a67ff9d751c3cce50c9acf617959396daacd3,1
0x3cbf4ef353ab30627eed997da3b707668f8c668d,1
0x3cca02f925ee47a0333d3e40b98956479b580d89,1
0x3d20c3f372207074df1a0ab5272c7168ce23d178,1
0x3db0b224099e56488d93f4e887a6bad88c39cfa4,1
0x3dbc93aecd50e485ecd2dd6dbe73d1ec19a4d839,1
0x3e0914fc2b3b67a476142020b7d6990d01ad234e,1
0x3e1ffa5f95dd6218ec4955216e3df532385c0e2d,1
0x3e47c8acb9f2585e941ecc3b644d1272c2b538f8,1
0x3e5f46ad03a924d0c1ddc9aa311fdd265be312df,1
0x3e6b87ff2168d15794a865d09a6716415e7dbecf,1
0x3e77fe1e72f93e891691831e684997e0de75b35f,1
0x3e82491aa3a1536f59001b6c02afb7d2457da58d,1
0x3edb901b82431cbaa2bcfb0a058d844a2eb93aef,1
0x3f4373afdde3d7de3ac433acc7de685338c3980e,1
0x3fc9d73f76e697113bae54eea77325fd74aa6057,1
0x407c33ac35a9edb9a2f99633243fff10606e97d7,1
0x408198596e2a166d80d61ff7db4a8ef5f9e96e79,1
0x410a9f44948576c60f94b165f63eb79ce769a04c,1
0x41b7d5bd3bb528f1358aaca73cbdf2cd7b34d966,1
0x41e12756498322b479f889af2b2f4b29a85d5605,1
0x421c05b4934f662ea0f520f3e51d6483b93114ab,1
0x42b46951ae492fde820016ad6432c1360a227dd1,1
0x42daeb9ca091e3933c8ee93c029701b926b1f336,1
0x4400595f54c06e119508092a9a6d1cf3d90f2528,1
0x441ee5e616eefb10116d25fd2c69499eca8e9126,1
0x44b4d430e7c56e4ca04c5799e561063ccc1f1df2,1
0x44ed32b27aebf445c209dab3ea7e3a9d50f37b2a,1
0x44f2afb689aea37ab17feb2420f17f9a3e851307,1
0x4583e00b4d17ce9e969f94baa2a6336f923d68de,1
0x45916b3db076b68483d0bfe726c1e7fad8aba1de,1
0x45b0319a83e9c831eb021c6ed37c1b185341c57b,1
0x45faddea1c17a97cf61dd605226d511fd09dff7f,1
0x465f189d082f999c47e5e5aea9c05ab78f39a77d,1
0x46f525614678ea607421b18c4458b6435aa7e245,1
0x4705bc2775cee0fe266dc2a376010c0eb1bcb474,1
0x473c923543d9c91209b087f456d4a796b52ef96c,1
0x475f1ada912ded076fe9369ff1366bfca4a69baa,1
0x4762b5ac03fc097a500b48cfefffc027e8b37227,1
0x47c553e889f7bfa75cf3775473180a04e9effcfa,1
0x47d278101ee9335c3a3baa14fe184f757229a7b8,1
0x48238faa9bd6d56fb44a32dac6185f04eabf2117,1
0x487869b7557f0fdecbc5141da1d7c48c15c5b8eb,1
0x4894825029c8728dd2fd17a53be03278936a768e,1
0x48f1b764b8cd851025b88fa28f92cb855b9079c0,1
0x493485c7b822d077f14bd6484a5c40f2adc91c96,1
0x494e338b715b786d574cdc833471f3719bdf2d24,1
0x495f5609b990bf3e7cae34dc2521d7e3c57a3206,1
0x497056b9e7832eeadb26c80724eb79d7ad0ca77d,1
0x497b5af00112f42f57b2496bde21123b1d4f85d6,1
0x49ca963ef75bceba8e4a5f4ceab5fd326bef6123,1
0x49d6531aea6dced6595d50da685274766e4cfc8b,1
0x4a0833202f399e27d8e6af4388ac36af07f043d8,1
0x4a162ea613912dbcc7034867f67f667cb5e8855a,1
0x4b3dcc15a8ab43128210fe3327bc830c36a15541,1
0x4b3e77089c5eb6558b5355eab3bf2ee4156bf2a9,1
0x4b4d75b8b0fc7528ea2614b2ca83555824c07867,1
0x4b6b892b6878e61f421066a01fc03d0648228f82,1
0x4b92e36ced303eeb59bd6c5dac555b2be13fe2b6,1
0x4c3daaef71d76fe12625e6be29d1c073dbf4e989,1
0x4c48d00997c6d23d6b47a9ce8caa6027d0068e42,1
0x4c97762d6b0355ba508abd284e55afa4896525f5,1
0x4c9b3b18a54e59b23a75250425670e6a7467d225,1
0x4ca1c22a3bff99415c1095dc22b3595d2c54c458,1
0x4ce87901d7356250156afd04fef88ea492f53f88,1
0x4dc208f337fd51bb6a35925cb4a6b0ed168d3460,1
0x4dce05ee4a9046d21fd55c15656bd247e874b22b,1
0x4e1829da30cd7ae2f3e9915cb8c9f3f203ac7d83,1
0x4e3cc03eb2be6122f2316b84d1c7edb900e90dba,1
0x4e7fea74833f32f57c545417a8fc68bcb7629cf6,1
0x4fa03415df7af9ce232195aebbfee491d103f948,1
0x4fcd164b7316fc3cb6d89c1e941591b0cf06c97a,1
0x4fce8ad19a3b31ee38dec4f32538d299b0619399,1
0x504552190ee73a58ce0c9ad2690e82f67ef14479,1
0x50538f9c1582bc1e7c4b5498b9a730506d8efde2,1
0x506452ab0dacf04db0ab1544b6be4019651ada90,1
0x50f8c08b0124092e1001b355f4b8ae2df85f715c,1
0x510874beed37d99379422b1c3fa3eb2329043a3a,1
0x513a8a2577056d82b9e9d46c96625a4d4d05687e,1
0x523ede1d0f07c13951466404487d5ff19ea4ddbb,1
0x529096c3065d8a82355bc358e0f2af764c337a20,1
0x52b80d1da1d4becc71a6c07a34dc7642bbd34c77,1
0x533fa4a37aaffdb02456d374237091520790383e,1
0x53cbd34ca41a2373dc329c63dfca349d90139e27,1
0x54be3a794282c030b15e43ae2bb182e14c409c5e,1
0x54d5673ee0dbcc896112a5473514f25e96208022,1
0x54f61eb7659141e7edcc2ca6337ba1bee200ef0d,1
0x553440a193d747143acee9231be72801a8747641,1
0x5568945b2978f255e653f364acff5c1aa85d83a2,1
0x557c60995797fa7b47be105227a2e46148d85750,1
0x55d540e4b0ba408588b700f75e85eef4c7a17151,1
0x561a0ba50735b1718bc835f5b43f73d4149fa558,1
0x56640ba14fb770f1ed151886ac7bb6adaa96955c,1
0x56bdc5fe7f9752e7f5a381e394acfe72a724462b,1
0x571493b6bb0b99dda41e2da1774b8c9b5bc302af,1
0x5779ed044776ae2d0fb4c3ec9be5029b203df7ce,1
0x57a879266c02bd29d11c956156e9a524de4483d7,2
0x57bd982d577660ab22d0a65d2c0a32e482112348,1
0x57c23be389a66a94bbe83871ead5450272f1efd3,1
0x57c571d126bb2cc883691efb8e091c1827a11b2f,1
0x588c869f84c4c7de0713cf9ffae4e90c861ed3d0,1
0x59593d5ad2e4800ae56cfa7a8514a7fd888d99fa,1
0x59a5493513ba2378ed57ae5ecfb8a027e9d80365,1
0x59d44f2d8e608cee2c3e57da5a5de3bf192a36c3,1
0x5a3a1461310884df894b7e973305f690fc5779d0,1
0x5b10d647dfee0bd683b1c0cfa6e49ec4c9cf4ec0,1
0x5b33b6f41e87111b7d22685b297f086b5535034d,1
0x5b4bb3c2bb6e2ec707cc39a86dd398c0a9f69add,1
0x5b8ed97b1e85ea4e5e96c3a6e00b0835b087fce5,1
0x5c95598fe454882fec1139c3ed1284255b49c8b3,1
0x5c99e810eb0d87f17b0e467de52b3b2b4b2a2dca,1
0x5d20e6c0db887b5c3281edfce5bb7677565e2b8f,1
0x5d291752da86c6be88084809405aba9024b68e8e,1
0x5d4e840aee5c438934a4dbf8687d9624bca637d8,1
0x5d6abc52be03093a6de9d6143fbbab25968b3e55,1
0x5d89737e854c860d25e106c498c6dca0b516ed7a,1
0x5dce03d8f4e2dcdd5873d1afdd2af570c5c77e4e,1
0x5dfc1f36bee4938b3dc8ebdb4c34f64c935fc2f9,1
0x5e0c9043942734f432de41fae563b9691bfccb40,1
0x5e1582b43bb7b37e9920f4bbc677913a2c7505ef,1
0x5e89e410196e2e3278c666793b13dd8cd584dc32,1
0x5efdb6d8c798c2c2bea5b1961982a5944f92a5c1,1
0x5f2a61322907011534dc65a26777a7ac63a12964,1
0x5fb77d2d3b3dd881f5d4bc6da7a0f18fbd694463,1
0x5fbe799de139710a2eb644f0410fdffbd5f189d3,1
0x5fc13c5a541041f8fa12fab492d064435eb8d2f5,1
0x5ffd8de19910efff95df729c54699aebcee8f747,1
0x60acf8d95fd365122e56f414b2c13d9dc7742ad7,1
0x60d2bc84a71af61b82d1b4168c9103ff6c4898eb,1
0x60e5299f49cdbc13d152323105af462071b22c87,1
0x6140f00e4ff3936702e68744f2b5978885464cbb,1
0x614b89f072ea263a9387460963142e73548fbaf1,1
0x61526ca189ba3b508780e794667afa0c7c3002ea,1
0x61b04d2b5cb1f1f8505e7b4e1cb3d9e8a0b15bae,1
0x61b1db66e53f999ce461a7e46550f084ae6005b6,1
0x61f98e7e7a6953d6a4c9841101097f76bb451031,1
0x62af590649b7abe80f8c6dffbb92e0875b65e37c,1
0x62c868061cddbe38e01e7a8295fdcec72c10ca06,1
0x62ebc6375df0ff1bfcaa81185c1b113c1fd5483c,1
0x631cd42eb1063d1fe2b49a78744f3094702edbab,1
0x6372d3c71aa13be4942b1c854b01608f97572e3a,1
0x63ae3ac11e93a55afc2f9ee30c604ecc2c90effa,1
0x63e80d928c4f3567852393b5cc3ad6bb04ea05a5,1
0x641e29991b4991a096a40ac1902f52b0393b4669,1
0x642c449cd9afb9db4dc284e1bb89ff67037d14b9,1
0x64348d63d9caa4ab3d15470719e91d6d18627e39,1
0x6474183ade6709a76c3c411157f501d78b4c5482,1
0x64c90f8a492cdf2e1126b0bc1a82d40edd20497e,1
0x64f7de90dc79d775703bbec66a1591c7a26a22f0,1
0x64fbdb250a3b4673769cebb41a152c9b3035bfc9,1
0x65876304b2e6da8248094808cf2a2f6022c534e1,1
0x65ba4f92d7dfa813ddbd849d9faf38a723dd9b12,1
0x66104a8ade280c1fac0e6c1177a67e8a548510be,1
0x664e3a3a6a6fa524d06f4d612fe8440b923574bd,1
0x664f45ed5084abcf2f8e1a95e320b06cc700591b,1
0x665654f2d2a151be2d0f8e3697e6ce780f732af2,1
0x6666083ba28027fd6db24a3c1bf288c0f3f95807,1
0x66f377542600304ea500228481bc1ae740ca943f,1
0x670a840848eba22eb2a090fd65e1ff60c3ba9e5b,1
0x672bbc4d659cb2c0cb2862e80fd9df7e66caf874,1
0x67a3a43a55bd9cbfa5d696a7ef2d57e9e0869fdd,1
0x67a90218cc5fc1adde45ad27a257f268023b2ecb,1
0x67c87c11250a3dd2c459d896d862b0c599db4248,1
0x67e22007e99565ae526a7893d7a13859fa2fb240,1
0x67f32010d0c4f60725df8a2d238b1a3e269d86a5,1
0x680a9c6e781f0ca940e4632ae9bbac3d0ee3b0de,1
0x688b8b1a462623ecb3d22ae936d8371371ae68f0,1
0x68eb3a7d6bb0abd5c35d3944b4e8bee3489af8e6,1
0x68fd77f58669f91c8dc407530535cbcc33641b9b,1
0x692d6cf19e0c082185e20ff5ea6bb267e7aeb278,1
0x6a3d9412a705f5531b029ef4a7b8040e1eb84ad3,1
0x6ab791754298d6d6d7c182dc1572126b4ed24897,1
0x6ac7466fa71c7af32f4ffcfd20016eb4fc9ad879,1
0x6b3f465e00baaf9e3478a86e253aa6620720f3ea,1
0x6b4fedc18a1e8cc0523e56cc9b45080e1ea00005,1
0x6b89b5f3083e41e150732de385abf2dca5015d78,1
0x6bbb8698ab53277cca9741dd8dcc3c07c7361c98,1
0x6c6e93874216112ef12a0d04e2679ecc6c3625cc,1
0x6ce42d8b2a202e206051bc09dbaafd1fed24d044,1
0x6ce6b0dc43eb922ffc274d7f8f9ec69621640bf2,1
0x6d8dec3fd68d94a7189a98346ea52b4d32e00012,1
0x6e37d79b4744dd82261cfb7b4ccf77fe513be06f,1
0x6e63a4caeccb4f341ee9c9175c9cc554bdb6d10b,1
0x6e977c8155d914e7aa99331169939978a4d1b102,1
0x6eac2c7df91eb8fda3909f39566096a9f2b98fed,1
0x6eb6e110b902c101f9ebef428fad9a29c89664d8,1
0x6ec2997cf35457daa9de4cdc989c697d921b5285,1
0x6ecb6038d923606b3540c4c6ac267c73ab7fa3c5,1
0x6ef8fd2ffd39df9e73eea701e17db9cf51ffbb7e,1
0x6efad99448d22e7e401211391270375734c9063e,1
0x6f0735bf1e6c69030d6990cdd580345b370eb50a,1
0x6f113b0c8c7266d7514e4986e3d6aaf013b6754f,1
0x6fa60d8d905c273f46ac50dfc10749189dcbf6ba,1
0x6ff3efc06aaee79776207c95bde5763e4af55a8b,1
0x7021fcd14815f00b0e89841c458829739c05b00d,1
0x7079bfcd09ac050d3c8ca5d230336505bf5beb8a,1
0x70814fb113d5b2b22902b568b67ebef657d9d66d,1
0x70da927bc27dff979cff22493e1ba26f3a61d941,1
0x70e680b9493685f72e76243c09993fca768eedf1,1
0x711423f5ec1e50824b85f984338692dfce6548ea,1
0x71a7702ff3d858a0853a918fb44c537740a8bde9,1
0x71aa6c4e87225fcae2df49f977c7fc0d1e8d2112,1
0x72919e83afd6cb328e6182314373b830b828fac9,1
0x72a04d812494cf3f6880483c6269291ce5751a83,1
0x72c95a7580c7f842fb30823b8a8c82a4961e144a,1
0x72cea5aaaabd1cc5232bd2117e5d21e83cbd0e51,1
0x72ebaf6d8150a4a33c262224c1a24ae7711e1c2d,1
0x7426b39865d11207b8f795b10d70843fc3289051,1
0x7499003740393bec0ece8745e099c2eb3f59dc9d,1
0x74bfa6fc87e23d64451f5bb084b6fbf79f46e495,1
0x74c7e104d699193d7cbeb8ae4b5e1174468e3aed,1
0x7546c60ae8d65dc6dd7a0f61c169818059ef49db,1
0x7560481a7330a79b01dc05502c0ca8919c01878e,1
0x75850227f61183759cbbfe2b3fb196e798ce0b95,1
0x75cf6e0dc5294bef8cb5a6fcd23dc9badbfc443e,1
0x75d4fcaffb56055bf9df3574d345473e31a16076,1
0x762b89823df69b711c35b737acb0660456720921,1
0x764abe778aa96cd04972444a8e1db83df13f7e66,1
0x765718a8e4a5562be34b122af259ce5a71372e12,1
0x76d01054ff91afc2d515f7fea9a3e3313e248615,1
0x77039399801f462b4ed13444a266b16355c471bf,1
0x77375a8c9d13bf79afb2a87f1b0ac1dfd5f5bf66,1
0x773afe300922bd7f9f3b68935a9c5dcc6058e02d,1
0x776b818b0464d499458a7129b758e93146ad15c4,1
0x776ee1896bbcf967aeb1aac49b88e53868408c1f,1
0x77cb2cfbe04314fcadb3293b72b012cc7964a9a6,1
0x780701eda98d4437967881553efe18da3be04249,1
0x78086ad810f8f99a0b6c92a9a6c8857d3c665622,1
0x78130d139ee6c5c1b99a49ac70271fe696dc2b3b,1
0x7865e1795d185e8006820dc8bffd674b4d019eaa,1
0x78c74a90e80b4d93b911f979839cf764be00b4d7,1
0x793e48857f3ccdfe5cf3c504b6dfc7e8dab5b0e1,1
0x79d55cabc1daf0e5ce5352ab6b8d267074136917,1
0x7a231b6d33f1da74e9fb593bc785b4914a852867,1
0x7a8f1d7566c5e62245ee7800f5e7b719b5f61c8c,1
0x7ad225751ed67118e9f54f87e08f64e43ffbef0a,1
0x7ae4784a907460858231609f565bd9580f609b05,1
0x7c0ca862b604c61a7b7e78647ad95563f60956c2,1
0x7c59a1ddd7b8e5ba683941ea67b20b93864ad8f9,1
0x7c741ed01ee259feba4b7f9cac114f48bcafacf3,1
0x7cad02c1e53decf5d1102a4b9bee5de79c6d2e18,1
0x7cef7db4289005fd56dfa6c73bb2be6ec13bc250,1
0x7cfbfda5525508d462eb8523dd1f5d4491e048d3,1
0x7d087a866af3b6a23cd40470b9fa3873ababe420,1
0x7d93f170dfd65d14d58682678b7a0d171f287c93,1
0x7dd14501c25c221ffe213d7d56d225f4fe411038,1
0x7decf7a31168778f311c57b9a948abaa7321001e,1
0x7f6ca49d1e50671a586a76bb082dd6b3f73fef17,1
0x7f94e30381aa6657c45833ec7fce2e493c1888ef,1
0x7fc3dd768031af344ebd6cc27c449fa57a582917,1
0x7fc53dfff734d7cb9f533154344e4d569a34f8e8,1
0x801ac1049467293c3d8564a039c63eb133757e82,1
0x8037cfedb47d493a391dad76c4f60b8927cb8108,1
0x8081a75141dbc89f70d31eece08ff12cfe105e43,1
0x808a023b72260170c95d831f589a1ae0dca1e43e,1
0x8092f951225b060dac717c3e0b2aec98c9efd7ee,1
0x80935c9940dae61513eb50b144dc1fc70a4544e9,1
0x80bc7ed2ea22994f3757f47689e01870e9775fe9,1
0x810657d67c68cf7299f7ecbc321b293ee064c5df,1
0x81384243bb94855b87c23901f8e1df70bbaf5b4d,1
0x8169cecd991392586828011079f29d05b6a9edcf,1
0x819dfc1b757c0ed67fea97e33e70cc4cc640f99d,1
0x8231ff66a7bbdc14ad89782a51c939bbc4c92784,1
0x82410609593d876761681580cf304c794bd58d09,1
0x82a214b23c0119f0c37be360889927d68c2caab6,1
0x830c47362766804dc43fb07215c3c50a09cc572c,1
0x8320e47ec91537d3e7ab0eeef74605afad56e880,1
0x834a9484537c2760ef6d6e6736d1ea800d67966c,1
0x835f1d5910f6c6523e80e9b7e8e5f31f1a8ee6b0,1
0x836c5f980c999050ad9d337d7b2af791c5fb8985,1
0x83ee0325fe8dd7d2734c9191bd5f7c532951dee8,1
0x8491fec2ff6cac2095cc57c334b992b6870fd1e6,1
0x849a27048de274c084f42551f395823f8fa18f2e,1
0x849fa18589177bbbd194f146a93fd81c479de4f1,1
0x84da5f835da477dbc4426aca0cb9f1e4071fa9be,1
0x84df1fb4801e72cf6958a994dc0b690f9e7cb23b,1
0x84ea8215947e5484ee59818b789de9b4555bcfae,1
0x8668681d2017c2322d7ba37070a8ea223ef3729c,1
0x8729250ad053ee455b55d862fccf1030c2eb4e0c,1
0x877d45306e8c7506e9a20c9b7a79bdda97c4e7fe,1
0x87bddc08871da3e3cb8665e4ff3be6a1906d0a9e,1
0x8854ad314fdbcc275eb0d5f4fd6dd86ab7981cce,1
0x886478d3cf9581b624cb35b5446693fc8a58b787,1
0x8874174a2366668d54fea6343f71709389563c8a,1
0x88f038389cbe95a917042bdb0f3afc434c680edc,1
0x896b94f4f27f12369698c302e2049cae86936bbb,1
0x8a9bfdc136d5d1166497882af5d8c9718f27fbed,1
0x8af0b9a9b751e086122bc340188bd9d99b8c7ec1,1
0x8b17e8b3f8315e73986f0c8370cea4f3a974a532,1
0x8b66b420c4f3137b2bb4aa6a291bd81790bfece9,1
0x8b6a3e1f151fbd8a45539e0942918e63d35c6cf4,1
0x8bb8bba1ccb6b2b8a35061aa65dd8e6f369a1723,1
0x8be5a2df6488b0937299d27f092716f4a9ab2fd8,1
0x8c0a11eb047c1097c821c159b8e0c2c5f37f81bf,1
0x8c1f393c989c667ad20e3d9df72a4f778c5c64b2,1
0x8cebf0887979d86ee2c878663af7b71a35d0ba24,1
0x8d3538d60a2b93fcec3754bf20a52f94a6c67469,1
0x8d5e59e11838cff72af5fb0681d96a9136ad0604,1
0x8d9d8d19e396dda0250eb9b0eb8dd631e612190f,1
0x8e6d18a600f8bdf70074d93a7da57932f763ac85,1
0x8eb48f7dcc00655e931fde29beaa3311021438f9,1
0x8efceb29863fb0b62c73c6c9c23f10f24243ebfa,1
0x8f54249ae4c8a73e92d44459e026c9197670f3fd,1
0x8f72a6934ce350b19432a3dcb1c698d6f7b49fb6,1
0x8f73a12df13eaf4dc0afb5732e948971fde209a6,1
0x90198c48129ac7564933f8bab85669e303ff6b9f,1
0x9025250202289e69275062a534d15003b95ca705,1
0x904a819e486d4af2653eec8e424599335e2f190e,1
0x914b1b26f461a8797d94f06ed41e01f72b0484f7,1
0x9274f2f89fbe5dc00c21c628e46a18c7187c14d7,1
0x92be9a3f9f5b3ba7d8d18430723d3c4f82539e74,1
0x92c70f31efa47bd08b65f36079fba5668f3050c4,2
0x9313d20e1657ab7fd434943c931f4b796841bac2,2
0x935726dc7116d4d708441ebc37de72eaf648d83f,1
0x93886649b07888129fa320eb95756c35cf80d732,2
0x939b18875d286d88a630cbb00fbb34546a7fb35a,1
0x93c838add3ac72b42f65417408f900a7155e1bb8,1
0x93ecd5b996c4a3991b5662e43072997bc46a235a,1
0x9419ece5ebcb9cf0d261801a582cda1d5349cb5d,1
0x94345607093b249b5100e8d1e499928dc163dfdc,1
0x94c175ab2cc479d79b9b1016e46505370f75141b,1
0x94c47ed35fd041953352cd483b66ad1dba05e31f,1
0x94f052ca65a34d7f581bba95a749b1cf52689dd5,1
0x956f7db2fdb52de9453ae184d51d1883b8cd9d68,1
0x95d41776812c6ca222dd5fdea56c065b55ff7655,1
0x95e26ef85c6af021d3106d1e6ac345faa7c6f663,1
0x96bebda13d5d706e41123f463d6d44f56ad493b8,1
0x97876742b1b7fc49ca555ea44400b3b70571d68a,1
0x97e98bc8faa00f58a33e04f33fecfc043945f809,1
0x97ece7185467c78293f3b796bde3704421d4fa69,1
0x982d3c5223f6b5794fccb3208eb164d042cf2526,1
0x98cba78ba705efaa9c9d9015b5c95ba1e2c3b2cd,1
0x98d2a36205caac5f496d25e3e8c0ef4d737c9b5f,1
0x99a770ef061d14acbea017e347e6e7c8073c3f5e,1
0x99e638598db40540b9a9ff3a246f2015d718501f,1
0x99f8f74b1808bd7f1e9e76b7d82151b35dfdd6ee,1
0x9a40129125dff8e9cb6ca8fbeb07ddc7e4a94647,1
0x9acb83a514399c9f5201f55ddab61481d0430943,1
0x9ad85d7c0f7eff3d0718c3a3a032557558f7048b,1
0x9adccfd429a7ba40e7945841164ea2cffa7611fd,1
0x9b0da6499d6ea156c2fbca0f2104d42b7f8f2f88,1
0x9bc66bb0f94a38e55809dcf7eadfd6bf98d6e184,1
0x9c3b4b2d4101f2280ef9b1e810d618648b410340,1
0x9cad9ec88699879b16887f501e87d0753445bebf,1
0x9ce3aebe5e73cdd5357aa4561fe1b01d78f89fbc,1
0x9d915278da1017033bf1c5feb48562a0407bfd05,1
0x9e0a1bf40b53dbc15b66619336228f23e1198698,1
0x9ea44a1dbe393a6d38d5f94ab73207279ac45310,1
0x9ecf343f68eec9a5f259f02ac3149e3b3b867445,1
0x9f281c5b04c091096ac468a9388f0ee6b0b8b1f5,1
0x9f35af4727fb91114563d8a8f779a792cb557f3f,1
0x9fde21b020cd066a24c8fb919fde2fb8c33c1969,1
0x9ffb4d816f72941a997d41909df08aea58af93ee,1
0xa04611ac0438bdada004680628704151c8db044f,1
0xa0494ebea98f71b0f5daafbe3c7e77d933a85e56,1
0xa071dc9b8367b59dbf5fffcbf5565c30425045ce,1
0xa081ae42802e0be86f5a6dd9274adf50c9986a1d,1
0xa131be4d5a3530628fa767db5f800a797bc12b99,1
0xa1cd04effc5cee3b373f0db23a88e2769ea310d5,1
0xa20416801ac2eacf2372e825b4a90ef52490c2bb,1
0xa21d5ee73f59629734d7eb9c62631e93ab31dceb,1
0xa27c8e38a5b577d4c1aadd0426363ca83255c6d7,1
0xa2b50bfd6c82d8e8aed5704f3b931d7c78d02397,1
0xa2e042d9b3ca6ca35744cf75d5bd8efbde71d48f,1
0xa32560268dfff7e62cd0cda1dcc699406321aed6,1
0xa32dac7aafa867bf2fb8a9d450b5815828bbbe1a,1
0xa39492086042ffd52a4cfe672e402413c93a580d,1
0xa39d385628bd00438f8a9ba4050a25a0210f84eb,1
0xa3d998b61e214f5a1963ef52a19706a3a2a136db,1
0xa41341bab6588948da8503d1dfb0a0ab0ea269cb,1
0xa44b68fc590a2fd1cf48f2689a8aa2c8b62d2261,1
0xa4580851905c60fca8c6a7995036ddcecf060f4a,1
0xa4711c27924a900625bda3c63dc1eb86b44c48a6,1
0xa4b2f8d5876ecbf976d7e983c9c9b418b21e11ae,1
0xa4e9a636d9ec9472c3ebb1430266b634c4ac114f,1
0xa5214719feb1d07b66292a5d4d0a2712bd048435,1
0xa56c04347abee42f663eff9bc2d0147b97c8f782,1
0xa670e4ef947dd7607922f0716355566d558acd11,1
0xa6f4fa9840aa6825446c820af6d5eccf9f78ba05,1
0xa6f95ffa23ca53d33390f3ad6d1da06f8a456ccf,1
0xa71000e72d38e6a84d7190f59fd3dfc73931c0e8,1
0xa73421c987e97278e9d9f7e55c687c2ab114b853,1
0xa76bda01601ebdd50512c2103a329db572d7a77a,1
0xa7d90dab198886529c97afdb77007a0eb28a185a,1
0xa817b9bd1ece360e4a1692894a5ad1d40b889f20,1
0xa8879c580a54f190ed53b43d30de269097ad7543,1
0xa88e4a192f3ff5e46dcc96efefb38dfec7bb250c,1
0xa8f1b7bee4bb60311511144ecd6dab7b04ef2735,1
0xaa0ae8cd18c3aeb0bf4e0bb3507b2f86f7021ded,1
0xaa54fa7c21aa518787208923d8d173f2b22658ff,1
0xaa677fa158fd7978fa4fb805715631d032175930,1
0xaae8c50d76c76fb8947c9a203103d28b55862977,1
0xab0054e6d91e5be4b69c11ff7ce77c4571ff7c7c,1
0xab0ac99d34b23dbfd106f539bd8a265275f28c87,1
0xab0e2f3c3c29deaa7c3ca0dacec97a33d5c26708,1
0xab1c5ace08d1bb579ce0031958028dceaf15a125,1
0xab2056903a7b62bac46f45a3d7a70ac799ca88cb,1
0xabfb3a0a0e4c1bc2ad036f4531217e2becd215ee,1
0xac01ad9a3e3c3448a5a0e6fc798def034a01a67c,1
0xac1c7cc22ff431b5fc07c177b629d926a45eafa8,1
0xac4d9e4d84955e4c64436906e945c9a61c053f5b,1
0xac741693ec31dc0778a61d0638554509760bf170,1
0xacc4b6f3ca8d59f631c1148dcaa52b9d7f5c819a,1
0xadabdd6e4bcb8228fc915d504cd69dd987f96666,1
0xadebdeab678647a457743ea3af98f8b804e45c24,1
0xae0d16586e5d60d334624c115216a52b9b1a0335,1
0xae20ef8102c8002d7c6295291513ad2ae6ff5ce9,1
0xae2a5edccab0bab80c13a9fd59862e7f7372fe54,1
0xae66ae6c7435370b5ee7049d15616fab1111cd10,1
0xae72c6a6fad9fa9d82d089e1ebf73b3043855425,1
0xaeace7f1deba36e5fa1ef9d8eed3e666183c1180,1
0xaf801d0210fe028a04496c4b3820ddf8d0b5bdc6,1
0xaf967d9655cf50c022df0f47bf5a0dbfee1f816b,1
0xafef3bb7fc3cd8ae083672b65f79e6cefd4ac619,1
0xafff424f2821a35265b13278ef1df8073debff38,1
0xb0f582963d54318867c7076efae2e9d96c0eacc6,1
0xb154b590d9fbb17c7b6166f16f389f0121186d3a,1
0xb18e3c41faf4139b89b4ebf1f5ef645a3ad0ec7f,1
0xb1ec18c1698981c90b4d60e52f7d690c35383d55,1
0xb24aa97f9c5b86f02afcba634977e46e11ac2108,1
0xb258e243a526e79c4b5c8dd5df490e42eb7927b3,1
0xb2bc498a214282efa54877ecd082165d4cf86df4,1
0xb2c5ac6e8b6ff7fc566aff0e171ddbbd396ebfe5,1
0xb2f0302d8f8abbdadbb6b5203792d4d3af1d1f84,1
0xb37c5603fb0c6c2e2b62d0525affed9e1e5a6a19,1
0xb38819a12d2c4b67d51e0760e5a20c9f10897e14,1
0xb3897952ce7a4cea159d232dae8d02ca8273372e,1
0xb3c0bc50b421ba2106b8d358d9cbe13efc096418,1
0xb459aaa39f70f71a66b94cd6458d5a6c7addb242,1
0xb49806cf8dcdb108d318d6f4f7ab087851445d94,1
0xb4ad7eb38b83f020d03305a5daf31fec2a80012b,1
0xb4d7ec82099ddcc7833fe064f98b177e850f37e5,1
0xb505270fa2dc96e294b264344154caf4cc1a5d26,1
0xb5589dd7f9fb0c3da5724221e39d651f0ce8203d,1
0xb56ae8a727cf38f1f4716aeda6749d2af340d8f4,1
0xb587787a8c8cde1250eda1fc2e664666720c661f,1
0xb5bfd12dbae7b01d230f110a99b8af361f0d6b74,1
0xb629db72f0a513c61872b39db18cf04920febb0d,1
0xb64c9d95a6f3c23bb0c93283a94ab264c6c0bab2,1
0xb67a577a1855dc3a43df1d94b05a8f5d29570f89,1
0xb6b4a02dca517564eb98790ff67d42b5b37a3d4e,1
0xb6c189179b204d14fcc0b608bc97243b389b0030,1
0xb6c4ce4eae85066f8fc45093d12444c8b89a6aa9,1
0xb6ce218c8e618ab1a71f65f329678f84e00a836f,1
0xb6cf25f5cf8a1e1727d988facdd47f1dfc492caf,1
0xb6d6e1865bfa3de860ef331aabf13f08915027c2,1
0xb7c9f4818cf2b2e8bc75d59eb157a15c8bca006d,1
0xb82afed48479b0a0fe13065944f88bec28c20c26,1
0xb848a0b0ba24a233e2f05d0a382e1c2035bfc5f0,1
0xb851c451aa0972edbcc500864d90caa2e6e55b03,1
0xb855567a17c266c1d82a52bb093ef5b6a66deb01,1
0xb8b3de89e7660163c51fc13e372f77cf0956bf39,1
0xb90aa714bd30e6f135ec15a0cd2605af1590d184,1
0xb960be49f51a6c3234319acc0b9fe1a10f70a94a,1
0xb98af149b33dee33c97650e877a497bd6a934d54,1
0xb9a548bbb8e2251dd7dc4b0978dd318ec69a1780,1
0xba595a55b85bb25a25eafcf60c9bbbae6a31af97,1
0xbaca8a4528ce21edd8d3ff46220151427868653a,1
0xbada1f2ddec2641dfa2ae3b2f5eab1ccf1115fc8,1
0xbaea3cf94abd0d6e0f029ef5b0e54e9424a72985,1
0xbb381014b2e2dba0e23821a63b5986eec3be0562,1
0xbb889b8ae21e945cc5982b8c23931de7d3533784,1
0xbbdd72fcce73c2626719be00259ddffef0d5673d,1
0xbc7bb09d663c46095e00c9240a7f4201fd41a14d,1
0xbc9ca5bd0f07700929f8d538233b0a9e60f4ddc5,1
0xbcdf14124b95f65c8db241aafb3ef5c1abd2adc6,1
0xbd751cac1fb27d930a6a0394d97c77908d94ad5d,1
0xbdb0dd845e95d2e24b77d9bef54d4df82baf8335,1
0xbe3471f8bc46306cd8374f480a0be5af75f52029,1
0xbe957a475844c127ddd207b4ff1f63900fd13e57,1
0xbf814810b44978de273191fd612aa47f7b69d564,1
0xbf949494127d3cd72cd3399d4ab38312757f4d12,1
0xbf99363007b348b7a019e70cce02e8ba62e95129,1
0xbfb7969e75ee4e58620f74135d167f5bdd60800a,1
0xbfde1b001f5446756f7b99b301c26ea6f9a721a4,1
0xc04208f289d3842ac168f2c373b3164e1d872650,1
0xc05e6d3c30cb47bbc9ab11e5cf2a7744160b8a00,1
0xc0bcbc0a91cd42e4808faf190e0ad6e9a6c027cc,1
0xc13e23de6391521b3d290e917914fad71a227ec7,1
0xc17248624eddbd8fa6c0cf29fbe9b4e2b59e6254,1
0xc1b0307ff325527511310c7d6fd3248188742f86,1
0xc2065e8c845448b6fd7a3ad168918f2ba6e9d45f,1
0xc262abe55738578a7fb23a8fee83c2f7a768ffa2,1
0xc2eae510765182c15d5857efbc099dee3ebb04fb,1
0xc2ffb2c383ae2384703037ed6e6c584b54ae8d9a,1
0xc322e8ec33e9b0a34c7cd185c616087d9842ad50,1
0xc33164f7ecc76869fafd44363cd094a22e0c296f,1
0xc3a54d251ff53df49deab11aaae634203cb24ddb,1
0xc3c9737cce778d7583f31ae7c4f2ab8782ed51e5,1
0xc422294fc110d20e70e8fa2e09efb930fd392b88,1
0xc4ae50cc35215e14646b42dc2883a405c35c1fd6,1
0xc4c4aed3871be9ebe51316e2ac888635ff633106,1
0xc4f5b7207d510e2f35d045b278a29f57dbd9d15f,1
0xc560ba6c949713be4360193f77ec4855fa7cfea2,1
0xc58326c7020f26345f4568cc09daddf019a8e6d4,1
0xc5aca861be2856d25821f3ef0317950c369044fa,1
0xc5ed50dfae205376b17875da80b7182cd3717af9,1
0xc6411ff69f1ec6bfb4b082f47db61dbedcab250d,1
0xc6541da00d62746e6c678d86f557820b97c5d7ff,1
0xc68c7771ec6a6e5d67d62aa9c6f22df69865e401,1
0xc6c3752bdab737b8cfa174e6ecfa620ec0cc162e,1
0xc6cf5a020bcfc65c6f8181c04cbb5ef5050fe28e,1
0xc77c58dff4820b93c69b8c7342a3e3965c80dc95,1
0xc7a295b1b2df1efb82aa204958b98ac30171cb85,1
0xc8116ed903092918098d77cdd846a7d2d57e1fd8,1
0xc86f1aedd127d21f632a6b39ebf301b672b507d1,1
0xc8ba289497fabf5bc480fcbc32d5c57390d9ac4f,1
0xc8bc8b83d592f9c72ea3ff494907280aaf096605,1
0xc9ceeabc1ac7b96fc45a1c94edaa3b10197cedfa,1
0xc9de76ffc62d9e96a8c620f8130c4ed685ef8f50,1
0xc9eae131858bb939e5117b283dc2ca70b0589fc0,1
0xca300722464cabdb4290c4c7f8426c91a7f93955,1
0xca339bd4739227f71b646f8b23ca098c86f6c3a5,1
0xca3dff8c740dee29528916eb049cea48f500d387,1
0xca3e7ef7596fb4258133c888dc205b4047c09307,1
0xca4cd1152aabcb80859add1406ab7ec55e963e28,1
0xca68193e07da540a36b9d81fe19670029a50bcda,1
0xca8cb0598cd91f9bcd1d09ea0091b19b1eb39fb4,1
0xcaaa0b07f6854353f21f8a2b9400742a5634ff2b,1
0xcabd5f77ca9d48f4ef9793f20de42ad39ce93979,1
0xcadec70e72b765096a56ba33885be36294187000,1
0xcb7a7babfcae5da1cfc1e4f3253c747912658cd8,1
0xcb8d19dc44f5fd2317722bf4f02690ec7d6ffec7,1
0xcbb49b18f2e9d002bd79fc1495fcb6f6f87f1e0a,1
0xcbf077ad755cc5865a2a3d8f00eeab4551e8cd4a,1
0xcd094518f2d30fdd8c7911636bd8b52bd5303066,1
0xcd289df46f8bd595f3a886197c1b8c260ca26eaa,1
0xcd6e96058d92d3a6dccdcfc9dc223da9a59598d3,1
0xcd8b72710595c69019c109aef5b1b92eea7f995f,1
0xcddf1886448ae41b19d261593ffa8f91a152bec0,1
0xce4122fec66c21b0114a8ef6da8bcc44c396cb66,1
0xce56a746edaf84e65aa6a2bbb45b2328f6a99935,1
0xce90a7949bb78892f159f428d0dc23a8e3584d75,1
0xceae4ca7d082856d140f3672780029d6e90c3dcd,1
0xcece625176cead11c8d2dd6149fda2496b0c192d,1
0xced183f3efe63c054f36bc2d701cfe4631e61f1a,1
0xcedabfffe442591637706eaa599af0a53b1687b9,1
0xcf04c33bfea64cf5dd6ea97e2d5620f825b03b49,1
0xcf2cd14ccff2b399ca3ddaea5bb5c6f6be409aa5,1
0xcf2f67229aeade145c9beb8508798458798e7b82,1
0xcf3ea17855dc7f0765830cfb535ec268d786d611,1
0xcf466edbe1ca3b3d09e949a35b69e65f28371471,1
0xcf739b005e1ec76ed3fa800fe73747ef79ca990a,1
0xcf934852f4a8048b60df5596ed2baa430a99159f,1
0xcfb3adac1f63fcae9b9c559afd60fd2d6b52008e,1
0xd05fa8d773b86697cc381ca36ab446117c59a600,1
0xd0981e004f98c7e0de915a6b68a73a2773f4ec48,1
0xd0c877b474cd51959931a7f70d7a6c60f50cdae7,1
0xd1042637cdd71f99f3dc5877030e67f3789e1c19,1
0xd1380a4e089950ee3a23d818e24ccbbef003a432,1
0xd13c2691e0715efc6070f48242bf4317c84884f1,1
0xd2083a71e0759984f84afb6b9513bcf5bc3e4b26,1
0xd20ce27f650598c2d790714b4f6a7222b8ddce22,1
0xd22b0f556ed5c6825df1b25f233b24ff03756b79,1
0xd2bd8633cf9cec91e8669a5fa3beae1a3cf2b697,1
0xd35f84a9f82fbec2082b2b6c9afd20b4a8f7c959,1
0xd361363a6401870ff8a23b7c77c004aecb8c8b84,1
0xd36590461162795ee33099b2076a0d4e017ae17c,1
0xd36954df517cfd9d533d4494b0e62b61c02fc29a,1
0xd3e401814d1faa8ca0419ecccbfee93ac7b15b31,1
0xd413f436a036b9773d7adccaac10242e27b9da74,1
0xd41df4a30fbe6b282ed6294a704fb33090557566,1
0xd475fe978c5486483dca034fb1e174f314395d39,1
0xd4a08cf067c83d1b2cc1d26831569b7850804be7,1
0xd4c70e633870448d8d10feefce274d6a79c577b8,1
0xd4d3c85017cbcf26ca6c89ab5767227d7777196a,1
0xd573570dd74b815411e4a304919035cbf178ba71,1
0xd573becb6a6b0a0d43065d468d07787ca65daf8a,1
0xd6061529471b7c39e71e94834fff7bd541374529,1
0xd62af0477b1991197da39a38cbf9c7199f4737f3,1
0xd6d201fc928e31159800e991d13d53aa8a6d3497,1
0xd6d8e393824aac8ecaf4e1f689717bc001064abc,1
0xd6dee643da993cf6be961f571cfaaacc444eccac,1
0xd6ef6221989578889ef0916c046e2edd3a2b0523,1
0xd70150a7a5a42d4cd25974dae077a79a1547fcf2,1
0xd735db175fb7cc284ed04f220d21d0cafa7ba1ef,1
0xd7f8e9d823ddc7ce65e160097cba38d1b9712325,1
0xd8032e5bf3bb016c7195d1d494c9222832ae5d06,1
0xd81ce8e89dd987c8ab630858c8f1e9df14788c35,1
0xd8b9f8a36ac3661670e066800a78882e5bfc7018,1
0xd8d97db2a8caec33d58420aaf637cb41058cb58d,1
0xd8f3d5e9a199a35429870fca8befd159bfe48747,1
0xd910201439151ab8d3a2601a99b1f70347b92a3d,1
0xd9269c993d0ed2688fe20a3dc45ec9e51b7ba2ba,1
0xd9584055384e43824fd04f22a37cef80ecb9db08,1
0xd981a38d80de1c1528349b841833d3a9a745cb37,1
0xd9e2ad004ac82915d7472448cef2b182547487bd,1
0xda23ab0b2636c3f9806a868278d73aef2439ab60,1
0xdac47e0ea5dd4565dfde65080a18e42190600846,1
0xdafa9e3dae493f0b9d6872eff4fda0f40d1b7488,1
0xdafd126712aacea92eb9fda9f148d949a3453faa,1
0xdb486464ba28b4a5cc56e1926ce9739aa41c713a,1
0xdb897d2dba51155735cfc39b79f3c47380efee6c,1
0xdb9d5b439493b6858a7b8d11cbf5885a39a07913,1
0xdc026f0a796cb3fdcb401ac99677684ca68f4921,1
0xdc184b91eba750a4fb62c4d8e642e9ead9b6cb55,1
0xdc78107155918e230246439e4159fea4c477eae9,1
0xdc95c26111734fa5c91a250f626276fc00136e90,1
0xdcab53e3c8a2c37cc5e2509c2db0caa6c04f3ce0,1
0xdcfc583c9d2afebf2a246b97944484eba355ddd2,1
0xdcfe06271a89d454ff3302bab78d564ad6952607,1
0xdd581ae4060294ab68ddbdc60a2c641f9205722d,1
0xddb9ab1421e6f1d864c01ba63fb05b183d5ea4d4,1
0xde33c84b574d8d06d28c697a00695b91d45b9f9f,1
0xdebd22d7f63648dfb69bb6e2a4c88264d578c0a4,1
0xdf1e3abb229d42a182ad61ce8a63355a8a3eb0f8,1
0xdf1fa21aad71c50e642fca3aa4332da17bbea409,1
0xdf3a3366e40dcdb9de0af5be8037d95cfbc2746d,1
0xdf6150747ec370af86605d85a45cb05711881dcb,1
0xdf8b134fb7743acd805ecdee11335dd0cca921fc,1
0xdfdf4762fd8fec2627203237c5d577a53dcdd940,1
0xdfe9def041c0a05d3de86d24adaa8f9a31cd0118,1
0xdff6b88d0372d71288103f3ac0a91a211a413794,1
0xe01a97fc4607a388a41626d5e039fdecbfc6acd9,1
0xe04da86529bc2078c8ae3474b2d67bedf1139c95,1
0xe05adcb63a66e6e590961133694a382936c85d9d,1
0xe05e90015f6577ea1b1eb682ff8e1db1b7b6bcce,1
0xe0e263fdda4dd2432343b1ea2e49086cc3f22745,1
0xe1c22662f4f1320c6e5319d002b3c3d52f0d0135,1
0xe1ff19610020d72930aee1b9c047e35b7fd0080e,1
0xe22059d454c705f70ffe2a5706844a3a27a2bec8,1
0xe25810f2e8870a2f53ba154d7d3797531cf5c101,1
0xe28470253f0c9c7afbae7f61795d6b1ca4644b2f,1
0xe2b1fe3cd6d9f652ddedda1d4cceef8443664b5f,1
0xe2b76c9f15a1e5841a91b404ab4be1c3e5d19551,1
0xe3b41ae8785e4107cc69f988042ff4a66a367fac,1
0xe3c53c7d0ccb5ea35043b13af31f5854cffeb8aa,1
0xe3f27deff96fe178e87559f36cbf868b9e75967d,1
0xe3f9b0b7692b5d9a46227f965166d3f2c1b6f5ff,1
0xe3ffdc7b8ff873eb71f60572303c51cb9fbeefd4,1
0xe49adce2fc301a882412a7a6c702f59324d9bb1d,1
0xe4e2fcc5d9580128b043d12e013da428353bc950,1
0xe4fdfd7f2b4e4926759f2b1ad403d45a1aa9106a,1
0xe50ae5655d227767ec3974a11da7e4f67476b96f,1
0xe534d5ec3ca2836292752e479e4347aad8a7cc63,1
0xe5798a530bb7105e148d38ac884f05c28ed8e804,1
0xe588a2b38f24c72e30535885d645ceba44480d1b,1
0xe59e088489a85a6de407768deb671c7e493fd799,1
0xe630ea91366ccadcea6057a12dd5f29f6a1bdcaa,1
0xe64777dcdca11fd8bde96ed05e7560ae789504b6,1
0xe66d15146b16cee22f0231dfdc830e7e56c2d4c6,1
0xe67af016e88a886e86c70697f128b54f1ac11539,1
0xe6a5f0bb03c43196d43badd08899396c224b8e31,1
0xe6e4d92009406d08851c2e65ce6dd324ad76a87e,1
0xe6fa09f8c8ac77420248ebcc73de20c647c47e3e,1
0xe788865fcaf2686183fe32e8855dcf2ee9dfb964,1
0xe7bfc67952b0a48f4ce3db309ab1adda322763dc,1
0xe84d612c36ae63c639e7cdbb0aa9ed207e58e658,1
0xe869ea56398b4309f6d1a45e948f259b9c2a7aed,1
0xe874ba46982d7cbab5931a50c2dc81a7aeb80344,1
0xe887f13bfc9a33ca3de5a5ceb2ff3126f45b8100,1
0xe88e703724f72570988fb3db640ac4b3c9d8a0f1,1
0xe895eb79ff949f4ee735c0a98aa131fdd4820ecc,1
0xe8bee2f6bf252ed9efbbd483ca4093ace7350c92,1
0xe8cc7c453eca25450ca16d551db93d5f5740e054,1
0xe8e04243c7def5dda1e7cd8d5a54685dd9736f76,1
0xe95e35d6e05c1ef8d442ddfe83faa0d9c5c4b143,1
0xe96eb4507a1d162bbb99301fe592d310e9489e40,1
0xe985d78f82bcbd47e032402a5164611cd53a252b,1
0xe9b5a2529ad21454cb5e4d172dcb4bc501789463,1
0xea056794debdb1060d187e5887f0afdd2a897c71,1
0xea58d305718acf1f35a66ca838bb30647a344d11,1
0xea7d3818a3b736fba40852cd90471df33c6d6821,1
0xead90127d60f78f3e97781938418004be1794eae,1
0xeb0bd6bfa6d109205f857caab59f651fe7631094,1
0xeb43b5597e3bde0b0c03ee6731ba7c0247e1581e,1
0xeb775bf133c142e873f2ba6925d53107550e8703,1
0xebef2745ed6e64ccf014294d10b0373a4da1b0a5,1
0xebfe1ab93d1122e065adcafd8c3174261e8e726f,1
0xec034c3abd17fbe51b10283d0902a1210041fc77,1
0xecea65d22233e7beed752a06c46cefc6c90a1d7f,1
0xed1e25178d7a6438c356d3459fc3efa9458ad52b,1
0xed3d302285c8830c3d4b6a01dfd9bfda7e2ea26c,1
0xed5345e8fcd2b06e560eaa42205ccb5a9b344e0f,1
0xed98af55bf714ed4f5131f3625c59bc1506a2ce9,1
0xedba5d56d0147aee8a227d284bcaac03b4a87ed4,1
0xeddcd7fddfad0195aa837aca6c927fa9dad1f84b,1
0xedf6e2eeb100d890685a73946d52c650afce9c0f,1
0xedf9a04061784f0826c147d9357b2bea356d2f8d,1
0xee958e45f3464d712b8830deb5875c8ac105f698,1
0xef26d046370c703a8f954a7ef5834b80efc9d5ad,1
0xef6914f95fc782a5397cff1686873da77fdeca8f,1
0xefcaf3b09dc8de3b2cfdb01b9c270a6457bc8a38,1
0xeff0c128d7c5c39b06924d750ffa0296066a3220,1
0xeff7643ffc84afbb2f6851b70eb884908d264cea,1
0xf0127294ae7f45f793ccdbfcd15f762828071910,1
0xf031d015a1bef62136694b05c6d83378e13ba71f,1
0xf0430adf2e76403b9cdbc741c11d15dd1ad19a01,2
0xf09e12d0d1e2b7228d2e737cf027d621e4c6a50d,1
0xf0b23ca1bdd3bd6552943b1c476a05a03da2c4e1,1
0xf0b86597291b367afb3ad6b4d650f4aeab24978e,1
0xf0cf0a85c08527d8207a3ef45c5dc5af38a61da5,1
0xf0f2dda4390ccfa0b5273c3f3401a76a2de37de3,1
0xf0f64ff70b6d85cc2cdbf1bc362e930b9ff519ba,1
0xf138984bd659edd8de38fb2febedae8bed5e0255,1
0xf15a6b54e68884d27e1bebb1624d70c227b7d04b,1
0xf15cad9be12418c29468682a93af0907575ff783,1
0xf1dafb1ca027e69b67952e8a385e7f43791f2e70,1
0xf1e0207ba537cedb8b1d56fc66d52e673fd5bbbf,1
0xf1e1c701b49b1dc2405a9e8ef40f9f88802b80fa,1
0xf1e9259db3999a1b28fca4c81f2b1cac5e5e3836,1
0xf2b412ee5c9c5c188cabcdb35a91dee56c6672bc,1
0xf2b4a725e943b54cdabada2c9ae2727874a49eaa,1
0xf3236c9d0b623cc261009484db5cfed2079a007f,1
0xf33654f85ba6b567f8841c8c954635b27e14c49d,1
0xf33f6c5302fee8dcaf6363f6862071092b3d56b0,1
0xf36950c9fb2046ff123bcedb015af61c933e3936,1
0xf394a8e67b4acfd0fa4edba9d35e48b3bd950462,1
0xf4141aef39803327497f6b81a21bb3f2acfa2436,1
0xf43b2be4aa887f426f05f78604b364af667c608d,1
0xf4aa421960cce8cf25190af71acc6949e848fe46,1
0xf4df143e90c2095e173f861a22f1e6a2503d06cb,1
0xf504b9be6b064e4ecaa8af5ae3f77ba64fcd4b3c,1
0xf5671d951c0aa6e4bd69a854fc2d15fe707ddd0e,1
0xf58c122a43cb71d17dca939ae7170d9581aba982,1
0xf5dd8ff9fc6a00da37e93e873ed64b9f62ba038d,1
0xf6109779752d1fdb8b6063a158bed1b02000b700,1
0xf65a82a76874659444b704e75875921636d493c6,1
0xf6ec5b0d097178a0acf493afdcda2a54545ab0f3,1
0xf74b25d3f6616e51b2d8be6c8cec54b045229655,1
0xf83fc0d27d92233e789e4d13d452d72404be6fe3,1
0xf8aace471723dba6514f6c6d43651611a0c34529,1
0xf8b79322a538767339a104513c06a7c212d4cceb,1
0xf8fbf33868c374d8ad5277189bf1c86daa2913fe,1
0xf9697e772d4bb1bc1ba70d39f2ad4f60a8775d6e,1
0xf97e140a145450c22e24830cfbb99bd98b8490dd,1
0xfa002b52433a68eed6ed254569110a294b5efb74,1
0xfa3dabf38f872f50c62c3d39920d173d215806ec,1
0xfb1bb9d4a4c50457d339a686212a0716ea0adc80,1
0xfb541dc23e3b4359275d37e9e8ea3dc54cae5ff8,1
0xfbb7153bc37410cc9ecf1b9d62b9ca3ff988afca,1
0xfbc76261fd55cf91b81a97dbcc2b3f6118f2b935,1
0xfbd7285049834ad3caa567f17bfa6793d35e7460,1
0xfc0ac71b8ca9b219b3c74625755f62202d19ad39,1
0xfc544a5495342a523703655c321fa1eb4a1c3902,1
0xfcd6a3009cc2158567674b600498dd50f43fd4df,1
0xfcdf3c2b2b6ba00e6db59c70c424b27970ff3974,1
0xfe504884abd05cb7fe828afb689c06e2a5b4fe64,1
0xfec32224023e38c05126e92b0f4a1508998eb3ff,1
0xfed52d251e31178ff8bf4a0d611721c544f74fc0,1
0xfed93f0ad93ff25993274d8245a2bb2133de38c0,1
0xfeefa6380ddac588bf176ae94b1c80fe0d3f6f57,1
0xff13f9b23a16a82c3ccdd29ece6af667eeb15834,1
0xff51dea702f2251d3e8348543c555eec5a1a10cb,1
0xff559fc20d9b6d78e6e570d234b69c18142bb65e,1
0xffe6832850476eb6d5ff184d747ed84f1b686aa9,1
0xfff39900273ffb1045c7cfde62df1720b63fd6bd,1