0x0010e29271bbca7abfbbbda1bdec668720cca795,1
0x0014db7a74bb1f508cdbd49b14b2dadc7c4b0313,1
0x0047e71c69e49e2d39e4fcd3ab7189d84d853e12,1
0x004bbe8190d11df362037a05cd170596366b8467,1
0x0064868d70e4c6239487a503c071bf310a2a01c2,1
0x007dbed1b4a125c45df88f3ffa350ff70c94dd9f,1
0x008c9975b21e245bf5d41c33f45845cf0fd9e562,1
0x0095a41e20948249bc51a9b7898a5d69d37423c1,1
0x00ad07d7fa74777340c03659f1fc6ac16011ec68,1
0x00bd890673b27b1560a136a8ae0b4059801a2e89,1
0x00ec56241b07bf6a63cccfffcc5718aac2f54dc6,1
0x00f55c0bf830209bd358d6d3ae255a7c365b7fe8,1
0x00fcfa9dfde82f9589c315a54cb73cf65046f602,1
0x01545b3e54f0e85a825c14ddc7febde724985e86,1
0x017347cb75ac8725608e593ea35d83f9b2b3cfb8,1
0x0187c9a182736ba18b44ee8134ee438374cf87dc,1
0x01b637c3a105344de34d897a12134afb8926126a,1
0x01b8c4d93ce8a1d39571a8cf15eaeb4e3f9ab21d,1
0x01c7b3b2be439441e3cc8644b64b664d5e4e997f,1
0x01e8cc45554a7d83b6315adbf6b78119028f36ed,1
0x01e92264abaccd5e77be8a9a0ed5f1115fa36163,1
0x022420f38385107601de4166a7fbf8adbc7c30e3,1
0x026b0a94a914a666087dd4799a24e7857bbff0dd,1
0x02803ab02d4bd486e160a1be97d0db44450f0c6f,1
0x02a5c980029cb470ac89df2e2de1cf453aee6558,1
0x031cd3abb211435bd046c8d9976b169613f93e8d,1
0x032ef26d3e31a97ab55fb81a99790eb8b681b422,1
0x035223ac7d096d6ae37afabda951d242d79a198d,1
0x0361c7133371486373803ecbdee1be0073945df2,1
0x0371e16253d27ebb82a953085c8bcb2010f71d93,1
0x0372eb65f115f4b79cfcc7f9dc796e4f161cd7f9,1
0x0376d413d955973d564c70c4c99019e40d57670f,1
0x0378aa12b626f0cfd18334c10cdb8ee6043d4c64,1
0x039ec0b36450e9b2c5f59a3a6fe991469ac744f2,1
0x03a01566d4d12db82506835018196e909b618fc7,1
0x03e065d92a435f3714c7a177ee036b03d939516a,1
0x041749557d93932d34f8852c292456b859f5a835,1
0x04229279b0536045fec63e7e7bfe04d2abda77e1,1
0x0434f808dd0287f616ccbb22a620baa855ac59a6,1
0x045d3c9cc92e61fe7a002be7e82cb0e0f46c4bad,1
0x049808d5eaa90a2665b9703d2246dded34f1eb73,1
0x04a3021a75c86df5595321f69ac489a068e29ff1,1
0x04a6e9d3f972e8d20ff6833711b1ea12f0b915f1,1
0x04b43de7d258e274a36c91c2d21af26e5ac60e45,1
0x04c4a90801d1ef5ae8576a0a5bdd8eeab362a644,1
0x04d253fbdd4501c383e35dea2663a053b7439904,1
0x04f9ce68fc917e5d7f6a5a01cce2255bbf27fa4c,1
0x05031766560bbccdc0aa48886996ba50147b459a,1
0x05221ba6aa26bf018082cd692220bcd61ba68035,1
0x0525b4c0cdad0b6f77e4c8a6be7e18469590badc,1
0x05293eeee552f6cb86da8cf495b1823928a16feb,1
0x055377e2feade25a47552e3312b50fc41a017f34,1
0x05656f15a37a1d87113e39b86bde3cedbb5d96d4,1
0x056aa6367dcc826c61ce69388d2c02d9e6154418,1
0x058ba239129eb133f9b4c79e9d3d06e421136cb0,1
0x0597425d30b8e40ad2041780fa9ed346a849c8f3,1
0x05beb017612439480e404cd18490dec0dd847cc1,1
0x05c8d7bcceca5bac0faa255add8bc5ebcd43903e,1
0x05d7e72d211c6fe1841cab729cccb9d345e6b3fd,1
0x05ee1ee157d9a1c62ee8a671ba2abeac0ae6f2d5,1
0x06186e1bfb2309c3cbc9dfed039a45d7187bd6d1,1
0x062c6a8be821f57b507a26e0ecacb320b890f767,1
0x0656810646c9546579d4e37f07481661233bd1d1,1
0x066eee550b1bb184454041bf79708e7fa7082ba9,1
0x068518345fcea5e037581d49ebbab6c4c75b7572,1
0x06a2999f490cd63d24fbd9922417573a4633b8c4,1
0x06a739bcb9d33bbad020cf3ebbb07c528bce2b53,1
0x06c590a2cc48f5fc492b7e812c281aad98993276,1
0x07632d4aba1ae486e5f651a0def22a4ab7b0a24a,1
0x076d40d4453a72a3dec44970b1529baee379dd0b,1
0x077a1c03793897caa2c6e2316a676c1c6cd054d7,1
0x07a846a3fec9ee15bc74a4de83724c247838790a,1
0x07bd1f3c2197719fd8b439c01ed0e60164054e52,1
0x07d63e9305aa79bfb005d732d31fb2e1a4522f80,1
0x082b050d3a00c106c2292701e82b11bb39b301bb,1
0x08420a2c542384e7a89842dde81294c35632f1fe,1
0x0853404d3fa6726032f4712e60976e6b95ce5f10,1
0x08a6c5774ee60fc737b91f9de1274acdb638b337,1
0x08c6c63d21cd8fed3c52b1d7f557f22dd4219928,1
0x08cf93a702cff204c027497c0a40c67bfacbe496,1
0x08eed2c77011faa1da376c5fd14fc33825053554,1
0x08eef29836542cb374819c1208564a4c5b503099,1
0x08fbbd722421674603f8062e6b916f65015920f5,1
0x09163ce62b6032a2189b4d511958018bb2c624ef,1
0x09179c4b33dc51647621cda785156549cedb0402,1
0x09328b3ee35d1b8329a0310eeceb5053083737ca,1
0x093eab80b444af1faf373906a3a77cf5bf5a66b7,1
0x0942bcb137eca9bfab696db4b198dff207a6a7c5,1
0x0945c91d5ddc3cdfdf7fdd45ded0746d0f31296e,1
0x0947f0ce4e49f3b1725fc4c5f8e8f37e6d3050cd,1
0x09540defee935729e91e4b550a06bdf03df6cd18,1
0x097e47e4db5c46acd10e6e729107d657ad1176b0,1
0x09819f59ae1905983254c21c68d8228a7c4c7396,1
0x099db794446f88bb4ebd758be9c6569b1b05f7d4,1
0x09c051b4222e2e79b3814632671d90aaeaf348c3,1
0x09c08bbefd1a84d02f4977a7a3eb822899d95c60,1
0x09c4eea8ad5e12e1979a9edda897c4cac13baed9,1
0x0a0871c2ea6f24149758dc5bd1136d337b7f47b8,1
0x0a35545503aaf815a5a1d812678132108fb9ad6a,1
0x0a414e64ee893c9b682b6c31ae7aa101255f073c,1
0x0a4915ad175dc80cb6baa38d38d5a3e70bd51871,1
0x0a828953f4a30f097e6217bcfcb8fc4f7c9aa110,1
0x0aa00a3b5f9dfed0230306ff84ac960cb9ff053f,1
0x0ab34110eb01ded26b12147a704b271534d8b289,1
0x0ac04ae48d91284fd2a0632dafa05edb5d9c9625,1
0x0acdace99b2e22b16a1605571d3ca6411c6ff7cb,1
0x0b001bb7821a7b66b2e90d87b5d36d12535e8320,1
0x0b04e6a52cbf306c5b615f42394dce395754c945,1
0x0b11c5592d4019496b54945e82976a93e1480392,1
0x0b138c143ebc7a7cd6c61a780b4a5a501beddf1d,1
0x0b5f8b66e1ed03b465af5b94802a1a233cf42baa,1
0x0b7b10355be634241a88e8a8bf279f7f9738624d,1
0x0b97c6a5e0d30747c474c8d2bae4da4d88ddbba4,1
0x0b999ee7920769261404202add3e308e66b00d8b,1
0x0bb602f88bf886282ff69d4cec937cc2a7d9e19a,1
0x0bc7815f29ede74742d7377821506f705cf0d809,1
0x0bcccf68fafe41b5494d7fe81ab018a2a2c06843,1
0x0bdb54983f2dbb7c46c8e28bbe5c3abfc54b20df,1
0x0bdf19182b374a32f62b09464168e8092fd097e6,1
0x0c265b95671253287614574a8f45484222c852e1,1
0x0c3774b8de599383428fff62491546ab1818c2b1,1
0x0c3cf4496587e57bef646023c9e7483c140ec8df,1
0x0cabab448ff897edef2013c6f7da320e83e9f2c3,1
0x0cb1faff8aa515b2ddb840b8b1c43b7795a5b29a,1
0x0ccdf93f055438afeaea50b33077409c9538f1d4,1
0x0cdb22cf3891dcbde7fb2a09ebad42f9702d1a86,1
0x0ce8a7a4dd77ae159520b4f6f9b5079d2abe390f,1
0x0cfb73e9d86129ec7a5c202c0c0e6f1026b85ddc,1
0x0d1d74535bcabda2da2cff5a53c2b899901d423b,1
0x0d3be20ddd2930340fd50f663bb19e9a56f8f1c7,1
0x0d421ca0587e5af8b9026517a12fdb22ec92d88f,1
0x0d74c0df49543b1738564bea663ca28d3fb5df4e,1
0x0d8969db749fa22c8107ff3871e30b2da246984c,1
0x0db597f7ecbf7cb8047402e1f7100818ad15d37d,1
0x0dd3578decb7b9ba460872b9364c46bb1cb86b82,1
0x0dd66f53166ef1967df9b6540e5cc92e57d31e79,1
0x0e0b620529dd292995f33548b515617792b4b053,1
0x0e106c4f63c3a069c462bad66bbc1f1efe74c755,1
0x0e8834d1389dc62285babf361bf3cfd3e6299ff3,1
0x0ebf0cb6e8af4aa51693510d187879cb655d94a1,1
0x0eef03c2a9a90caf20dd1f65fba590a34dd8e2e1,1
0x0eefa7e7877aeb0ce0ffced291f492458aae19eb,1
0x0ef0694263b97a657c663bbe341fedc0d742b189,1
0x0f0f2c649c822949ddb8a8c034abb78bc615183a,1
0x0f2911f70ac60e6cc90a647d7c0da7e778c997d5,1
0x0f35d632c7bfdfeb0c2c077793f8ba900eb896a3,1
0x0f6857ae0ad3edad44c807a95a7edd2d57991539,1
0x0f7c6a5d2d648e6e045e13970e9b7c92c4dd48cb,1
0x0f8f67a30f567e0b181600d7e7ef5d4d00352e85,1
0x0fe2c3a019eaccbc2179e11c89eb4ea82fe84922,1
0x0fe853ee3ebaaf96133f0fd10c027490dc010312,1
0x0ff14dad100343a01cb7599aa7485c4892378e74,1
0x0ffe8e147f8a7a6c32ac127390fd4d00b0d66d7e,1
0x1012ccb839d8e06ddf3bf1737ea938feac62cfab,1
0x1019178818c6e02c72ab1fcb498b4e408dac812b,1
0x105965f34e29f55efade78337e3eea727faa8f67,1
0x10ac96adabc52de2909da2b1b3cb6821830449ba,1
0x10b89fa48ef9963c8f0a3202a1da985ec17576cd,1
0x10d71f08ac9e3564ce2ccf874f0ef7027715a80b,1
0x10dddb7d5809c5e60099399fcc49f4fcc36d486b,1
0x111a63c07ee5d8b2f2d8b2ae202b1d95ad3572aa,1
0x113bdfac41a7bdb80578149b7e710230e637132f,1
0x11730fc6e5f6b9056e215dff103223b2cf352cad,1
0x117ae87182cf59aafc80224d8a01893465259762,1
0x1186f3ca6160becff60cb362a870b2dc767c1581,1
0x118fe9d1dc8efa98f3bf41618d9a3d7f049a61b1,1
0x11cca7adaae67f28fe2598d6a95d424d799b4e46,1
0x11d0502eb9bbad1c8c7706cb964133284325d50b,1
0x11f3cfc392ae205081b7baf19e37c700a9770fde,1
0x120276abe4b9ef6fbff403df6798315d0750a459,1
0x12090f8918f696434d012610398ea790840f3c0e,1
0x1229f9d08a72a27e7323042f3741a804ac53a67d,1
0x1254733fc38f14ab764d2448f4c7ef90062e1884,1
0x1274b6e73a6afef8e4e07a48984879f6a843686b,1
0x1299017cab860c2f540f6aea1dd312ead75c938b,1
0x12d964f702db7b301765c0066a04ec4fbdb59e3a,1
0x12de02291711ae1e1d526653b19a8e98dff7782b,1
0x133eae03e7fa46aede6c0dc9639e164489f8c53f,1
0x134e7eeb26af8d550407c6c32f28ca01017bddbd,1
0x1350988d5fae1a0fe63fcaa03616f3bcdbba1149,1
0x1361dc4badcee252a3f51e2de7adf77c6fc2d9f9,1
0x136ab20a98cacfe5e789c03dc28e4393a726908a,1
0x136c5e70461cf5a752eea4e1d59350bbc4994808,1
0x13904554a77b2af0b1eec0369834da0b7102a267,1
0x13a4318f5fa1f4ec1d5efe180b8c70389626f5cc,1
0x13a716dd20763000cbf87f999548c3d67f936d35,1
0x13ada308f6ebc72bb6a260d45073f9759968a5b6,1
0x13c39b3e6e6159bc233fad90825f1f9f84fcb102,1
0x13ca781df0709f77bb5c354719670d1dafc7865f,1
0x13d0ef4ccfcea902e6b73eb867f76e50c1dedd94,1
0x13d2e8f84d9ae15f49651aa7199eab35c642953e,1
0x13f17e1e235e99cf81baf4a3ef88830bc37aae68,1
0x1401bee5847bf8b93f80e639637390d9022f3aca,1
0x1408ed6e20a488f34f11045e2cdc7a2a27e3da17,1
0x140fe26b93a1a3b9244ea08d1d5ead73fe9cc6bb,1
0x14111df88851277337ab3a6deabd5319f9f283d8,1
0x144b70fbd0566d1930e15a35982b5845691ffda0,1
0x146faf7368c95be22acdf67f41613f7e5e60896b,1
0x148c3a0490cf722262aa4c786a3816801e3fa632,1
0x14951ecb53fe270c28d72c0be2d2b79baead55b9,1
0x14a9ff0c6ca7abe6ad26d14f1e9b0125ea6a70ea,1
0x14b16ab34fb80f7bdfd694394600898416a1821c,1
0x15033c20745d381a540e362af2950e17fc13798f,1
0x152b51dce27ee622ae70ddf3875964b3479dafff,1
0x15577696c0a53a4bb9c525537d47be244909ea00,1
0x156a1cd3ead953ea5526fe34ab9e19f09f4112c5,1
0x1572d06d995651b2717df78f0d31f86b6d34200a,1
0x157d605d32109983d2d4d901cbddd885fd450229,1
0x1591e78682bcd9effb609e7b124d227393aa4693,1
0x15b97f01d055e0786d99c2571b040eb65ead8ac8,1
0x15f5dea7e9509f16ce5040b34f00008b7ce9fa0b,1
0x160e5b611107c94a2fc4302c9e4bf418c5da8f74,1
0x16278ae3bb0eeb3d04093a16c1290ea8e2d9e879,1
0x16295ad30b8a4ff91843982dec114d1405301385,1
0x1637e7f6b57ed1bbf6eb56ee27c15495e327ed91,1
0x163ba70d7422ce98df3573a39cf102f4df30d02f,1
0x1641964aed9635ab1f8ece9294142d6ab4ff81a5,1
0x1643f6a6de7270cd5f968edff254fddb70ae05eb,1
0x16878fd1e7e7bbd5947b0a97531bdb1532290679,1
0x16b0d1368146939e5c8f8e574f09f175baec5996,1
0x16bf5ba1d898de49398d819295a39ccf7307e651,1
0x16d561665386a306635925403c2040a8e387cb8d,1
0x16f3b77e410bfa9589a5490b6d834ea81872d398,1
0x16f540c0c4fdcce8d186d12f6821dd406d06a81e,1
0x1727ccc1121864aceaae711d53407a0814d2f023,1
0x172fc45cff67a60b1f421842285e5e38ecbbdafe,1
0x175405dff8b588000e4794298a9d0db727729849,1
0x1784c887b4792bd5ffae15dce82db0bc19f1e573,1
0x1796c36980b1eeaf25464b09dd4a9d7b64d7b7c2,1
0x17a298a0da03c0c3135fb1024af8ce422e9cd4fd,1
0x17cbd516166720b8c75fe75235ed0218d9cfdfbe,1
0x17fccee77ea267079a3e3d83bf1abcca104d4edb,1
0x18194a7c958ac751c3fdd11afe4aa0a4bbde49a2,1
0x1836ad49118cecbe5f72f5267345ebd1368b538e,1
0x18486e39a47d4c0b9a09e862337fcd08a03b2de9,1
0x1850036502fd0db44bde0b05f1e2144c70e0ed0b,1
0x185a2fefd134fdc0320d34e9c0dc5cc995001662,1
0x185f0b5c112b80ede6b4a8d0b659f7dcaae429bd,1
0x18a647e25be9d959ebc8d90ede97468ac7bc2605,1
0x18aef40ac9cd184f4f05bb4f060c259276a76dad,1
0x18b10c45d7812d68b4568c9f278228deafbc367f,1
0x18efe35763af417083dbab782b546503b5f684ae,1
0x18fa661d600cf543a357d2d59a4064edbbc9dbf4,1
0x1914456a8c7da17e8f3ae36a12d00c342eaa21fb,1
0x191b6e6e55f78d660ef1860cb7ed0711ba9554ea,1
0x191eb06b656af55004a02d9e207b5c379978200a,1
0x19219c85084f9d14a1aab27406cb46c8eea854c4,1
0x1968e029cb827943abdbe3b50204115b2ded7686,1
0x1985c98badae68d36b8b6f0a56aec6646ac7917a,1
0x1994ca6e62850d2296df499a4f544c287053284f,1
0x19b29c65c8b76db913a60e9f0454d86ea8695bb7,1
0x19ca9f3ebf11cdc99010a30c7c2893592871bfb9,1
0x19cf64c628b48e8792819d22907f88d48a39273a,1
0x19d9f642311d107fed0b1aac80ca29b8e237b517,1
0x19e900f9ee644b19c566cf4351d15e763768140e,1
0x19eb3c67fdae530c5b0c57164ea77f6b710fb698,1
0x19f052cfa204a90bd8c0fe2979133b42771b79da,1
0x19f81a129c8d8bfaaea609f6c547035fcc041ab2,1
0x1a41ec571ec8fc815febf81fcbaf9d7f7ec98849,1
0x1a47ef7e41e3ac6e7f9612f697e69f8d0d9f0249,1
0x1a4fc1785109f2352baab257c1498661dd742b53,1
0x1a58e0789a6f3fae37fe0e6f5e3271e44fcb00bd,1
0x1a7cb57c04155a7e09767c97a24fa1758fa129d9,1
0x1a8c4c0d54a2fba4be8d87176741085f012a200a,1
0x1a94551a455cf82877c80c3c1ead0dd67a956737,1
0x1abeaf05b60bfbd434b4e64b616ddb97d0962a80,1
0x1acc948a79c9d185297d8ca2ea6e80e3959c57dd,1
0x1ae4a4ceef31ee6f8f5c93318962c28da6490a95,1
0x1b000e4f7c55a56760307dc0b71767e3050b4c57,1
0x1b00b55ff90c942ba39dfa8eba5ceec1f2d3e945,1
0x1b148eabce1c9dcfd399df89d0f7f86722ac03ad,1
0x1b27f965071ac1c84cce03aa93f7089d00a4d449,1
0x1b4d2bd0b018a356498db1149bf18188e0d8cade,1
0x1b60d536d18232216e208aaa3007d2571b3a4940,1
0x1b6e0ef8d845974578e6cd06deb3641c27401459,1
0x1b8aae53607fb4c2b16d53ca60cdf8dfc17b4e1f,1
0x1b9cfa3f09fa6110a2fc58a1d35146fb59b4d29a,1
0x1be58857d68a9874f4728d94b0eb294ffd086582,1
0x1be9021726e5eac98bd3079b49a8de6e60744e04,1
0x1c0e9727b5eaff7ea740b7e1a736e1586f2d62e6,1
0x1c13523ac378a097d83e04c3602ad8703492d6aa,1
0x1c181908c8d2452135c9f982eb12c3ecbef4260c,1
0x1c690814afb38930f70a3679033b4c53cd72ab1c,1
0x1c6d01fa2cd66e0847ad1696415c16017a73c63d,1
0x1c9b0071cc59f47b1035615e4a4045f64aa52fde,1
0x1ccde3225b9b6e84697022805743e67b01617132,1
0x1ce2304369d957fc1f0dd32c983f445e449f4c7a,1
0x1d1bd1ae7df548c61d1ec3442c399591205f1fb9,1
0x1d50cca68aed59b3149f2229d8d3c9a5b5a4ab9c,1
0x1d6b289f57ea641050f17284582ba6ccfb0fbbc2,1
0x1d76bae9afebd67f2560ee9dd85a2022b2bda914,1
0x1d893978d53f2a365fe5b0605fe7f952a47e06a9,1
0x1dddaf818f9479f1bfadde04fe322ff4052a7865,1
0x1de89f950808b3c7069ca512b86c0150f8b3069c,1
0x1df24622941c97840ba53e2b165d4bcd0d86464a,1
0x1e2dd02c84f04235ffa4a4104ae0dea0b41a4340,1
0x1e2f1b37c8ec00b3ec46827db60835976963d287,1
0x1e3a1348881f6d0a5e1cdc6bf19b88d98399b15a,1
0x1e744c8c9f1a6b8eb5e627956b0a4c180498e6a1,1
0x1e8a2bcb241d3ad860c95fe200c2cc6aed1fa5c8,1
0x1e8bc2a0b1a7bff4af60bf1da74ad3d330b3248e,1
0x1e9dd2c5e16e1575abe8c8dafb663ac5f2a34ea4,1
0x1eb316da30a0d0f0d80334af6677a889838617b3,1
0x1ef50a5784b56561d7538cbda9a686003e709264,1
0x1f087efdd66b24f230c456511a1c803f8b481542,1
0x1f11ecfa5aafb66315dcf57c7bb7dca9a079ddbe,1
0x1fc43a1b563272047fbbfb9b532d47d58bef1f60,1
0x1fc5358ad458732b9c99db3b1c05dc95dc726088,1
0x1fc8fd1d44819263cc9cfa01601724e81cb50eb8,1
0x1fd51315e8a5d5b539aa49c2f2455c995253c7e4,1
0x1fe30b88676dad9da0584f06fbbd2edafc105194,1
0x2026f0a2f9d72f52bc2d1e9881c55d2bb1cc7c1d,1
0x206a95f8f2b60ea9d6642b5116e6d46aaa19cbb0,1
0x206ea9348acb8e1db6fad1620736bf8332641658,1
0x20757daa691900004346f30e0e17596d89872c23,1
0x209e11d5bfa936540c407830b34ab90f91051fb4,1
0x20a8d905a409ab4c804e8efeae12009ff2774d5a,1
0x20b39e410043bc90a3345a26e84d2d1e7559037c,1
0x20b48c1cc146b7bed0fe0ae25385bf13ffd9dbe0,1
0x20de22975edd77630a54a9f32b38625cd6f7e060,1
0x216fce7ed830c6b560d493f02c1a06206facec2d,1
0x21939df44918e656514ceff0c1b826b4b362f551,1
0x21a7e444f97b58998a20463cc65ed44edb9f0f89,1
0x21ad74f3186ccea7eb078d6d447e7e92163cc0c2,1
0x21bef20c1dc195b7f0b041bc3eae85ead3fb29d7,1
0x21c4d3b5bb57c32b734a280bb9e4ff859074ed02,1
0x21eb45d59ace56ec0d43e38596f02dba808bc9bf,1
0x22184d496d9112ff86473e7c5060f04385b015ba,1
0x2244b13c1929eaf8606462b996936efcf8162c95,1
0x224617bb5a040a41eb3a26a0890ac132898b09a9,1
0x225e33236db40cdbb354cda1e15ad469d6b567bf,1
0x2268696a0bc0ca83a6df13ccf47e03db8110cd27,1
0x2268c5dfe37a3f140ca9d1fddafb9ce8d32626a2,1
0x2274ad35d9a4f68f21206490d7a382cdd1a7c9fb,1
0x228d901d31eb3f4f7b3176ab39484c7a22392eca,1
0x22c5466ff7fcda8a759417da298eab17199bd20f,1
0x22ca807cda3eee3ebecdc01384dfae0bf61ebbeb,1
0x22db53cf8237ba4659da481edd0361b964afdcd5,1
0x22df70c825a7d716a743f72a1f8958e21ae0fa9a,1
0x22e2365a8a7ac43b5762c365c9cdced3362fb348,1
0x22f3142f032cad7f41f1ffbdeace927ddaac8972,1
0x2349fbd628fd2b17c3df19aac61426bd0321cfd5,1
0x239b97bc8de7fc9a15918a22058a331b605860a1,1
0x23de2a1acc4a8f39adf22aa8fddeae853fd99223,1
0x2408e3accd020a11a8ceb0802c8060fe9983fb15,1
0x2414bad51784fd2efcbfa6a0de4e2963e316c0ce,1
0x2450506069a7cc267bbdb748059408a473bbf502,1
0x2472ae35716da6d76ede37ab6fc0068b33b9b074,1
0x24b96db84c8ffa69fa916b84a8e6e754819120dc,1
0x24e90090deda09e90bc20d6448799fcc963310b5,1
0x251d14ea6929fc5163db5de098f82bed3710bb32,1
0x25269946aa4c66faa39605a84ce5b1bb7a632d77,1
0x255e6661cfb5e4484fbf445ffe9f242303083494,1
0x25665e8b95792c23d6167d2d0903fdc6bfef87e9,1
0x259bc9132676d3df88732f5a7751ac162820842c,1
0x25a6bb1dc0f6b0e7ee967ec57b9f6b3a344f2703,1
0x25ab5dfc5d91d048776bf371364e5f2449b609c9,1
0x25d959b54a762ab3f7027ebce869a3fde943b67f,1
0x25e7601ba5fec254e0834008cf40594edfd08b0f,1
0x25f8f0db800e6f86444a82cf2ec10bbd1e2aa098,1
0x26013b787aac632a92483f669e2de85103ad2536,1
0x262456d9a98537f4706324666b28bfa4e9d23446,1
0x2634c47c459a42475b2aca1243b25aee8a056c5f,1
0x263e0a01c27f2c5efb67043174b1d841fc41e4bf,1
0x26613696bd07c7a6e43c94ea457584f1a5d9f979,1
0x2661cedec03d3af3b436f10660424dec883ddb30,1
0x266f6d8bd2c29b68b5a1963e4d1b8b8b6c281b77,1
0x26912a371aad935d2639c6b3e5d5dab67e36a561,1
0x2691e96f386100ff14eb880d31244492fce95e75,1
0x26c4fff45a9db42b01cad2c60ed5a536f3816693,1
0x273a6e7ada9abbd61edadc6707fb97a6a90c74a5,1
0x275ab2f4e5dd3cb7aa8ec4f16a79f4023cc5f7ef,1
0x278213bafbbec4a800e917156c27a89851599901,1
0x278b24ea2dfed88f2e61d3053bf9ca736b566666,1
0x279aac771ba255ec728403bf5da323cb64c5e298,1
0x27aced470e1e232babf2da93a78269bb5739c48c,1
0x27d61bc07382678a13c6c33f6a75307cbac3ffa9,1
0x282ae89028edfa715e85acdf91c28ae5a9afa94e,1
0x2842decf9baeb5ec76988d1261325329848522ae,1
0x28c1ed3ca6289f8e0c6b68508c1b7fc00372001e,1
0x28ee187643e11abe7e7a224a6a5d73d2734a16a0,1
0x291259567c069555ff04e7d789cace6a397caf65,1
0x29280f796677ede20174bc025ccd767609736f24,1
0x29323644b5540d20e834578943a2bd91027699b1,1
0x294bcc3e17eb9cb33e7f4f3e62148652c545d23e,1
0x29bc6c8d87d75a1b0d30baca5088723991fffe82,1
0x29c2188c6c318ab5cae4ae4b11a49edf2ec9ab0e,1
0x29e92debaf15a201ec5eddab8592325ba082d16a,1
0x29f901a1e829e19387e9db644ddaaa26c3c41d66,1
0x29fc7f2c6996699ce24344267d0320f8b8f3358c,1
0x2a0106e7a69ff857088e232649d41469e4ee0a86,1
0x2a4165dfebef453966ca3572484e8f5c3460973c,1
0x2a4bd92dd8711f40ba30e13b42b994bcdb746349,1
0x2a59d6b103a2ac8dda003c2d21317670db624d52,1
0x2a60fef919ca9c28896509b2746ce132d8518d70,1
0x2a6a25d519bd0204e36a4018a5f4bee0b846fd49,1
0x2a6bb1027bf0ef02e4a18c4b75a6cf1d807256ac,1
0x2aae77ed939c8ea59241b448e61d5c3e847d4182,1
0x2af14cfc5d2f69c9b9070fe0f4dbc9618c50c91b,1
0x2b275bd5d9ce84914cf73a406d4e84e39549add5,1
0x2b32b190b9f4deabee26db52d20aec320fb82d77,1
0x2b36fbfc8dbbcdac77751d530bcca6d8c8dfbf4d,1
0x2b423d79ea405083f2a552a71e424e9d15fe1f8c,1
0x2b4535c555dd38a9b3d5fd6abd45e6043af7f2bf,1
0x2b60e38f344b310ea24b9757aef02da22203371f,1
0x2b7509d048845a24b2860f905732c25c16f11cda,1
0x2b792c338929c068513f92c4873866dc860fc9fa,1
0x2bb35d3536c14bf51e4f77c9f80bd015f5bcc878,1
0x2bbc590f901984b0217229ab7f06cd17d979ffb3,1
0x2bed5fd1d5c2919c23f5238dc9bc61fc6f7ab635,1
0x2c1bfa95a06fdf03d399dc26bd36e67120be10a3,1
0x2c3b3fea418bf2d82ab2036ee3a35cd9648fab7a,1
0x2c41a5327a79988221ecfae2e4c824098fb45967,1
0x2c500e1fd1744ccf3a11a5ef7e4909ca9197bb33,1
0x2c682cc32bbd0b9893ca2ad60a606783a910b900,1
0x2c6f7fde029eda7671afcc7c0ea1ee468ad16663,1
0x2c7be0b7593e9ed675197a1407e401a833d2aae2,1
0x2ca4bab1a26d74333c7c2ac47fc95f70d30867c4,1
0x2cbf724b36bb47a3f992fad8000f6eb1e5a01932,1
0x2cd595a91e350eb3f606e83a441d86f76744f524,1
0x2cd7ca816e63009308d0fdec554948675277ee8f,1
0x2ceca6a8efe76a3ecf462a0ad3212e434c9a99c9,1
0x2d3162890e0a81bb0f4a1f65e8878d20853f6216,1
0x2d8254dd9553b87be4c2bb4e791a5323e43292fa,1
0x2da2c3cfc39b8bf2b541e39a6e1384585a6a2419,1
0x2da796eb5df25fda0ecb1515836809111dc71b63,1
0x2db61bfb1f3f03c7fa12cf3b9c0d5cd614c79204,1
0x2ddb405238368695f34d30a80ab60c449aa5ce48,1
0x2ddb67275444ad06b3a7216e7a690b0eacbb6860,1
0x2df82e711d3d7986bfc4155aeffb5ee99afbd313,1
0x2e53e7818f7a62d8b43a5d30cbe6bf807fca7a30,1
0x2e82494083d823173249d67e3b7bdad17425e028,1
0x2e89cf7bf300385e4a5a5b3c727f36aac15667f2,1
0x2eee0b80f32d46c2d86d23ef61d27a5f64bf2525,1
0x2ef15890fd9ceaa47dc6a758d5eecd07a6a88cc2,1
0x2f2ffb9c58780fd250a0054d8c6b90c4f8da12dc,1
0x2fa213f0a4e10f300863330d235945fcb78a9297,1
0x2fb49c949e35a0a9c8a495e5b4d54a2ae8afcafe,1
0x2fed388ac4f4b456a522e8216a5c3b9498ce0235,1
0x2fefd2c767d20958a6bbb9f6973a0fb6f64504c4,1
0x300830703ea54a5b9e136b5db0d1032914b4daa1,1
0x301763b12474caf7c42cf047cdc239ff17172245,1
0x302e658bd08300a57be53e60fc7a119f1e3e56ef,1
0x3045e9baa118555f1c5fd8c791ff82165aa3a7ae,1
0x304dc1da4a9e7e6acc93b4d3bd87e188d1a38a13,1
0x3081d20521b697be5e2bece399a36ed8a45f1c10,1
0x309424d6549ca6624b5ad8770f14590cea6d1ecd,1
0x310bcdbf66c6828c6b251d6bc4fd6f9c9a99bb8e,1
0x310f3a94a38495432847969e4075d4b11f1afbf5,1
0x31109265a787ef9fbf997242e36e9d78e8a61999,1
0x31163b47b57af55f4d4c40e3fe7d2585687a6d50,1
0x313d756137711816bce14d7da5190426b6da36b1,1
0x314f8652ac522c973cc6267ef34b60f7437cbfff,1
0x3164891735987d0819c0e1be88ac9dc57dce8ba1,1
0x316b4e1f6150f7fc8f665c03f3b09818d15cf027,1
0x3186d43dcc680df6f5f6ed4f8ef429bcc030fed9,1
0x31a933c69c99368216a5e05963807b0338e39ce8,1
0x326270b9a72278b7018bb3073f0ff02b9750349f,1
0x32b8834ae6d188d15f33d00c835c3dde80200a66,1
0x32c610488fd0815ce21918afb321ab935750574b,1
0x32d548fac13ab8219a93e5a25881d60ddc18c699,1
0x32dc588584894d5e5a256bf5417650cf18bef424,1
0x32f31ca51c0f82992e0b87ab1d2760a107878ca5,1
0x33030e58c1ceb9b9d3ee8a0b2a248674c9cb17c7,1
0x330bce303d27df0eb1b856da3464278db1db1ac5,1
0x3361ed013fef5fba7b7a19c6de6edcf686813820,1
0x3374333a9baf4b188fddf18fc367fd27f390d608,1
0x339d408e251ced5d441e09352291c7a45fef676a,1
0x33d704d1347bbf81c05104bc41bee19e83c02205,1
0x3424959e689851133379e6060eb9ecd0e0df7e9f,1
0x342497e6338d3b2a087410636a54dc10b82bca78,1
0x344d57e7d776cc91c33d78bb9e53389353c609dd,1
0x34551a1873150544f924534430cb324b1729728a,1
0x347d9c6ea6accda235bcee056c649d891ff08fd0,1
0x34d871d555478931238ddc134348786ea64008f2,1
0x350cbcd4936dd7d8801c04417b7073710a4ecb81,1
0x3512273bf51cc32f7fa958e9c62bf0170717e3e7,1
0x3555c0bf6dcc8533592b918f3a2bc3b440e80fbc,1
0x357e96b7b77522430c0978f7b64590fb01c94dd5,1
0x359be354c0943fab200af92839b36b7e50220a7a,1
0x35aa3f733958b7416669303945093c98819f77a6,1
0x35ac92c757a227954a60b67a9bd3092f391afb56,1
0x35ad460982471c435fb9a9c5f55b8c9cc4c251a8,1
0x35bc5a52fa7baad73e57695ab770edaf33f1fca4,1
0x35be9b935b9cf96e19f791a5d3033b29aa17573e,1
0x35cde78e3434d033bcdbce70f7ee120fa7523854,1
0x364a021d0f8ba073d69b62682e09daf838153581,1
0x3655c572bda7e94d67bc3047520d6197347bda7a,1
0x36be14c0d731d70333e4f906a0d33ef65182fd0d,1
0x36cc855f93acbcffc11df28fc6e0f5c60f34a2c0,1
0x36d9c5e40becdc523d8388caf8345eb03e0fff21,1
0x36e38de26ad5dc3b6482bf6ac2534b6409a70484,1
0x36e39452cb6acf0dffa1416db7e76c9880b21caa,1
0x3726ccadf4559f0ba0de2fc0eb6aa45b8826edd1,1
0x3737388d72d696a13cfb1ef021015a1598f3e790,1
0x373ac3ba7fd267893b1bac2b9b79c95cc79fe70a,1
0x376c76527c2c6b7f89f4726ce860b2a6b01db4d7,1
0x37792efec32558862af3bdd92e37dadcb65a34b8,1
0x377ca80cf20ff57ba7da7af69852214137c366a8,1
0x37c8afca3946c5c5e75c73b44c1f6c0f5bef3a7f,1
0x37caee7cfd9860d3f618f9d7e5d7c8bcc237e5aa,1
0x37f4d632495079c0d69bc980e97a3b72a6a6b952,1
0x3811969604d26a723c7ac7401c08609e799ef25c,1
0x382912484339f80e13870c50e1f732e51cbd66cf,1
0x3829171a90340a4993048adb8a21b29752f8b100,1
0x387134ea1d5479889e72b55d6b813275bc2ddde2,1
0x3881f0735d9c8aaa779fce6f72938c52e424f852,1
0x38953529c54ca374b876ad9c45a761e490575954,1
0x389bbb2d9dd0284b35a24e7a1dfd37e8820b6e21,1
0x389f1b918c6a4d8bac6e70f509c73cdcdcf1b5e2,1
0x38cb81cea002c1a7659762e57b2878a5b93969f6,1
0x38d47aaee81b02ac7eb5d31ec01537f49a96892e,1
0x38dd42c93a53fb8446ee5e5def48ad31fff2c9cc,1
0x38e1a00cead40b4086527f5c536079ada06c1ea9,1
0x38fcffcd0cd989978dc4f0232d45e7cec0cbcd1d,1
0x39071c01b1ad500f629a3ef26871dce3ae09aa10,1
0x39340a2815802ce3f75c51de1014fc87927172ae,1
0x394bc1ee5687397b354943516d04f07b28967ff3,1
0x39edead9c9e4ce13ef8b84914c08b7fbd89ebcca,1
0x39efcf1840123fc68b8673df0e96ba21abbebe94,1
0x3a33b570b6a03a4930ab966c660ebf5c7ee01a90,1
0x3a4983ec0cfc807c38a518c357041e0c6fb5fc2c,1
0x3a4b5f7ca8e7eae75570835f6c49b5205e424e6d,1
0x3a4ddccb9a7037cb6bea4ed31ffdbe7179eab42e,1
0x3a4e2bf6ea815a68ee72d6796e4a93326035b6cc,1
0x3a4eb2827c748fbe3f5d3564768938e32b641495,1
0x3abfc698217d1519c9e2127865a5f256fbbd51dc,1
0x3b058bdda56393bc5e23a915a382d9f199fe510d,1
0x3b11861c4a5c25dcc118a4c415815c5e1f5664cd,1
0x3b1e4996b40fff770b02d132e1434142d51722c3,1
0x3b1e518b4fa773b3bb60506857edefc50c2cb786,1
0x3b1f2b1e1e3547e509f1c32e0162681db5262a0c,1
0x3b6b9da9fb43de9b9dd90758656079a03d9946ae,1
0x3b7b26a9f6bfd1c50addef8c90f431709207b6be,1
0x3b8342f5cc4864699aa0ae3d37a86af893a27da2,1
0x3bc232768c62ea03ed2cbdc9315223d1df820f64,1
0x3bdb2ac777760044627bd3e3795de491e018632f,1
0x3bf2b9fae2b4ed5aae87ebe2836139c281e50d03,1
0x3c011097ead3093c11a6fc31a7f4263ff16d4bb7,1
0x3c01156d9affb876ee04f86bd093736af1fce66e,1
0x3c1b27e8f900ce78dca46c55f413d60794195867,1
0x3c200503635243de899576e2e01ae83f7aa27951,1
0x3c42528d268b409872bdc3cea1c315cb7206c10e,1
0x3c457519fca8159a72586dded6ce85cd63e99871,1
0x3c897965e6ce1a80f5c23b14f88de8242f26e89a,1
0x3ca64fc0985976ca84dac01e85ab67caa8e13aaf,1
0x3cdbe16a186d76c6b2c638bd958c4d86ced8ddc7,1
0x3d6f6268b62c401a0e417a853098d097cac78f2e,1
0x3d91ad906c3969f86c588c988f721d5a735c6f81,1
0x3de7bf799df670855235445874007b555fd590e2,1
0x3e09b359d76d271c920f1ea41f1e02469a4bfd86,1
0x3e26603299ec18a0a59c179b92b303722c04c5d0,1
0x3e278557e4e47815aa25de5d83e264e34b977b4c,1
0x3e35d9727c96fa9fdb0f29c544a88dc2c07ecc2a,1
0x3e3fe256df01f4f64da5a6d1f0a676bf69bf360a,1
0x3e4c0e5136c5264c210ce6aa889854d0b8380ca1,1
0x3e59ea5c21ebb11765f182d7cf901a8615c7ccda,1
0x3e5bd0187aa0ae1e32bb715bef1ecdfd3aee3453,1
0x3e7dc5c9d4d919c56b14f337514743e85a71ad1a,1
0x3e8f0bcbcc283296fd831cc5312714335f19b340,1
0x3ecebafb0d1cc7f9dc3cecfecaa3e1197487911f,1
0x3ed927de6a68d5b66d265b20d8321b1ac0b26d3a,1
0x3f4a9bfaf9ecd4f321eb1a3b9394d90f16ac081e,1
0x3f6c277c6b50d30b8464253f78873d7f2329e431,1
0x3fa7cdb19e8637d22d1fe37190942ae4b21868e5,1
0x3fb2ae6dfca30228a3c226ac7b69bf14722e05ce,1
0x40103d2d83b6076305de37354c4d1643452a50eb,1
0x401274d0e0b6b8505884f1384cf1c964e73366ff,1
0x401c9d23edeed0e4bbcd62904433d2e2e3eed25d,1
0x4041da013af7e889e838ef56a39713e974238399,1
0x4079a90e852adf32345d091f8bc282c365d6c225,1
0x4092d623b10bb7389dbe1614ac14979ecc74dc86,1
0x4095301a454311b507c0ef52924a7753f0e1406e,1
0x409f6883db7cd887bcf783c9628b2aa01dcf4591,1
0x40a3e22a075c788ebed9a973a3fab44b91db1532,1
0x40a47a0beabb373ffe090c9233eb4126dbaba882,1
0x40ff39eb5f35880be66b02fa6ffcd4e7cb6212f6,1
0x41177bed59a69aefa77383e938872021f49a957d,1
0x412d9f0421458d6e2736f8efaa9c1ea5352573cd,1
0x413dd5e2a77bffbe248e43b9459510cbf487ef86,1
0x41808f4494a718f24e47564c952837ad5ab9feb0,1
0x41db21d03a79663d74d35d1a87f7536b99e1c006,1
0x41ff4157cf6b9dfd9588d374eb77c730a92ed834,1
0x421d560eacc860d76eb9b1dfac04df942fb954eb,1
0x421d7e4021d75a5199b92e01e4b7730578a500a4,1
0x422f0694be4c6383384765748e5f222764b8e344,1
0x423c21ceb4b1763d68eb793418572b3ed0fa7fa3,1
0x427b543dfbf2e14f5d7a22a6c619d4bded7ce279,1
0x42c1c1bc1b9b36cfe8fdbbd057335dc59e38ae90,1
0x42ea64a97a247b5079bb4b133b11c18c094aa04f,1
0x42f4346b0f68a7af0a7729c73a4eb8a1dfc381a3,1
0x4315b14716759684afa3f4204d1157c1554043bd,1
0x4320c5465afe726d823e899682718ed37689fbd8,1
0x433309cbadfb34cde66cbd1443d5b05b911acb10,1
0x43847409257eeff481033dc544da4a8b51e97eb5,1
0x43df45bc571b2df90cd542994c41ac8f06dee268,1
0x440d841fd94f2d2cec905eb1a7524822c2f3b2ee,1
0x44aeb50350c62bc5ab3f7e994e3f23fd4473082f,1
0x44e3334aa1b65d46c15ca1491f6a4e8b4f3ec1ed,1
0x459209edb21dff0b1bee55db25a69aedfc05caf4,1
0x461b852e79ec9058c237e6b21258228ad489f86f,1
0x467678349e1fd70472de6c729a30d49bd4c82e68,1
0x4682207b69575b9b03c71236e7c5659a73a70363,1
0x469a6e6e1263c6023466668cd4bd3c1a3e5ad4da,1
0x46bfe05fef935b62846747f697e651cb2ccf9a13,1
0x46c40f04c5f2e7265f26b79b2c49153c924e9282,1
0x471098478ee471159c274dcc334e94e185d6fcac,1
0x472f9046a4b0a04a999d04947329b8b7d5c9093d,1
0x47667622b7298f503e5495af2973f6478eeb35aa,1
0x478877398f91919892842928ded5ce1d73649046,1
0x47b233217ea0fc82261a1f39c9f19e15b50ddac4,1
0x47d1cc7a8d8072595d2f8e57e2ea74797c9b7614,1
0x47dc3a7aec5c0e1f4b2c71303a4b1eaa0bee3e4c,1
0x47dd99e53f3f2cdd361412a72a613abf8d1d9379,1
0x47ded080a4ef933e96e357d468363a8a0cac03f0,1
0x4803f6a0958c73fc84bade82f9c659f28c0ebd86,1
0x480aaa1dfcaac2561b9c094bd6e0e16638f57dc0,1
0x4825a44c291429d12e97691a771c48472e858732,1
0x487028315e80b80f1302cda11bea95dcf848dec5,1
0x48a5e9562e6f2e6e2908ed96e735af254e2bca84,1
0x48a866befaae762135c704b6915a3733cc1d4330,1
0x48b2222db11a65f7f75219d47e6e0832d23092b4,1
0x48b33220d39e21e8d47e216a8d5f4266d6dc89ee,1
0x48bc11f2359c823ff0215e9cc6a5c43fb8eaecad,1
0x48bc9a4a98656f5d57847b116802172024d03f9c,1
0x490ee2ce2dedc3776c1a3935ae1fe3b93cb13025,1
0x492289f5f25c4cdeecdff6cf3ecc41e26e4388fb,1
0x494ffb3ce35783fc64a6486245d458a8029de8fb,1
0x495413828ffa9f448a41ad330bee078ff619540d,1
0x497f0dbb11c33dceb07fdb63b566316f477404c9,1
0x49c0c3d0bd03de5f51685f89d5a47dc22f335b4d,1
0x49c4688912b50fb7b775fba7fe668e785b006049,1
0x4aa91421999269310a6f991520049198aab9df47,1
0x4b2a0281dd577e5767442688c1e84ab901a28d46,1
0x4b44f85d6bb71482995105962fd073742c94107e,1
0x4b655cd80246c86cdcf97f91f9cf1f6348049eda,1
0x4b933cd816c86783b116d070818c6fcdf5bff17a,1
0x4ba579d473d70df138ad017005957a764938e952,1
0x4bad89f1646b80d8c44477f0c5f5572bc3356d4a,1
0x4bb76fddc6c9331e4d8e3bf5c39f7d6f7d6b4902,1
0x4bbe6d785902c5b41de38c37dce82cf6005ef0be,1
0x4bdb2280eae404780dfec4b163161e30820f126d,1
0x4c2f2cdd0b56641f6040d18d48164c31c060709c,1
0x4c79303747d47d01112d91c20cb9685c44112896,1
0x4cbca671d955348a1e79a09607ebd07e75d54a24,1
0x4cd4b014f0442a87564fcc7845202ce2c624ac3a,1
0x4cd6ce79dc0f948b903a0099da7cccfbd46c554f,1
0x4cdf6356951ca013d5d39283d8c3bf37525764d1,1
0x4ced29b1c7ec47d7a5a8a0711890d34b0f8fcfd1,1
0x4cf1f593a0683514006bc0ff5f81ee999bd4c60d,1
0x4cfbd3c7df26a8140f08d9a533d4be92ee038cad,1
0x4cfc5922a1820902e86c5212522f04f16b2861db,1
0x4d2420a4d983fdeb453daf3c8ec4306d219d1834,1
0x4d24228325db961375eb5908b852374ec50f310f,1
0x4d285d730a855576f1fc8d07c9b68c2ee06bb153,1
0x4d79233ddee3547c3d1a1a39912f2905031c612a,1
0x4d98010baed01f2f1a9c09b93db7721925cd97cc,1
0x4de29f38194b48cf7c1b8c886bd07769043d4d53,1
0x4df927144e3cee7305bcbb2293406dea17e0605f,1
0x4df97e1260f2e24eec86b40c7436c6188f9b8874,1
0x4dff50cfe5a2d72971f944132de19d2a64e978a8,1
0x4e17d0f0c396c1224fc93a70b396c12271ab695a,1
0x4e216c511db4f48ba59bf05b59d5da93a9b9460a,1
0x4e2380d8a96e1f370c258e002b15405fe94ee32b,1
0x4e32de178953d278024f3f632637f6f75f3781af,1
0x4e435d2d6fce29ab31f9841b98d09872869c6bc0,1
0x4e4e2c4e39693d3c79c1bd95e8fb37332c20220b,1
0x4e582244a38e5a20c8e94c8151d235db90c2904d,1
0x4e7350cc1ee337f51aea6c086be598b200515f11,1
0x4e7f930079e7d717b395fc0a601e4f423b05b5f7,1
0x4e81fb2b4a7c5fc279fc2086b3322bb3dc3c12b6,1
0x4e848cb280ba065f44e64f923a78a52141033f09,1
0x4e8a23dcf04c688d954b91eadac792f827c92326,1
0x4eb8a34d631cbf724a48d5701b57bad24c1e4779,1
0x4eb8b848242c9ca30c104215badbb20c26fa6fd7,1
0x4ec84b4999f93108e07a37dbb6a15bdc85493087,1
0x4ee589b12f56aaa3c4eaa4dc7ebe0b62b7c02cd4,1
0x4efecea2a42e1e73737e4dda7234e999a84ca60b,1
0x4f05d884eeffce9a51fa78e1e462bff1bd458e4e,1
0x4f5985b15bc5052493afb462d4a540e9cc25feaf,1
0x4f8280dd492092ef0043bebcebbcfb084a964ea2,1
0x4fb93bc5e6a2b5c787224c50a226bcd530f1b575,1
0x4fd7f8fa90c6bf4879b59ced978b745711aadb82,1
0x4ffc88958e0a5ced57e373d32bca3da24f3db8d7,1
0x5029561d83b9b509a8c6ec891ade9917903a2e78,1
0x503a995487adda198df9e4dded905e5b6ead606f,1
0x507e63cb8b846988fcb312e9213a9b72365b3550,1
0x50aadfd1b755b9bff7c4d03f7ce3b426a2dfda69,1
0x50bfdfcb02d68e3a4643bce7edab5691ea6749b9,1
0x50c98864cc7d35551f905160eccf7f2ebe5f0fad,1
0x50d52d86458f73005858a9345cf4ce89e5a6f410,1
0x50e9bf7ff3314c3cf4e6daf29b9a40a7af0f2832,1
0x50f27cdb650879a41fb07038bf2b818845c20e17,1
0x50f4a6891e1ab162ff74f8b9ace5bed6a0ccd6f8,1
0x50fa8055de5fe9938e64040ef50cf32bc767ddad,1
0x5100b244de621e8f8ae2d9aab564d491169643f9,1
0x51097fdf7b9ba09e578c4421b99b427097b055a1,1
0x5138cb94d86d6cde09c491fd72c81095c965bf01,1
0x5147c1a9e594041ccdba5d044b6274231dc6ebf5,1
0x515050e325019b20c2e17ab5152d93fa638fee28,1
0x515cb99b22be8900bfe3fc4065eb83aa0fce62c9,1
0x516124bd46b503e1ee8eb4bb46d8a506f8af9082,1
0x51ced357d0afaa0add66d87f8c667eaa4f2645dc,1
0x51e41c0c7c38cbcdc731d8ce53da2740f3720621,1
0x51e6a752605287e88178d45b2e8657d129825f3f,1
0x520e3ff45c84b87dfbe6ad5b7c1e0ddf09f6fb19,1
0x52bb8fc66e0ff97083d4cc2acbd61aaaea8d7047,1
0x5327bacfe0c2ff98750a7e882b944029b8315c85,1
0x533c462d59d5d204bd9d1ddbb15caf3445612f0a,1
0x53475f54d7dbe4d45a85dabf6af9cd00a11db324,1
0x53705f80cd23bbe8cd5295587e4a0df5c260342c,1
0x537c058bf30c8adef2abe4e90fa420c8de0372c2,1
0x539f77cc5ce8da4d735f439b4e996d647cd045ef,1
0x53ab3d0b156dbf1fa91bd6195281278fcf6f9cf9,1
0x53ea86f6e813bbcb6ca446789415714b99561d2d,1
0x53eab82fffbc999f339bc86ff02096012c0f2cdd,1
0x541096a86e15a9afb43d50cd0b346f584738fb7d,1
0x5417ead3e8803fa8551b10c5aa896446c2538a4c,1
0x545ef01cad749e47417fef1e841529898ced41fd,1
0x5491f72752c94fba3040f1aed5557b31787d5241,1
0x54a800ed57b2e24d327d077d936077cd1c3cd0bf,1
0x54dca4fb859b24f7af5551e00fc4eb81929403f8,1
0x54ef1c019424b04e7fd24c94ab95e4cbd7244cad,1
0x553348725f4e7bb66b9e11143e81127774a5d517,1
0x554c8665710bd51b777892493684b49baed0c952,1
0x556ca7014504a0e133eb66a8a36dc5501d682a82,1
0x5572fc084df6d7126215ac7547b4d3571de53857,1
0x559ee02bc156957b067500534efed6e3091df40a,1
0x559f5442c82483a387230c1acc982b69f84fe199,1
0x55b2dc5a4c6f7fec0c715ab63532376a4872099c,1
0x55dbeb9282eeece567b1b55e52b22eb9661acbb7,1
0x55ef759c558592719d1345f1faf56af2f855d4f1,1
0x5602c1cb49e5e34c788ba77b3cb410c7f4d0da7c,1
0x560e4a58f9a35d5a8cc5f5bf046e01167e744e13,1
0x56328daff6775c24bc17fa8d283981277f13cc77,1
0x565196152f8a4066a51b498a44a9981145d441ff,1
0x56b367a6303b3d626bfbabc625b8e0b5bd9452f8,1
0x56ba0ba98e5bcde0f9be312dc88f897536132d81,1
0x56bfb4ad879ad4ca85e76a8891e0e0d410f86d46,1
0x56c475ab64fb5348e320da4c4c2f1145f08fd597,1
0x56e943a1cd8efb2ebef8e9863a733ea42ec2e30a,1
0x5721dca267ba7d64b0ea6a6d44b000e8c3363d83,1
0x573f29879312a97c73fe6c29d90924104f0959cb,1
0x5783bffd8b03512e3b90603b30a4a223698eef12,1
0x57859ab96be6e533c7492e4831bd2f5c1a4aaee4,1
0x578768d2c7c5beb60cccfc148a563c8378e281ec,1
0x57b3312625411b26aee5a101ed9e7dcc4abfd13d,1
0x57d7e098ee3d6c92da47c7b385d032531a0224a2,1
0x57d8897d5bedfa214dc42c5998e2bdade268ec9a,1
0x57efff592a0b5baa95daaf834d9b83ce787bf96f,1
0x5805774b63123877416b35cfa2ab82132bcfac94,1
0x581919e14035f1900062b02e7052799233dec65c,1
0x5826f70ef365206fc1adebae95685841a5abb5d2,1
0x58494fe6d5082b3fbfa1e8267b28d78f4c2f2b52,1
0x5849734d2e3ada23b64e12311adfa6bcd6fe687c,1
0x5867cbad45a05914f8c194f5012a5be312b3716c,1
0x586d46fdbdcef91a6250d6de18f7ee45dbfc45ef,1
0x58ad06331f45069e904605061393674363e7bd0e,1
0x58c6968f3c7c8057ec50621dc39ee6e57c91bc33,1
0x58da1352defdd23133685c0bf901e292859ecd03,1
0x58dd6c29bdaf0632f56f9cbb8f2cd808e6d0b03c,1
0x5984c33ab182909fe576d5629d4711c5dc13eec9,1
0x59b9339a8a3d78a5ffbc86998c85f3c07fa4b1b2,1
0x5a450d6656306613e72b4383b13c58127491c505,1
0x5a78999b34a038f84b389602a0a3423e1d45add2,1
0x5abc9df7af8a7d41858d1f4c7e3692f0e6ff1367,1
0x5aea38731f1f38b2217f875e02600f3bd440db4c,1
0x5afb33754273eed333b071c4055757a490c7dba4,1
0x5b11482eff4008e9a7946a8fe2fe2b8344c47243,1
0x5b23c893ab99fa6d9ff3532d10a9019cae06383e,1
0x5b28627e84042bfec9cf3a4755591fac9f3434e1,1
0x5b2e49c3087bc3a16bd759975e86ed56613a22a1,1
0x5b36cc81d3b32a19597d8d7918978acb080fa393,1
0x5b4825703170582b355ca15d9531674b209a7d66,1
0x5b6f5b186d9d5544e30d752f8ae1a86ac8eb6a7f,1
0x5bfc72f931bdc35d073c57bfe8c53bae6d868d7a,1
0x5c7ed5c98ad4a30d848df812c0168b55078ef8bb,1
0x5c8e99481e9d02f9efdf45ff73268d7123d2817d,1
0x5c9444eba22fd75c16f3cc2b0d150f8143a9706e,1
0x5ce96292c49a86147636797b279b1078b1ad8f9e,1
0x5d025c556f0631ead46ab3cd1310c8d2032669c7,1
0x5d22babfdc8047c4a91070aa04759bda4ea77f84,1
0x5d3087d1aa04235610cad6198598977b9b8156d3,1
0x5da640e50d791d6d75ac0cf28ebde4da5a5a89fe,1
0x5de221d326d3ac8ea255482c2b4b49aefb8fd050,1
0x5de70e4a88959ef5625196fb910bb23bac2f2784,1
0x5e190617c7cfb30c3c87dd55920e117280d3f8e6,1
0x5e35d3d9cb5a8cf0f595d26c738f902935a864cd,1
0x5e59428f72aa38e6ab7751fdda4fa535066390ee,1
0x5e624a7ad13b5c01d547b1a95a386d1f6147bf56,1
0x5e7d2bdbffd95ceed9615711c7295d49609a9a75,1
0x5e84c10d80444b8db85ac8d435ed0f0194cdc316,1
0x5e962b44a805c92d4153ea19ae5ee324da0eb9f5,1
0x5ecc8919024828855b8c1dcc418cb7dabfda9bf6,1
0x5ee65e27f27c7fc0381bc372089fe73027e6587b,1
0x5eefa55a8a7403e3723b7a3606714453a5b044fe,1
0x5f3c78e88dfab91d842034e66fd8317a34386afc,1
0x5f46cab3bca472a7389c658795471fe7bab1ab1b,1
0x5f72e53fdb054d0d64eb2304ecad0cc559f8637c,1
0x5f804c9a49045dc7f50a580231a2e71fba49badd,1
0x5f8d97f2d7f16194e84d560ed3ebc54187f0a1d8,1
0x5fccedf699a98942c6d896713b6403adbd47bef0,1
0x5fd027df0271cf33a5e5d19513f5be021a0ecaca,1
0x5fe66911ba65ad2dbafc1e08e3d8a50deef3fbfc,1
0x6010abe29a59fa938e8f71814fc91a6cd37c18ec,1
0x602247b76287054cf73e6e1f0f3c84e0505e5df8,1
0x6045b81ffcc3c737e4d9dca7139a988bf8de30cd,1
0x6049224a0abd391f432d7d44803f22e6335f472b,1
0x604991c4120502aaebf2398a57029804a57641ba,1
0x60586bf77a3a75a054e580fdbdda8736b36446a8,1
0x608ec7cc556ba43aeddbe0cc748e60cb08db89eb,1
0x6093670c6f8d5ee1871804fd4064539de50740d9,1
0x60cc7c50b00c9fb573a216597acd875060cbaac5,1
0x60dfcd9996a143721723b0c37b3aba0d1e0a424e,1
0x60e8e6ac1b87a29fc239157a4bf49fae75a473ae,1
0x60f231434effba17c7badd40d756a9cf26645a2d,1
0x60f4199fd0c90db2fa25295d2284c4200a04eff7,1
0x614bf6b7735c1830dfd679d15a09a8623112a949,1
0x6151ce5ae494292c221938c4647755eab6b81b34,1
0x6184d7075828f4b22e5d860aa38280ffa831ad3a,1
0x61b340d56a6b209d37165a48901b17d3dc3e53c4,1
0x61b795e099c198bf32aa77991caad9a1ed52e4e0,1
0x61bc3547a18e2d49ca671aee1669df6e0117cd57,1
0x61cd182ebd58d5ed58a71aaa2292eb3bd043ce58,1
0x61d0ea212b35721e021f56094603165a92410c19,1
0x62321c95d1b265aeff0c01089106fda91a187561,1
0x6232d7a6085d0ab8f885292078eeb723064a376b,1
0x623cdef63f57a47b4ec89560791128b75042cd0a,1
0x626c048d5d824ea1dc91481c7675cc285c8f79d2,1
0x627b70449ee626c5ad0f140d674db5095f8b4a43,1
0x629d887d4453d34a717af9f7e4c671a426ae92f5,1
0x62a342d36e1c5c59425eb9cffcffb00e444a6a86,1
0x62d3c2a80d3cce916b9b645cbcda14d35418275c,1
0x62f2fc067e2a05f335462caed65d8ad787064424,1
0x63031c387fba277fbdbcb2fc9a6db5c182d23eac,1
0x630ed30f52986a8e703c1c7bbc8521f8efd8396d,1
0x631794a6eed2d23087af0182cd6d56b0304b8cdb,1
0x632df214f78c98d6d627c60ccfcba83bc10029c1,1
0x6340ad78c79b6b5b9efb7d7f0ed40b500253804e,1
0x634e770a0eebedce7c83d24d671e97560a510d65,1
0x634ffd24513c0def2127e2d086a81968f948c7d7,1
0x63513c5142fb9879d58227ad1ada16831ea19417,1
0x636e2ce8ededd4a0cadd638d3d14664332fa56a0,1
0x6372d911ad7329509d683828be1bf5d4eb45bb42,1
0x639df15a9c3d3d3d80723f0735579ee0de3f12ef,1
0x63a0d77396d65c3ac1e767443652e8eeecc0e4ab,1
0x63c0788ee364f9a4e7baaa54a09d6f32feb0e6ae,1
0x63c8e08e4a89a046fd7d61aff3c1fe0f0d72a8e5,1
0x64177b68b4ae0cca9b13a7bc598e09e12d8af02b,1
0x641c6f99a055e8cb43ee67b8aa76a6053c6b17cc,1
0x642942d202a60e68dc2d9343dadbbe7e2cdede6f,1
0x643c014192a13e9083efdbf327c1c8709d893dc4,1
0x646b1d331802bbe143c87fd29bac2d9225e24f91,1
0x648e055d685dba633e6d0aadd40e8b1d89a4039d,1
0x64e87f6582a7d9bea016d177f769ecad1db90a51,1
0x64f415192531776d7c9ce5a92cf3244e17cc6304,1
0x653eac71caba2b15945027604e150d49d5a17436,1
0x65455e327652d623c67fda1b54f2db38a0304a5c,1
0x65608d0984ad76c391a7f08da9b4b38f8dcb30da,1
0x6569f170b03fa403fb79edbe6fdbfa6b58bbe5e9,1
0x65717941b3bf411b44e5fa17e70b26e213389dca,1
0x6576a26763cefa8f37005c067f7902960dec6b8e,1
0x65825456f394dab14e9bc2b0669ac3f122ed6c0e,1
0x65aa9d769edbcc170aced9dceed464f19ed755a7,1
0x65cf1a43d27676324f6254db1bf208b73e1c9b6f,1
0x65fd864031b7cec699fff0c3b33092c9670eb02a,1
0x660f54ca163d42605e17f9419d57278f1ffe8148,1
0x665548701d212e4de9c5777acb32f4251805d1ef,1
0x6693365d538195332cece2eb4ed0924b6f2fd28c,1
0x66ad09554857f2c737f548f9dceefb1673172111,1
0x66b290362fb9e5c716a7544cbb74dfe2187e05ed,1
0x66d89b94ca219fbcb04836b99707791082fa4b6d,1
0x66fd7b759cd1d9761eb131df5506a49efa35e470,1
0x67084f66caf40e603a6bfef64ce6f062084db056,1
0x6733f4fd34d4a0734a27e79fd1262dab8b4e5143,1
0x67797fd8b1b2798e270f3b62eed1e1f067046f20,1
0x6786039e43d75800ed5f02e378d0812689612155,1
0x679d20f4333c8f75f788c8d07e9cf714a27ce280,1
0x67b849d6b7328510bd900348f8a07b83ae463bd8,1
0x67c1fec8db1d8328137281015ec0bd46e2e82428,1
0x67da9c8f1be7984898b4285717de2aade896e583,1
0x6803e29888f6d127f3e603ef16b800315feee67f,1
0x68099add8543308f428c30a753cd9e05158f2140,1
0x680e7e74e54e18ae70bb472b8e6782f078e35f50,1
0x6816021290c39e00462f3b5255232614096c31eb,1
0x682e95526f05d5c206e04ea18b7ad4ad8bc44567,1
0x68372a4d01e4261a5d60d81eabff6f712d09b7bd,1
0x684a284a60d853430d41c0a4d855e7f9d0cfa130,1
0x684f5d334b15f4880fee350ccae8dc0236117da9,1
0x6876ea9c360e8452c1ae04a62ed5e58c8afe0b2a,1
0x688ea112c302d60d3c7b7b60d3b61f62edbf1f3d,1
0x68f6ec7b9ba1de30aab6b1d41b68183e58abb99e,1
0x690074cc087aba3f7b711a6d536417e83c145f42,1
0x69023dddab45f345f2b683c180001d017fc0a540,1
0x69491a5fe4fa749dcb01c9d07e1ede52ad7a32cd,1
0x69860aa99eb56a18ab178c226a9c10c17a2f9b2d,1
0x69a6ed3886b235927336a3718963e2c6726e79c2,1
0x69b2cc8f342c6d4898a4ed9b5dedc49a52d99d08,1
0x69c69dd64abaa76691ac04c0bf0116dd5ce3bcd1,1
0x69d8b375bc46ce04b95e942c86cf7aaadf2dcf17,1
0x69da243b41aae36e95742c3fbe15a06bce190cbb,1
0x69e116695af70fd87a81a9192b763d78642632f3,1
0x69e4f3162128c9e5b8e402c3c905b1e60b48a119,1
0x6a1bb3dcd26bfb0897a6858d531962f2f4ed7616,1
0x6a28dd934880401d92c57d8dd13beed39c20f464,1
0x6a2cf35b7ea0af797ff7f62a59d1683443d3254e,1
0x6a828d32fe744cefef5ed21d4ff93a4edd9f0d03,1
0x6b0846740da0a586745e1dd3d8e2058c467e3069,1
0x6b3fa94ce1dd458f417e29bcd62f4149d8729114,1
0x6b41a794e24193ff7f6002474562931149bf44d4,1
0x6b59d011112ead8e22a429ad1d68649aaa5eb262,1
0x6b739cf3376d9656155763cfd619004750637b1c,1
0x6b78608803b217dc4f8c0b042cc8d15d214b0b77,1
0x6b7ea571c2711757504cb17ed9dcbe3b985b3a33,1
0x6b8cd80bd3c5a8d1444609809ed5f1fdfe065be3,1
0x6bac241dfd2bd3ea8295c812e4bc36bae1e1d71c,1
0x6bacdd337b25e815521c994158fbe6d2fb8cf10e,1
0x6c20350bd6d04a858129be8b6f915d7a20535478,1
0x6c48930a7f215a004c657359bcc5964da640611c,1
0x6c4f0dc727086079d053f07a5e19d866d0a176d6,1
0x6c5c05300d35ca4c7bbcc8b53227ed8ade03695f,1
0x6c5eb7cd72770c8f818bd26cbf4ac37c99c2bc36,1
0x6c64f87af61b0d100ccfacb0c719e5d5d2833cd4,1
0x6c7b672be5da5dd0154c35e41876998ef9786870,1
0x6caa4d6eac7b06a2a04dcaacfcefd96c66df3db5,1
0x6cc4ead03b6fda979fa33b40546ba5d09c35396a,1
0x6cd2bbaa9b53fb08810764bff02396151d537395,1
0x6cd8ff323d9051a889100b960b05a4cba52bcfae,1
0x6d079216c1bebbae518d30ca6e2f1485a3cc0f75,1
0x6d5b500d5db87f4248361dc55d7cd08d8a0695dd,1
0x6da71ab836be4badc15b48a6decb1ab8822beb01,1
0x6e1356c75d8e55c6b5bd7787c23bc214ce4767f2,1
0x6e9e48c08aa6c114c53f64a60ff59c916e1727c2,1
0x6eb7bbc7a3259ae07902bad48f9d314169c2199a,1
0x6edd8fa5550e29d47641f969d2ead3decaa29ba2,1
0x6eebf1cd062ab5640f2e8afc163027e5034ab531,1
0x6f307c1ff8d5529526bb417f2e99ae47b5966582,1
0x6f4c221f1c06adb4be502395a27d326178278f0e,1
0x6f54d1f895921dd10f260fdfb476cc10f0fcc39d,1
0x6f6b833af100b6cb7b57d12c4ac9b94e8509d785,1
0x6f808ba9825c1bb35f6cc1dd259418be8c1bf2fd,1
0x6f80f6421a84238432132df500755b513ad42869,1
0x6f88f143db484e87dc7cd6ccc4047278a69bf69a,1
0x6f96a08d5ccfe4c9712670dc17a0118441cc621d,1
0x6f9f0dd29a45bf66354b22287d0d4baa42da3e8f,1
0x6fa290ecf1f63abe120259d00f13779a2f0382ff,1
0x6fcc6a63d5a88d11db950dd030e78a20969ef28e,1
0x6fe6393daa5922ee7cc3fd436b735276967659e8,1
0x6ffebd820d544be5e76ee2a2913017be2785658e,1
0x70094307308cdd5c64f6cc06e7b97caeb06fd642,1
0x702618b33b869bac3f2dad523145aa3ab83c711b,1
0x704557bf51b9bffd908b0695c4aba790f02099a1,1
0x708bd0f7441998b0641b734fbe9fd536cce60399,1
0x709c90b35dcae42bdb2dd65c4620ed83795d5851,1
0x70cda62caad9526d38aaa26f4fc023035000a7f6,1
0x70d3c32529f47d44075279ee6e418ce50b040413,1
0x70e23866ede30cb2b0889bdb15d87fb68a3463fc,1
0x70e794171b17ec0dae016ebb151f213e5df8cd39,1
0x70ef94d3728fb3ff356d14a7df8ffd6e4adfa792,1
0x70f275bb99e26c8275dab9ac843535f8e130bc87,1
0x7136b2667ce11bcc0eb05302e26b1115c62bad90,1
0x7163473f79f941c912480d96258fc8dabd11fab3,1
0x718733a336e9c7db657b77b0ee09f55102f2d211,1
0x71925b4599085d2017b06568a363b98aa63a9016,1
0x71e1e9d4f8818ad60f7bb27fc7ebb20cdfe4b4cf,1
0x71eab2760e640775de36eed89983741ae83806c8,1
0x71fb71cd937b3bcb2d3b9b780ebc890ae2d7d5be,1
0x7255b96e641246283668b059f52377b5613e6e04,1
0x72878f56ed7963e6f979d90b3c26984c8716d16f,1
0x72bc237cf598505dc00d4fcc23b1663e206455a9,1
0x731470ff567eb0d6288fda4a50b7059e70a7b4f9,1
0x7351415de2c2a9287301d76fdd50cdc1181bc6a0,1
0x738024e835b9a94634d4b1c593bb34529b4c688b,1
0x73833186eb29acbc307e2ef86d279d9fb9af7dce,1
0x738aaed7c783ac2de6f9804496d1ace497ab0a2b,1
0x73bc3326cba9a38fec73e7180f59085a5d1619a9,1
0x73c4818b537a4108d3e90dc83baabe80405c66d8,1
0x73d2a51ba95f1e05fb271b3f4140617c2bd9c691,1
0x73e6bc61da58948fe244071b39258478e5bcdbff,1
0x742236257831dc3457212040fbe52274467c2b0e,1
0x7447670d81f8cc85a5f4c5ef844fcea5d18f5f0e,1
0x745461ae3ee10f26e314735b6af8ee41cd313e2d,1
0x746b46d87543eaf779144c8870888119d6ae0c2a,1
0x749e0084f6c6b6966fd08ba0b543e9b2c36dba7c,1
0x74b027a0871421d4400dc5c1d7abbb2c365ef543,1
0x74db22f8c148d56a2adb7da85e667526cae322c6,1
0x753f8dab2ce1e6ec33e2967bcdd4974f60025319,1
0x754b092578eed118344540ac86965d799a2c47b1,1
0x756a803613951c8d9111c6627070b1b095e2379a,1
0x758ae8843e5785e7ce9766ca97c77c93a0336e8d,1
0x7591e51a611741f21d2c1b724767ea07899c57db,1
0x75bc7eddf221222620c3fcb844504b92ae55a49e,1
0x75c0ae54572dd93e49847c19b8b78bb1a4f89cf2,1
0x75d06cd5fde755af7c1f0bc1be6ea4ddf89ce6ba,1
0x75f13854179d1289fd34157c485a781702def2e4,1
0x75f60a1b436b39d935c5b5ab36581711c10e8246,1
0x75f7094c632dbd330ccd396d545a2870bd62bb13,1
0x765544df572b7eb6bd29d74cd015d2f1f495f384,1
0x766e0ac2737e81138bc21ec1f5bc4840ed7073ce,1
0x769a43849b0b77fef26f9438dcdcedf8a7418a29,1
0x76a81f7b365537f80cc871bb376ed088df65cea1,1
0x76d386e7bb0cd5b5bd3f79f292ab1d9f1a806a9e,1
0x76f17e3a8063834f95f74b5ad6dc5d70b22b8ece,1
0x772e43fee24e36a7db42c41bffea73685b62af13,1
0x773a2737c48e910de82d74922ce3e964338fa020,1
0x77424437e320fc70ab04d983e259ca6e6e205c86,1
0x776a41c48718fb41c3bb7b4283a91bd4763ee08d,1
0x77889256ea8e455547c543b6875077e150cab9e2,1
0x77d1046ee44a259cbdd311b011f75279bb7da32b,1
0x77d819909b50a417b7909d9d65014d93cca78585,1
0x77e1b087378d0a12ba3769d46a983a8ae2e61e69,1
0x77e8001a83e5175e36b0d80c11fe8b5a65ab5ca3,1
0x77fad38bdf8c0049ce41804acf61886850888888,1
0x7810c3819139d4b70ac6797131c86eafb0cbe59f,1
0x78207ab3ad8f6e0430b5457671eb05b09857782a,1
0x78269bf22a137eed6c35d0b6e463ce8a2db3f29c,1
0x7826ae9de6ef8219a78ca2d04959cec8abf3bd8d,1
0x7842c0b2773ad16d0e0f00e24815c04f700a7d33,1
0x786f79473027799051ad757dbc1787c103eb9562,1
0x788f7bf7b7f04bceeba50cc97488ca8b2a00fa39,1
0x789f448e51d6b0e99fed8febd67f0c91663ddf5b,1
0x78af47e0e9bcb8c24e27b837b638a241b28d4619,1
0x78e17a2830eeff2e9d89a5c2313e4090407565ad,1
0x791b61e3198bcfbf83530073f89b896da85c56ca,1
0x79296381bd8690482376fe355e0f68dca8bb6b4e,1
0x79571c54f1f464813474e29aa98d5e78fb61f4cf,1
0x797176bbaa77a928387fbc7541c79bb2b0137334,1
0x7983f91136900a15a9cb19088e98bc6f28dc8d53,1
0x7988dd1dda1f35542a2b8d5f7de575563ebf068e,1
0x79cbe4646f08d17f4609b7b3197b859cc96cac16,1
0x79d8708b071adc332ce260ad263d26b89d2d34a3,1
0x79db97b222891bc4f10f16d653c1653da8207ae2,1
0x79e153fbbb246c5ed775780dd19f840f2d8c3613,1
0x7a0531e0eb465ec8dfab983e3b3805a4e294ebbe,1
0x7a1c5e9dc063a6915855247e96efab3cfc20ad9d,1
0x7a40bb3ead4694d1634106e1dad7994755eafd4c,1
0x7a7007c8d07e00882b2d3c499cc39d59d32a6104,1
0x7a9c55a0c4d0e88f18615bbdedad5a1dccee8527,1
0x7ab1a943bf83315e3b82a0851d8cefba6ab938f2,1
0x7ab76d53373b3f4dfa0c33d0ab6917b5aa9e292e,1
0x7af1329ff8b1316ef87963150456ec011e260166,1
0x7b1ff45f74bef1be71cc2532316ab08f0cb03048,1
0x7b2344cb5813edf2f17bb85072b0ead069839efc,1
0x7b3d4d3777c83ff1b9efd46d47be648f7e8472bc,1
0x7b5a8c71e145294ab730af4a653a3663288133d8,1
0x7b5d32ce9743b254d9db045046e5d3430d997212,1
0x7b7d68358380ad0adfe8a40b265efd00b6b0b0ad,1
0x7b8a6e7777793614f27799199e32e80f03d18dbe,1
0x7bab8bdde399a2cdf55e34c54b5a880cf11f99ee,1
0x7c0e738e83f29afce57777e0444f0e0da0cf3d6d,1
0x7caa9f43822e288782e3e8797c8a16774c689b3d,1
0x7cacb2a067488b8260f295df6e890b1179da57a1,1
0x7cff4eca2bc08ddd3b6b2ac597d9bb7eb4a2e341,1
0x7d035d8ffa4ddf40f042f32917c6059061241a6f,1
0x7d2859aa025bf997cd0b026db111f8677445bbbe,1
0x7d34586e72fb99dc455df1eaed51ab286e90340b,1
0x7d38ae457a3e24e5af60a637638e134c97e2a1d5,1
0x7d5a7c8c612b3eab2ef62abaaf6e8bcb3a20129d,1
0x7d68e5482797b92613a2d835cea3a9afd10ca60a,1
0x7d761d8828baf244eac723f82b2ece15ef8adc4f,1
0x7d79d82f6bb58bec35433b58c0c093a04ede93d2,1
0x7db6bb068fd59721e856e32166d2f417b4c8543a,1
0x7dcf7b68b71d4b6d7418b5cd64e97e77769435aa,1
0x7de2290f7842c2a6de338a4c3b8e5ed6fbfc0bb3,1
0x7df7e763e9af74a1dd5041911e2e9b523a8bc3a6,1
0x7df9e286aded4683fd74793afb06b8451c64e35c,1
0x7e074d5983c1d9e4a7000bcf22db39b270e08d3a,1
0x7e3f1509a01dd4c7fce8cbb33fbb7aca935e3e68,1
0x7e4dbbf9e5b114c7da42546beebb893ad22591da,1
0x7e5f079d65f257ccb204851594d821ef5007fd33,1
0x7e79b18e0577b9ee5ef0495adc7aa6f6603c2383,1
0x7e840de1d4987a189eda6440b9282edd452403d1,1
0x7e8608f5893a6a57602a014ab190f7af8069d1e1,1
0x7e95b941de44c58cdbac490884a0389c43f7eebf,1
0x7ed40ac1cf02852623dfa31da77c305334bf7913,1
0x7edb0cbfe1217fe53af0fb871d92c1c627c6673c,1
0x7f01f796e2bd6bdc8fe2240b4f6efd0578168010,1
0x7f27de8cb92173446ebc93b526d1f13af8e27050,1
0x7f2fd2eaaf73ce2b4897566aca233244a4524bfb,1
0x7f3b6c68fc9f2c375fca3ce1d51a58f7be75533a,1
0x7f6d34a4fdb21729ac15aa0ae01b5b47ff2f5f31,1
0x7f7c54a8aae5634d76c9f03818e5f0eb0c704357,1
0x7f82327259ae7b90ea55ca2ee902d20cdb082843,1
0x7fe2e9a69f8447ec0a1e4086267b949ed76ec50f,1
0x802720f980e5f9bd7358ad0bd9caa272d0173e00,1
0x8054e8f8902287708a63856597382820cfe83167,1
0x8073e8aa1bbc4470c720578d507f9cc89e096378,1
0x807bbb4f5c10ea644757369cec6ff8e43d3a8127,1
0x80d13ddd5b619fb89fd5c6bb5ae7bdc1d70e1728,1
0x80d6a984ad73438082660455cb2f4140eec378b8,1
0x80e7aa9ccf0358a559623e14c00947c29b1b7f97,1
0x810310d389775c0977a4a7d1337029f1e70926af,1
0x810479f96ef3ddca99219ffbb6abef0b8734b14a,1
0x81178b143737677629d61d47199d76a32b537d96,1
0x811a728febd5eebccf9922b974f635554f1851d7,1
0x811df97556052472fec68418e18a4663527be3c2,1
0x81522b81d84ea9de80d507367e706f99bc86276e,1
0x8152e2844fa4532beb408ed75a29108d052f6047,1
0x816e4f482bee3b6efc467f7870c89ec891830081,1
0x8171fcf689ea282f9b16e38f20f0ec0851c823d4,1
0x8184368368f6544b243727c1fae2e7ba51eb3d4b,1
0x81845ec7df4fa5776998053457b8c4fb1e60cf84,1
0x818cad69db9c9cbdf7ac094c36475b4f2cb21319,1
0x81b2717ef6bd449912ba112ebd6ec3bcdce92199,1
0x820e9805161a0e627fa80ed209552a8a16a96865,1
0x8237d85f9c1ee252a2935754811cfd16065753d3,1
0x8244fb57a34d01963c609cdf3f07ec7350310ef3,1
0x82674c58211c0134348b016810db718b832d4233,1
0x8281fdc84a176ed9be32ac83cfe3ee60f22b5a15,1
0x828476c8bcb765059899ad98b7fa9db6dd242752,1
0x82887a6c8872f420c701092736d1d67ddfe0fa14,1
0x828b3dccbc9f868dd52dee247cacfdf66d849bbb,1
0x82e8e8565aff16a68e31972755c55df22b2e3938,1
0x8300f444462e55d11dba5823a1584badfc293fd9,1
0x831cfe8bde94800c837b8975c05b86dceef4ef2f,1
0x83395b5da7958ebe579a778968822b8572a4fb7e,1
0x83471f757a1d1868995acd552a2df8d59f42abaf,1
0x837690cdbfbbf0914e6c23f36236459d1b4dc3e3,1
0x837b24455dc3796b1a91707741c8162fbb71c5d6,1
0x83ae361e05a56254ece7faa9c95d061cb092757f,1
0x83bcc884838597c4b1ab15aff2d6a9e16d372473,1
0x83d3e0bc6d07f991cdb54891038c1058faeac505,1
0x83d742714a6f6481a0e1304b0734a72df0360a51,1
0x840b490438d9ca67a3dad2cc9ec678232f19cd29,1
0x84124a7f7fce673283e503f3a632a773b0f59285,1
0x8427221a678a93baa14dd9dfe7c1c70ff496c6c2,1
0x842baa3c26d0502ce4269b999a40d09f7cb4cfad,1
0x845a793ba139f9fdfb0a628f59cb207d7eee0495,1
0x846281119f1b497c7dbdacb982c5c420e633acea,1
0x8469b7b08d30c63fea3a248a198de9d634b63d70,1
0x84a6eef2246709341f1c36e77da5e18031ee184f,1
0x84b2d385df07b6c7fb6b158308b22684c3a74ec1,1
0x84c6c8b5ad214fea557a3131010017554b0d779e,1
0x84d6dbc1834a727bf10f8e629c203640674d83fd,1
0x84f7208acbd382f1918c5cbc738aafb39e55acf6,1
0x85062d7b2f84b6a9dd3f71f46beb930e20978996,1
0x853c210b5f6c8822823353cc21b65a32bfd6a75a,1
0x853e1e59c056da9c3bbf4e780ac0acbfe88d999a,1
0x8546f08c578b6c64af9ad1d3bec172f6787b5e34,1
0x855ab77e437a45d814b7b8bb8b8be38334fcdc4b,1
0x855ae7f1e0ea6f754f4d30b92cdc43a7b045a0b8,1
0x8581acdcaf078db5c08de91278ffc06c9a8a003d,1
0x8589cec9b045d98035f3d51c02726f9d9dfa29c8,1
0x85a494506eccfb7f41ece80e62335fa1d126fe4a,1
0x862cfa785afc31cb182eb6f01b0fe6e649ba0657,1
0x86302d0e37796eb8871ba57303b97af46ca5752f,1
0x8648bdecb9604c69c437e4945e2b185f55873325,1
0x8683be6ebaad8d46990ac19ac49e19fe3dc6db83,1
0x8694ec6954a576d42e5a95488ae2c175a959f04c,1
0x869782775fdedcd714ebb591cb2ce3f2bfb3bb07,1
0x8699793e22403b355185d8ff76e7392f98aafa46,1
0x86ba22e3e4a2ec1ae984e9a53e64001c7631c660,1
0x86ca24024779a431176844d43c73699a7327a7be,1
0x86d89966f507bbffddf9a5dff22ef5609b0c80dc,1
0x86df51e81a57ef9a2fc0b6d6ce4bd89c17876266,1
0x86eebea10469d0db96d20e4ff38df0c9148ebc99,1
0x8753982d800bbbf1faf478ef84c3e96f2775d3b9,1
0x8766824775f2995aa89e77511d57ab75db1970ff,1
0x8780ca8a3a40534d4307285c1ba0069af0c80563,1
0x87cef391361a4168148333332fbd5d2c621d3252,1
0x880b1b40f54358525702e50f625cb1167a38e26c,1
0x8854ad314fdbcc275eb0d5f4fd6dd86ab7981cce,1
0x8868e984009e484a37ee63ddf1bea2531a099aaf,1
0x8870d006205dd2b7e231678cea649a69dd38956c,1
0x88b988be0bb7780f727363f8a72fc6c08e4302fc,1
0x890109e65718a7b6011c73c37cfa85db5c8b742e,1
0x8922f786129627c142374c5085db11046a2c16f1,1
0x8943a74d4403a1227db19b9e918fc518dea1e6d2,1
0x895d49ea015b1e9da4af776239d0f8b029d660b2,1
0x89a900edb010d064102ab73b435b7031a2d5c735,1
0x89ca22fa4355d45cdd12e7218878b29208a90fc9,1
0x89d73de516efa8bff287925f8e593ab668779e15,1
0x8a01c36c1af154e0573bbe155fe3a053e3d3ae78,1
0x8a17ca2bda4e88ba22787edd85de72eba34f8661,1
0x8a1e3e5aebee241fa39e52fee54d8cbcbd420280,1
0x8a38f87be1d3ff1edb3a4ab8ea3fe48482c837bf,1
0x8a3e112d33f41df9a010369d4c6ddbdd2909389f,1
0x8a4a2c7b84e973891f48b635a453090e57564af9,1
0x8a561a33a2aff39b804464a4c5b9b9dafc91f370,1
0x8a59ac1ceb1fc4a32b9c6e0f7b7891caaa28c853,1
0x8a6003f75845a896925dda2d91d1959021c1be33,1
0x8a730bcc5572d3cb7f7f45568161fb28b3242d15,1
0x8ab913a71a9f181c4dfd051a52a9ec91dce41855,1
0x8ac2bdbebb02772a8846e9cbc92712908fbdc1bf,1
0x8acf5b94245821ca095baf9606531c3dcaa0e226,1
0x8ae0d33c8b960a82a7ef52f950c541e4182d068b,1
0x8aea4d2a686a82ae455c09e372920a628848f667,1
0x8aef9e059bd2befcf7a39d494dd619849c95e8a9,1
0x8b0365c980f34671bd11628a7afa00db35723a16,1
0x8b0f658781ca00adc7ff19c73f0b989cb8f51113,1
0x8b114334112200173ea00a62263ce9803c5c58f7,1
0x8b371f753584c276845f59179d9687c3ec4026a0,1
0x8b38e93e21c3f4ca4dd41d9f86a0515a1560cc8c,1
0x8b403125426edcc52326023e3713ada66069d936,1
0x8b596e7e430924db7f26e539c0a2430865676326,1
0x8b8b87416f1af4e15e21052c13b9ae0d73339069,1
0x8b8d75ee29f3b20ea647da8c99f4d2e0849478b5,1
0x8b9e86d9a057bd780ac56bf7db325586d61cf0e3,1
0x8ce412625a74df332b2ac44e9c1cc113a9a87d2f,1
0x8cf0413f370b009b1dd7ae0e1189bf3101baab53,1
0x8d1bab837081efcfe3469c8f99a334fb0fe69cc9,1
0x8d3925584d117dc94c83e19507f73f0f4a68ffe0,1
0x8d3b015a1a2476478d6b5ac51daea17a1c9f027e,1
0x8d3b44bd33a5e8d596c7532bcabcdccf53dd4f6c,1
0x8d430c5f9041091e1dc7c78296f4f15c0b1b5582,1
0x8d435eb175757fa47907e838bec2fdf5caf3fafb,1
0x8dbc4db02d81198ec0eeef1ebb19864f42dd1ff3,1
0x8dc47eca1062b82e13961273290dd234fc491a66,1
0x8de0a7f3b9789921be6934fa132049790a9d8b59,1
0x8ea8373d571a5f29f35b32fa288ab2dcbb29e8d7,1
0x8ed86391b184529a3b2ccaa9c880f1821ea09c60,1
0x8ef5b9f05f1c64dce929706b9f67a2ad179316b0,1
0x8f59bf1cffa87b600f3387a9cbcf6f01a3776265,1
0x8fb6c453de2b64705956c61199e1f6df45cb7a2d,1
0x8fc54e3d572012099f3f48369657d58f653e92e4,1
0x8fdadf499f4413da4b992b8b4a1d3caca2f76b94,1
0x8fdcac5b79e2d517066e702814910428a0d495d6,1
0x900fd43f7dd818fc0c37366cfeef9a81e844f208,1
0x901caa9e61bb685a9791742d6454d3a74fab1c65,1
0x906bd580b8b593a7cf11e44da1575156c6f469af,1
0x906d3c28dc17e47c71cc7ca712c8df068df396fd,1
0x9078f31071946b1fbf8004bd86faeecbda018fe6,1
0x90a5d466c57be0991bd43f48c8fb6c47a7331180,1
0x90a948efd36f4cdc8f2e779c4abe76dc23aab936,1
0x90b56d0e27e74c3c5e66ebfcaf12dc5ecf0665dd,1
0x90b80388d724fb6292a27699e130fb8f4287c166,1
0x90bac68bf504054e75a404821287473f89b0c99c,1
0x90f1fd5464053f2a500642b6e0d407cb18e8b6bc,1
0x90f99593761048f38e1b05ffc9807c50260ff578,1
0x910201976511ca132c49d4d299a17ad7bbc0fa3c,1
0x913de5ecf17fc7027950f0a6dc7c42a72ff02783,1
0x9144d3dd30e5b951d480e0977aa9da231bfe92e2,1
0x915890c9d0f224aa11f610b13f976c15841b37e7,1
0x9171fbdbdd8bd4186a9821cd5c9cc6d2b62cf302,1
0x917aec35f9a867326a7484cd110ba52ece9bb6e2,1
0x918908b2916c36b6f0ae7c5073c25b313f4b76f7,1
0x91a6fddc722fd18962cbe17f140c15e095cf82ec,1
0x91a99b461aadbd141c0e789bb8e83551fbe59638,1
0x91f3acf393de794e7291fbf36dfc408da617cff0,1
0x91fd3d03e31b0a424381de90cb0d575d581a308b,1
0x9228f6ab228b37b0e3935a446331698662ed0924,1
0x9243437ed07f97983b88ae582b8efad6ac6510d6,1
0x926ae2eaeafef25eeda851354909fe1a8cd89478,1
0x92b21563f01980f74c6f1fcf438386fb320788b2,1
0x92cbcd133ead3a6b4379488458081a2d78a00554,1
0x92d65373df9a108593e6f389168276707a3600a1,1
0x930ca80ec91fd85e324a0ffaf31872b97679cf36,1
0x930e11d6e415f11afb687bd67abbad1791888888,1
0x9386b5249abf30fd534a12ca0bf33d5fefba8b46,1
0x93a036871c52cdc2b551b7b900f9005678afa721,1
0x93a6d60ee0a7059d9f508f0af995581278d90e41,1
0x93c550d21aff24b71d9f7aaffaee898876a01459,1
0x93e4029c26ce27647fc41427b69caca1cc4d2e56,1
0x93f675ad08b8d373284f33e3e487536833c6a862,1
0x93fb4ae4e6bcc506c9bc6ce6b2707c549e88370e,1
0x941c479a6ad50c41e4bf8da2f4f353a509ea73cc,1
0x94484f0353c37feb11da98985bd965cff7b68830,1
0x945ddc5135015685e49624f2d57ea22d766883b1,1
0x94aa50fe3c1ad32b0419004eee4f278ca3908876,1
0x94adc31b48058c288235f4211242ecdc9641231c,1
0x94c2f8d97bd72ae4dacaec36096fcfea20dd7c0b,1
0x94fb7f46728d4030e40b47396eba626fe2e5df50,1
0x951360e606587ab33ebcad952593b2fc99d68c3a,1
0x9545bdb72cd53a8cbda9bafaa89532cdaf4ded4b,1
0x9553803357f9441ee426e701a1bd8031f814fcf0,1
0x955ad16a47772fb3aaa50e744665ded1c7776fb8,1
0x956431d2beaa4ca636796030e8ef8162983218a2,1
0x958f68a7e93bbf275329c1816556f0c3814c2eb9,1
0x95b043e70b6fece9b4ed4a28c5e4ac9bffa28da8,1
0x95e22df50051d0a7d04c22c92c6c7f28638834ec,1
0x95ef28c0d1c01279affa193cd4670b621be06c75,1
0x96100ef2589bbc74fed06792b7e7e032d564c4af,1
0x9613bd21da36b179c7d7b53a3d539299e3c0e643,1
0x9615ba8d3c14583de21c120161b87b8d7d45a873,1
0x961663331179ee95212046ecaa6c2a41b47cc479,1
0x9617fae6cab9e33e55be5d197e39d456ed9bbd59,1
0x961c5e078385a5a10900f85f4e999ad976f4049c,1
0x96416eb00e41f515a17712b4d26c7f0f05975718,1
0x9648a044f454826c44d9ea466319d17bfb06ceec,1
0x965a02bf94d110604c69df8724c7f13629d6e714,1
0x967e63dea3ba67d059ffc2a12b7e9b54984b5d41,1
0x96c438c42e743194f0221c260f37e59a6ec51a76,1
0x96e799c03c4f9d85f843d7faea5aafa258313f2b,1
0x96e7ce6920758280320fb9908de0bd63f7704d7f,1
0x96e7ddae75ef46fc571f0eb06152120f07dd402d,1
0x96ea81a5fa9ef475c5ba167fcb29b9f50fcc3d96,1
0x970b52bf8964934e721f655325cc946e4901be6b,1
0x971e207f8f63a5572ae74a92a48465585771db34,1
0x9727938aa47822147a4acd534b088634cb23a4a8,1
0x97411a7fb86c35e0296cfa9f859096e60f26420d,1
0x9776c82c8a4e9a388829cf4bd78d3cc7b25e09f3,1
0x979030e6883454f3dff091708717f64e89a81e78,1
0x97a33448d9b9645e6c8a680b58cb4f9ead7bcf8b,1
0x97a33c4c04c5fac124ee815565f5e5bd2a030e6d,1
0x97b5db8ed500415bdca8352a1895078eed481762,1
0x97ce61f04adfe1c3c656f9badf8c28354783ef61,1
0x97d2b1b4a249ec77d56fd1576546996d14f7db1a,1
0x97d3e27458fd05b968350847a37a494eef650f1a,1
0x97e56ec129143bd54568cb0928ebc0762afa16b4,1
0x9819e6492bcd5bdca2fc6f11cab6f59ca317e923,1
0x981c04eadc27558c0a83db03e9714a46b1b78d40,1
0x982b564c6b98f89cfa24ec072c15d9d587401f26,1
0x984f4082b553ac851c0e24ca3f5b741e0c1a3c68,1
0x9850e88e1e1c649212e296519c986e77e932ff4d,1
0x985ecd13bf225bf43967948ac912f6da953945c7,1
0x9876449de01a64a87f765aa72651cc795e44ef29,1
0x988b667a6fe72ba38d0215b5c296e3062f6cca6c,1
0x98b46bb8923d293767f50301de0b0c158ae3faa6,1
0x98c077b5d62408020dacf6d8de9b27f297411caa,1
0x98d285e030bb281cb4c12ea4f8ced5980f76ee98,1
0x98fd8fc30de92f4e3f9b29009690503e95bf73db,1
0x99147d124479ed8523d773edfd89a2c35ef7daaf,1
0x991cb145d63acf56bdc47231e62e695a40af7634,1
0x995052e756d2ca19c9a9750db3520a485cf80c8a,1
0x996fef87a19401e7f434a6172155118e41229467,1
0x998cd437f187f924ab2713a2bba037001a812bd7,1
0x998da55e08d0265d3a228cce77f435e3100b10a1,1
0x99942b4c526ddc6be6b06c8012f3bba9ad7f9b4b,1
0x9999db1643d687b14a0d2d82065e10fef51f3d7c,1
0x999e2c2c4e7f265c16015bfebb788c5106149803,1
0x99b9bb23d300dda4a1dc9eb8d2333704b235c165,1
0x99cddefda933f4b46c91455050f1c948e4c353a0,1
0x9a22c60447083c99a238054b3c722ef1f2c6f23f,1
0x9a88a8766c1915d73d93a6f6597e74e670bd7085,1
0x9a8a2f0ea931379c374aceb391e611cadd2f4b87,1
0x9ab17bdaa2ab4a70aedd11a2a2641a14d5b23ddb,1
0x9ac50221495d6381e7a86292adb6aa026b2b903d,1
0x9acb177c307fb6df4518f50ea763e988fd30952a,1
0x9ad82cf8411e352cdd771febe5f60cb4293a1077,1
0x9ae28ea4d9e7c1cb3751cecd6351d3862e333cc4,1
0x9b035832b5252b4795a500363741145b727444ee,1
0x9b2942a46e23d9347f53c878531787bb34bdf807,1
0x9b43d999afca2e12a886291502b1133fb36cacf9,1
0x9b4c3f58cac4c293a491dcb6a06e5ef227e866f5,1
0x9b897e5346d08b86fe25b36ead8b088fdb6be9cb,1
0x9b98fdc73e3ce39b70406e34766df558339c2c90,1
0x9bc33e53e465d6f1a6ab3bedc433d65b34d3b9c2,1
0x9be5506636024929eb9f47a57a1e1acd78da41ee,1
0x9bfff4bb48e39a14dc945eb8707b2a6ee8fdec6d,1
0x9c1711b7126a8588474957c5dd0fe69c50e57e49,1
0x9c2e4a7ad9e015905b54997ab239248e4a673840,1
0x9c548d74070afec7c8fa5548e5c4d5134c29a873,1
0x9c63401e8c127510542dfde6a07441bf91272c5d,1
0x9ca7e0521080ae35b4e2977c70370f5d04f6d36e,1
0x9cb058dcaa9b09738c5131780806be7c8b39426b,1
0x9cead203526771941747ab3f23b3cc9c45a61f88,1
0x9d2595c413d3194160fe4e340410566867e8c9af,1
0x9d3bea10a103635776ce77377c3079613b3238db,1
0x9d52127b5ec907e2e8f6ab4c54f99c4cead8273d,1
0x9da500968598f76373da4441713642e04fcba5ff,1
0x9dcb98604ebf7e998404bdbdd323eaf1d5829798,1
0x9decd2a74340a4f22d2dbb73583c85c898447589,1
0x9df8a3b6eef03082489449bb6bddaf4ef61f9bec,1
0x9dff2856fdf04fe8247fbe7e9a6a7244a73a458d,1
0x9e13aca8d27651001b3bcc0288e6097e9188e8dc,1
0x9e4f3e4352be52d66be0222730223e876c68a58f,1
0x9e5d4da50ae2d2625cf62e847c75e16575c7f550,1
0x9e853c307667f666a2be3b19209f7dcbdae305dd,1
0x9ebaea5004f4aa8d238faf02ce87d5874ef5bec0,1
0x9ebd0e5e26d9eb2069e4d4133f08615d1a340c38,1
0x9ef8286006d73a5d687ee10675bd84853a406f4c,1
0x9efdd13e793a503c9b04c6d37a981933066697d9,1
0x9f128b52128027dd6ea9892f741519979d36fa34,1
0x9f32afa2dcfcb7f68a4fa3787b409572d2456df7,1
0x9f3583ded9ceef33b058deaa4d6e127728b4f5c9,1
0x9f3a3c303c8c365c3a96b6983958499706cc9252,1
0x9f8aca2c24439763b90c753f0112c11fa9994be4,1
0x9fb33d9c371238015a5cf57d14becec6da5d6638,1
0x9fce6fcdf1f17821deb1a7e078c3c7941ec465f4,1
0x9fd7a1ab41ce05cf36c9326b40f0c52c92398eec,1
0x9fdabf042ed7018d7f08ec772d5677165fbfd9be,1
0x9fdb471b3ed1b8b971838de0716c7e0a91356593,1
0x9fea363681bfc174b9c646045058dc5244a1aa19,1
0x9fedbbc14302838837284595504ff15487a5ac85,1
0x9ff18801881bc164f4b7a66f6f78c88982ce2d69,1
0xa064c4304381e9bd9a650fdc09547ea1b58d772c,1
0xa072e41cb9259d82333c5d2a90655a6de45d2b89,1
0xa09829ee9354711fb9d03632dc31c8422a5da1de,1
0xa0bdf16f3c91633838ad715a4bc7e8b406093340,1
0xa0f1de4882a5cd1851989d9a1e9bbe9b4604e9a9,1
0xa11d442e1cf701a27431f695ddb95e21288cc7b3,1
0xa11e47d39f76896f8c3a6c629c20cdb634afaa4e,1
0xa15d85757902199beba1e3c74e26a7cc590458be,1
0xa16711abdfa7535f3de3542a834be60718353735,1
0xa18c58d8925c27b76fb57ff819d11222c1189775,1
0xa1bcea2e6782a4d9ae291cf115145c7f943f2df8,1
0xa20da7f47e7d97425f5cb21a05c7ecc28da33959,1
0xa21a6f85e9e782427491c20361a84ac6b816fa38,1
0xa294bc0613e9acb9ef74adef07f2a0bcdc9471fb,1
0xa29c40a8a17f6478121a870c0a9b7fca78e2ae41,1
0xa2c3617637b821362a24eda49ba2f331c0fe53b3,1
0xa2caf890b285552bd946b07b95b96ae6025f92ac,1
0xa2f20772503f77c4d5ea28002bb8b7b1ee39b5d0,1
0xa30f4a337b9e53fd07db63f8f498fde92fa102c0,1
0xa394daabfa2f1c23db0b0c69ea550f9e6459d405,1
0xa39d385628bd00438f8a9ba4050a25a0210f84eb,1
0xa3d222b917c3c5b9f9d570ed677caf4c635aa941,1
0xa3da07495c129bea28d0bfcea1f6c65fc5a6b760,1
0xa3e82196f7f567a1d0874bf70a7946ce9eef7453,1
0xa4074e91a18c69f53226507056a349e7736ee55d,1
0xa41617b2b95aba8c64dce142440b2399560cf684,1
0xa42c95ab281f8a9480fac75379275fce286dd226,1
0xa44485865165d13d7f1db22a9ca9440cfac48f75,1
0xa48502ae24e2d707e80855985ddedff9ff5af1c2,1
0xa4aa358ca74881ea0560b574860508b98556cec1,1
0xa4b2b9f5777d218fd78089e71a7c605064bf5195,1
0xa4e0b1338ff0edbe50ed42b6818bd0b379682bc8,1
0xa4fd5f2d9a416ac45effd3b953adad5de9bdfc90,1
0xa52737598e3338847aa7b3036deafa36535869fe,1
0xa5296fb2f2ae223edc51173a40060aa21bbbf144,1
0xa539818a8b550de30aa1c7c12c66ec62bdca1463,1
0xa551b27aeb7e6cb6a8ee60a0774eec8ba14a47d8,1
0xa5894f85b5bb5145a69c3f4a41bb4918a8463701,1
0xa597863c887a5a88fec4316e1ee6f3cf3751e81b,1
0xa5ad714e85e55b0e9de1c94cc11aa9672c84bf6e,1
0xa5c22edec6e9c5a1eaba778f2327430ccedfada4,1
0xa6467d96ba67b179333cc338389c2cdf1db6736f,1
0xa652a4820674d6f3753e4b917c2841bfe38bbbf9,1
0xa6775fd1898be2ff33f6f84c3288bad03f06edbd,1
0xa67b621ea4d0f4fb817eac56013cc4b49f818e71,1
0xa6861fa64f6742ada106aa721de366fa520a5b22,1
0xa6b401a52f59e23ec63c92312225ec0c93908607,1
0xa70acd9593583d309abea05c665beef460e71386,1
0xa70c0f6bff4fd0002459b75c5349a5fa18f37303,1
0xa715bce36aa096117821dd3c0844bf6ddd35be1a,1
0xa73769aed346319287410811639ac3bec8464d55,1
0xa75e52dc9616c9b99f28dbf9d4a2db16dbcdb5d7,1
0xa7625e30eb5356a0b777e9617b55a92dddff2975,1
0xa771ac51301df0ec962474298ad1b8bf5b3c68f1,1
0xa772f35115eea9ecae1c98c7147a1240d5dcf7ad,1
0xa775aabcc4053a6f64be18aaa14188f066297485,1
0xa7a2bf082d4b74961200616ab6fac8aabe429cc0,1
0xa7c444e1514e4398e72f3df98db2072c5ab358a4,1
0xa7df13e94c6f569f6322179146cd21ec4fd9d378,1
0xa7df9201886a8a39b5c36b17c8747fbab41dad7d,1
0xa7ed45b73ce44f089cba2c11a7340ba11ea299f7,1
0xa7faf09d160d777c98beef579087266f6da167c9,1
0xa81efd1ee43e0cabf368e61db250e1e5489a441d,1
0xa837c1e2b87aab4d28fee399c6593b66422fd5d2,1
0xa86cd6bfe453ad3bd3bfbb263d223a1a39eebeab,1
0xa89f52874836555c0dc5e183e4d1c6f04c0a3f07,1
0xa8bf05b33c1d02c7caa3061ac0d9ccc32edce883,1
0xa8d9295af65a0d4a803f2f6cc83ccd7d614e97ce,1
0xa8f2fc7ec0e73cbe7e8098477f4470d7749b1b5a,1
0xa917eafc29092ad3a1f1b41f1f525479b33ae6f8,1
0xa91d6b3b06043296a7003327a31af8ef2a598c02,1
0xa95f4f51cc7ffb04e97ef0ddc9b6060c9200ee80,1
0xa98d2867de6b1dff44fe4b355dea098e81d06aeb,1
0xa9a6812f6879d3c6c9baf73aed188e426661998a,1
0xa9c90e6bfe53e43a03f1ac917a1d2e4b30f8e048,1
0xa9cd92e90f1e09e74d0753b4bdc18cc00b5d2f05,1
0xa9dc2c9ed998a193c03f8f112227c8e32acc7dba,1
0xa9e53af8f973f997b303650c3d410e66000b2c0f,1
0xaa2345dd13fa9a5b398406a59f6b920365c770d6,1
0xaa2f4dbfae7eefee3c9e4a587593baef2e1b0d55,1
0xaa3c856e868ff9aae26458b0e8d5bfde995b77a4,1
0xaa5ea948fcbd10132b2659cd2181aa06a000c74f,1
0xaa66853d3071c98b2b3c968d2ee8cef6c77cdf61,1
0xaa740ba8bd56df3ab2cebe6b88918d247de5f0ce,1
0xaa91b5fb20bbc0d262ea35d557e74f6854cfd810,1
0xaab248b7d37b6c93e7a19c704e46078ab985d078,1
0xab078f1e310c3f6b9a6b6c91f23c6cb5f09fe61c,1
0xab0ac99d34b23dbfd106f539bd8a265275f28c87,1
0xab300cd1e9cc0c9142129547406237a0dad34078,1
0xab68e2ca50cb56e82fdb9ad31414ef35ec07df72,1
0xaba218e127ca4d471440eb54f0bde32177025a4e,1
0xac09953501f72ea0ca7ddf4c79bc675a6305ef0f,1
0xac104d56e4f8e0462f8c001ec7dde4c68deb596f,1
0xac5e74b3daf27d1cd07dbc09162eaf65bb09c000,1
0xac6979cae89e47262cbd5d2c481f23a6a03db25e,1
0xac9ed11e7420cc048f796e66a449d463793f40f1,1
0xaca8bcba936da66afda58cdf44f54f693e83dad6,1
0xacc6063f57e1f79d61faf9a22a51fa910541a1e5,1
0xad01c28af53991eeb9af7b8dbba83331a9fcbed3,1
0xad0a91eb47570ab1a45ef1756d60fc5fbd74e14a,1
0xad26a8d42e0f2ed90e983b1b24b9dfe43ef3c85c,1
0xad414c5317b5a746c1d3b15ce1f2e8cc1b7cd9cb,1
0xad5aecf35b6d2d3e93ec10ce8a853debdbe6c1f5,1
0xad5c968b1a3f77537632d5c8931d98bb2c9e281f,1
0xadbfaefac8a8473cd74034c3bd543b0aaede9a0f,1
0xadc3546ea680e21afa7d5d45dcd03f2f8957241a,1
0xadef8fb0e64d9808e273edcb690fb94228083389,1
0xadf472641680b574e1f62e919d08c99b5fca40d0,1
0xadfd7fb4f87b1eae0146170a7dbf70978181e0a0,1
0xae393e350161e774436efe0baf99c9f3d675f93d,1
0xae971848e5a1b96d093c2bcca730de090225fff8,1
0xae98d52e2ca15224a89970d461143faab5830ff6,1
0xaebf6ad4175a23533d6934e2ba3962cd11c87f14,1
0xaed14954a95b1b1dd4771cdea58e0687433d7146,1
0xaed9181b1e47aa9b01b7136eca773c8904617f79,1
0xafa1ac2383f004a81ead7435e6995fc43a650651,1
0xafda0bca77fd0bff88c761bca75fea64ea2afad4,1
0xafe7309fd01a5e6d5a258e911461ecb9558fbfdf,1
0xafea5e85c302acb0c30e2d1593f0fb2aca99f582,1
0xb010b5ee8677edebc0d61f26f795ad95a1eb8518,1
0xb0151d256ee16d847f080691c3529f316b2d54b3,1
0xb01522eb149f8d95677b59cc889e616ca083882f,1
0xb026c2df5338e86a3dba08a6c1dfb7881f17dd85,1
0xb03d065b057048065e84ac5120a6a499441cab80,1
0xb05a3e3d04c0f2d6f8336149767c3ef42c405f3b,1
0xb0764b8c275a9733160ec4fc5c76bf313e8736d9,1
0xb085030e936a9d564f4f159f390e1bc2b4473804,1
0xb09209db8a7e4077d10a8aea927ccf65242cfd9c,1
0xb0a7ded5760660133c8709e8cdecb526dddc6f00,1
0xb0d5273e0752fe9e6f0dc5d18ff7bb405bda8207,1
0xb0ed0b2df02f2ad71fc43c04e98c377b3b70ad63,1
0xb11013e17dd621020353f146174665de500de1aa,1
0xb131d8b120736b65ee36e9386c8add779550b347,1
0xb13c945be8530fbc801c4121153ae07f84f629fd,1
0xb1470d327693fe8e4b7978eadc630ca434aedf39,1
0xb159f6b27d888e44c56ed64c017a67a7d6a4c006,1
0xb1b221aeed32074405831df06876da5dcf332283,1
0xb1ba9fd684a05b065b0f92a4dac6bbe3ab815624,1
0xb1d8aa22f6f56ac0cebb43bf0166b4b86806823f,1
0xb205372a5003abc3e8f2c5a58f154345dc46662e,1
0xb210b520022399ff8ab4ce19c26483ac917112c7,1
0xb235ba58e93ba482b19e81d66eb001cd6ffd601b,1
0xb2ede341f94f11568b5e36d5f2f828d4bf36872d,1
0xb300b114bf8edbd3df6e52f71525e20e1025f7a9,1
0xb3228371b06a274f1d474e7ec10c73263215a35a,1
0xb34e24ba5c8d0bb5c06f2afbf472a2e08e133a11,1
0xb37d5a68c3d1b8f76e222d5b2078bf34ee1d5bc0,1
0xb3b615ab7916f12ef7b1c889660c2c8a3b361afe,1
0xb3d740cc52971143e57c220303eb9f35622881bc,1
0xb3e0cb0d318270cbceac234d864eb50a9d998e90,1
0xb3eec5dea0c3bc6adeb56a53c6c54601e886d2b3,1
0xb3f0771103120f80ee3f2fdedf9c856a3af683b1,1
0xb4221aa984cca1fc3a2fb076dc9c41c3c47be4cb,1
0xb42573ddb86b68429c8f791ed0f2b79d2ca95588,1
0xb4328f01ee30f4a17ec36f35dc6469f442cda48c,1
0xb43d8781224697674bf42adfaaa7a0fdc4ab3dc6,1
0xb4586260711eba2a13315ed99b501f9af3e9ab99,1
0xb4749e39035613e0917e6ac4fc97813ae0ee4c2c,1
0xb4c162af0531cfd40dad4c98fbfab38985c35b1f,1
0xb4d5c4f0567d4c91d24dbe1dcc95541c28e5672a,1
0xb50260f2076d744a6a87d4ba0102fa8770c08e34,1
0xb524ac0d100f6d35a82ab5a1c78ce2edf5bedc39,1
0xb535cfff442da29720ff8d2571ffd53b384f6086,1
0xb53b495c5ffd34b96591e7d9b0cd98ab297a7d0f,1
0xb540b333fd631f8c4bb389c6e81a99dd50c811c4,1
0xb541e4fc5976864047b2dd9f0317c35c8c551026,1
0xb558613a338546451b3f967d14082762af8b8dff,1
0xb568038832905e42523dfe69dd980a2af87ffeb8,1
0xb580efa9b45090c26ff70dc8a2bcadf0b6b09510,1
0xb585b60de71e48032e8c19b90896984afc6a660d,1
0xb5a5f243b3830e64f1d5c9eb1028664f881931f4,1
0xb5edccbac9484d9888e944890f08ffd2478c043f,1
0xb63c8f6f2d1bd1ec17a063c422b4282d871704e8,1
0xb64a8b4958b0b6ed34bac93de8d927ac7c67a8c1,1
0xb64c53fe28949054dfa164fd6dc302b94f699755,1
0xb64d0a3e2be4de4289e83dadb658eedf95819b7e,1
0xb67d670e943699c5a0d722a8ba6708f23531afc4,1
0xb682ef20de74af004cc2c418dcdc5ceceaf06d1b,1
0xb6848d4d7361830dbdfcd3c7224f29a62eec39e7,1
0xb684afe21d28dc6bf235ca7c7da3c21df19b3bcd,1
0xb6d089f0b4865f922fe92815a1c90b53598e5aae,1
0xb6f86bd79d9d6d3502666692c1624c18913798bf,1
0xb72816f65d140f74b7b051beef80f77aa77c908a,1
0xb766e4e9df2c2117eaea099fbad15b4609f8163c,1
0xb7b58b3f65122f7e94adb4996d65875ef31f714f,1
0xb7b78c45036d5a089ff85d39a0e0836037d1dc52,1
0xb8097eb6344225d3d160202058640fd0e6f018d5,1
0xb80b853dec6378a654fb92f77f1a3f86cc0af593,1
0xb84097cde5ee87f9aacdb10616c3576c3bc18f5a,1
0xb8665b658ff16f5cc097f48d4df21b9b7441f6d3,1
0xb86a9791bad8e0953751fb25f2e7e86bc08311ea,1
0xb871dd5e5672d9eb13097350d9074200e30bd3d4,1
0xb8ad7a40edd657123e08f43da3bc6c6c4ae47d96,1
0xb8da06450cde4fbf8caa3a616a2dc222e3f2902b,1
0xb906be68684aa93b17a39362381c06fe45c0f51a,1
0xb911387d049425c97776db1e408a1d3d170bd551,1
0xb94e06eddc2fe22dc5e68180f883f411aba02127,1
0xb96ac8c8126598ee3cb61d5c9df53348646771b9,1
0xb97b901aee5299625d0c7e5375ccf1f149b7df1c,1
0xb985ccd9ff90db256b15f7feeca5a6040d734597,1
0xb9bc49eda268327bae036d0ea13d3d893712283c,1
0xb9cf535011a857e6be1916a67e488d7bfc572cf7,1
0xb9d2f5edcabe48f72fdd3c3abeb6b8a89c2b8723,1
0xb9f6ae4b61a78b3402d733ef0c921e528e275010,1
0xba8f4a85d447b2057d0e58d9068a56891fde29b6,1
0xbaaba861464f25f52c2ee10cc3ac024f4f77812a,1
0xbaad3fde86faa3b42d6a047060308e49a24ec9e7,1
0xbabdfe25687013438a7eaa98cadd777299d802b8,1
0xbacb5c0cb90e23ff91c2aa4c9586dd3919a872ba,1
0xbad28fc969aa06fa98bd49a71d72738a899da8a1,1
0xbba9591d615be82f6edb3e4f78cb7524024c7a03,1
0xbba9fe2f664ac631f4eedba1d6d7094fe7759351,1
0xbbbaa9b374136a2fdef831758fd6d00f0aa116f5,1
0xbbe483d345a9a0e4df193a6864db789db73539b5,1
0xbbf2f7c4457edd35cc61168149c05440d0f6b335,1
0xbbf43cf5d72b243b775cb2731089d6d46b2fb395,1
0xbbf6e2a52212cbe4c544b966c0af396e47957609,1
0xbc01e2e5d8a2fd1a0d347c07255664e4b7b5f944,1
0xbc0e271a1c61a07c20ae1ed71a620fc52b12f930,1
0xbc1eb4359ab755af079f6ef77e3faac465e53eda,1
0xbc507ea4d12763a93bb862563da0ce3ae638e66d,1
0xbc5a7cf988f7e7e8f3893cd0ee1d0786cd4af889,1
0xbc5ce2dfc7a89d597c26f556a9670a99b73f2e0b,1
0xbc7b2461bfaa2fb47bd8f632d0c797c3bfd93b93,1
0xbc8b805c84a3a76843fed77ca194f3467c5feefd,1
0xbca73160d72fe93879c01f33836a8bb4fd68232d,1
0xbcb706de441df5dd9592def6cc2cdb79fb1af2ae,1
0xbd2058b9a065a426a7f7fc81c9fd685f6859fc0c,1
0xbd547f4d3fd65f066c5452ef6e20fc2533373835,1
0xbd6a3b687176ea8b7c1a3bc5d26fdb6afa445815,1
0xbd9a54c0cc23e75029116558d5bfc8e234743b0b,1
0xbdd51b66c58ad97109825cddfadb4525b6118b56,1
0xbdd79425b425baf6d68c92e9fe8aafdb82950753,1
0xbdfbce56015eabf1bc196a6ef185fb12048c684a,1
0xbe156de8881c39faa536ac08542a55760c276f25,1
0xbe2502ee5484b5b0897d9f0d72ba4280bdf179e9,1
0xbe4926faa3aa66742594f0468a901da2b82b36da,1
0xbe4df407f8e5515a1527a054d77e031cd7fad4a0,1
0xbe60f44ff8254a6909ee306a9f8f9ffda52cb7fb,1
0xbe65d45635a400d895f0a2682c4fd3122b10fddd,1
0xbe8ec539e077a17cb3a4d3ec4d5d992cbd808654,1
0xbe9a45feae213da4ba09066801e1e99822bb1c98,1
0xbed000301a19a81e5b233f02a33c7840c0944134,1
0xbf2ca7f7874ab1a576dc0ce7a3a8be43d2d189ab,1
0xbf3c73ba74eff2a02b83a8198b33f9dc87bbf8b4,1
0xbf450537e3e31ebed930409c3abcac70d0761d97,1
0xbf82d8835d716f5313cae043f88c17126f362e2d,1
0xbf83dea864f2ad22a0b3a37a3ba191ae785b65ea,1
0xbfad11b546d08e9847dc2a5d8ae194f308fd155d,1
0xbfc736080320f3a16bd9e2e4406bdf488fc3a43f,1
0xbfdf7f7255af584611f99deb66bbe847e5674755,1
0xbfe960fb890e12a29322ac114c92e8f70485be3c,1
0xc011fe8a0645a0a92139dd6dbac0ade25875369e,1
0xc013122ef9df0e92c7654878908c47f63a77c247,1
0xc0318fd397a057e63b9563b918a44efcb50d5d7f,1
0xc05c96689aa980e93bd5003905c1dac1d60d60ec,1
0xc064f377482304ec94c34448c0d1c7b303ec8d52,1
0xc0a514315815c66e9b555e49b97b3b6ec04408b6,1
0xc0b8db09ebb076bfc06d47644b0c44ca620eefce,1
0xc0ebdde6e56b86a4fc3166eb431df2d8a9dccfb9,1
0xc10d2f07c397281f0cc98765995c28fd9932c900,1
0xc13a80fd29cddf5290d2e301b3121df0b73b4401,1
0xc13d5024c2ee14c5f80847afd09275f8b550a135,1
0xc142dc5ceb96f73635d66b62bfde2a0eea4e4ce1,1
0xc15a2e759d67f8f8f7d0b5b03797774d88813816,1
0xc18de4b6479722b83424890a5831a7ef5fb4f5db,1
0xc1a9f25e5157c9b526e1a0d87a1912c96881163a,1
0xc1dff55f86bad53ef633a3855ba56e23bdb5faf4,1
0xc1f6da320d8de874cd8056e0dca75fdc4a5e7831,1
0xc20d07c204b1822b9300c5ac123b1cd82a0a4e77,1
0xc22cd597b25c933366364f48bb6c859f7fa781ab,1
0xc22de3fecf39fc7a96d2da681f0cac4ef864a75b,1
0xc27ba52c493e291fa50a8e537142df2140520f0b,1
0xc295d8f3b0b766a424fde52fe32ef9db99daaaaa,1
0xc2a66b5b0e3144864e512a3ba5dbeddb5048937b,1
0xc2a8cfd1d74dacc024741633f744591bf9e654c7,1
0xc2a983828bfbd4ba87f3a04c36b3cdf9cc62a036,1
0xc2aaec38c14b81332f6741f9fdc211c6bb6f894c,1
0xc2ff990ad6e47011d3cf7bcfb733fffa9d5f366f,1
0xc302a373a3a54c15f152180782b3652bd17ec550,1
0xc347db1b9077ebbc43ee1474b9866eab97ecb386,1
0xc3b852b43d8d04abdc0f071c059efcdd93c5463b,1
0xc3c992e7904c7fd8b1f10a74b624357c8ff24485,1
0xc3ccf06567a78810e5a607563ab8a671ec08cd78,1
0xc3d1c949af807e95af64a32faac61e407f2875f4,1
0xc3dcb9c976858ed990b3df75430cd628492b527a,1
0xc3efc6cf2183133e999feb546071a35efe5b050d,1
0xc3fc0b6abbf9d786283766fd50d3173645bdc26f,1
0xc3ff7210031ca908b8bd1acdc6b16df703a5deb0,1
0xc4190d33522b4ffa80097462817f620c809d404e,1
0xc49d2210568549898a636412a9801559b828de83,1
0xc4e8a8cde4e52b9e1cf538c194685471b4fca02e,1
0xc509f1ce53afb9bec45cb258506aa5862568c44f,1
0xc517cf4b0d70860f4760bac395fefc4ac0259621,1
0xc5391c1c497ba5315b9a3fe10c43f246f6dbdefd,1
0xc560ba6c949713be4360193f77ec4855fa7cfea2,1
0xc56b682493d335b2c6cc0e974cfed4eda471cb1a,1
0xc57b45d2bc94f4ba5f245f7ed2c1395cf84d2c45,1
0xc58caf35ad7542061552bedc434993f39040851f,1
0xc596c3d35ba8d98044b092d0ee3ad77d508fc01b,1
0xc598ca46c5ef5d8c5b26a88e8c0b576fcf4b8e50,1
0xc5c45475337ebe4209be401f16cd37e8530d3cb8,1
0xc5ce6fea2d97622c00ce3fbf89ad4e90ca50cbed,1
0xc5d490889b5974ab6824330057896b26e5371b23,1
0xc5db07322d9589544105e956e2bfcafcb61b3a01,1
0xc5fb7b2ce2457aa8083add080b3ca6904eeee35a,1
0xc60437057d3a403ecbda0e7dce226a98cab52145,1
0xc60617d084e6b70c7d39226b72096626622de8e3,1
0xc61cc3107ad698103ace17beb39b1ac139646209,1
0xc61f778a4b36d1cd9aee1a3ca8c22d407cd7ae68,1
0xc64202e2b512c72c3e145776a7b556457075fe9f,1
0xc64ad93e96fc4888fc168e57f3fd20363185e0d7,1
0xc65ee9634028d4c98f3d9c43233e6d06a39abe5c,1
0xc6ea607bd5ecd89b897367b5cbb890782460b36b,1
0xc72a78382283a71a777676ce1b68a5b5e850a1d9,1
0xc7390a3bf55d9cf98c8216297c187d3140e32256,1
0xc740ea19d0abd440665e28f1783f2401c669ca26,1
0xc7477756ffcfa605c4c5fe72200964e5fe6bc99b,1
0xc74817f345b942e77dba4d1e3ed0171ab7572b51,1
0xc76e3464ab0fd427f1281c394879a97205384543,1
0xc7777a6391244fc3aba755fd3229c8f8bfd5e21d,1
0xc77b3eb85cbde2bd9beebb037191b7a1c656db19,1
0xc79af1e5d68d9e0ccfd6f07b191ee6a772716ad9,1
0xc7c1228734c33cccf8419ff4e651607a7c82826d,1
0xc7c6a1f9d57d2ee64a2c8087b0275241034f3ab7,1
0xc7d612b929c6ae11fd864fcd6b3de15fd0110c2e,1
0xc7fd41d991e189bc4b3b83489d2813c145a3c443,1
0xc7fd41e781a2970a8d52987325d7971b81049674,1
0xc838f6e725a4657c0c1f4a11a61ef30213a66c6a,1
0xc8677ee754f94908e22eab1e7e0e47718cf19aa3,1
0xc8803d21a704bfebdbc394bd16501a4b36ad3a2d,1
0xc8bb445b70c464b2c7d50c87b077e71abb70f480,1
0xc8c11a695920418b7652da2e2349a0eebc4316ed,1
0xc8d990612b7addd2a311d31345a1766274300a9c,1
0xc8ee84df644ea02e699acaa156ac5ffb29beb0a1,1
0xc91d84ecc88e93e27794e9e8f8eed2c34984cb16,1
0xc92b08b8997affbbf3fedf2c35b6044368416691,1
0xc957d6dec1087fa6e873cb6e9a7d6fc4a518e6c9,1
0xc993b8596245884511720a5a72e1ffd226d56d2d,1
0xc9a524cdebab12526a5683fb9ad7977b5a29546a,1
0xc9d6fd20e4989872a8aeff9ffe836f310fc7565a,1
0xc9d7c09e32ae8b422047fa9c8e14ec4dba671692,1
0xca2617c0c16a78dc0b29ca72a88785e5797ae61f,1
0xca4cacf53153b15febe067784805aae81c3c5bd5,1
0xca6e18be9db059424955aca10fe75dad1f27e59a,1
0xca84fede1ae4285c140f9b36b4c1aba2077722d6,1
0xca896be5eaf4d7afb0da4350f6b46ec399652943,1
0xca8bb66dae4c8452f35aee563d2b8436634a08a6,1
0xcab62e21ea875a1b28e086e329ec9d1a106ce2b5,1
0xcade1e68a994c5b1459ccd19150128ffef09ea3c,1
0xcb12e0d79b7952edb376099bcbb5bb7699ad663d,1
0xcb1dd0f59fdf86658016827c78b858dfafa39ccc,1
0xcb3043c6feb411357eff5cfdd8b86c534d247b8f,1
0xcb63f02c145a13eff0d4c41a077bb85f223eaeae,1
0xcb6616c10b0abfa50c1b24ed8afcde6cb95778dd,1
0xcb686c59098a384b52b805233ee82db40f3a31d0,1
0xcb9cebfa5b96444eb91021e44c8486def08094c7,1
0xcba3c3f1d733482d89a6cd1341255aee540a524d,1
0xcbb86db2cc5665d953ac14bdac183f67b797409c,1
0xcbe5688cd9f2b70dad5026750da77ee861a93957,1
0xcc02a9e7a987fb9d453e480d89d5647d0c8ea9e9,1
0xcc2b934b57b086d1b0c52735264042ac9c00c7da,1
0xccc0c9fc3fe4bec076eff4dbabb4b94ff828f3e4,1
0xccc350107cbc039b3c7adb1bd7c9e93923afb0cb,1
0xccca9ebf9ce4256e6b6a2b5bf99063f5da3128a2,1
0xccdc46968e6aa87935aeb1414eaf309f79885297,1
0xccf5d73b3e629ea5c684d9ee2eb3817d450c58b3,1
0xcd19b0f4586a9f32c7bf4a1dd405fe5a09f1e629,1
0xcd1f1bc685422e12d5493f700f11b1077fa731fd,1
0xcd299c98132d8e6c455746161077b2e8617d84ac,1
0xcd2ba6a4d50745b0b4096186f925115387852c15,1
0xcd323a3c75df56584352a3c655a82f0a08a2e47e,1
0xcd3b13cb3bafbb0dda8b7e01247f1f7778871162,1
0xcd442cdf2c0de764ead290513e1f536d42982f3b,1
0xcd9d728194f21a4acde2dc943caadf61868f82f1,1
0xcdac20aae73bcde53531a7fa9e79f419b60d70ec,1
0xcdfab353beb4cda5c655bb8ab06ae3b4ec80b366,1
0xce0023b9ccce08dd88d1a59fdeadf309b4ca5799,1
0xce3d3fbb42d4e960f9cb068c3a65242a269feea5,1
0xce4f192b074aca3b860855534ce430d88fc1cbeb,1
0xce598363c964f29eb88d911f15d8ae5c2e418cf1,1
0xce716837e7b9469e7da0816a8a7f3e487a119186,1
0xce90a7949bb78892f159f428d0dc23a8e3584d75,1
0xceaf3c3f431d3f8da7e081ab8497f42b9cd30705,1
0xcf09ff7f086a9248466afc6a199f357df6af420a,1
0xcf806faa913b3ac7bcb7b57b1199411a76d96646,1
0xcf9741bbce8ba8ec2b0dc8f23399a0bcf5c019d5,1
0xcfd91dfce0a514a1ef85927505d00d2a8edf4200,1
0xd01349d427a9e3f3e128c8fe5c9e0f14b20ea801,1
0xd016c795c21a233eb58257877a4bb403020a70a1,1
0xd022124271484fe405a931812ab70bbb9b55654a,1
0xd02d4d0a2d82b5757e4d422a5dd5b692df0e449f,1
0xd0370f7fe1239914da55b5a3a7198ec6b70fe2ae,1
0xd058673ca22d0b5a706add7f0ae3d08b4398ffa6,1
0xd05e808cae8a668b7ef79f5b8dcccc395cd8ea75,1
0xd079cf96fabba75d12cd7f00ad9e99bd5329947c,1
0xd07ec10cac26afb58908c9ca2ce4ed9c6234424a,1
0xd091d43b678c3158c16d7931fb1587b8fc5bda77,1
0xd09bdc084d61009e245a94e09cd52619f48ad216,1
0xd09cd175561c39b82f218cb8a434b0eeb56c58bf,1
0xd0df1aa764f1650184ffd549648dd84964ba0097,1
0xd138754662c39731017e259f6e5ce1a8e7214fd4,1
0xd13ae4288df67af007a1b427d98bfb020d4f1642,1
0xd13b7841d75941985b1283a49c8b7836c78929d3,1
0xd193cfdc162f85d6eefd682d96e0de3e2fe2e577,1
0xd1e54247de4d004643eca33b5c17f89e75f4fbbd,1
0xd1fd84f8d9794c2b039d8ceb1f661d447d396303,1
0xd21c7de8f3901df1a074015fd0608f5e4acec697,1
0xd25cc94ff9698f7ab0f817bc21504700e027e41e,1
0xd269a5213a81901b0e5c2ac7861dbf106a72ddcc,1
0xd2769b1ae9a1b1a8558384e8e67e0de725382ad1,1
0xd2932015495c27430a77d337ac1cb95fac0901c3,1
0xd29557269f6d8927096d5b235142fa23b5cc92b9,1
0xd2a00f672808c1186d4bee57ca9e9d218c3d4884,1
0xd2a0ebef3d70b8cfa7916af54be90f7b71378076,1
0xd2a6ba13a6653166b35e712caef55d34acdd939d,1
0xd2cb629a5c6e52bededece198c6077f4a83c6294,1
0xd2d8267084646dda7c70090449561f11dfed14e6,1
0xd2e8cecea910af4fee6f66c0ec4e8b2ebe955f81,1
0xd2ec6fb85782e5c5982743f66d293617803a2e0c,1
0xd2ef23ea827e80d88073496c568543570caefccf,1
0xd2f2989d9772a7b93a537065ba9cf01c16e917d5,1
0xd31c2f1cd8c77b49d5c0df85e27e7930796fde12,1
0xd32e8f4378e5c9d0e54b588be34b1778383e89f7,1
0xd35fc346e15ba5b446917c9fd23a9471d6144701,1
0xd368d48594509de325e8932070cd6f3be72dae81,1
0xd39c6e46096751b51298db14b43eb8c22a6486f9,1
0xd44f47113bfd46b47a5f387b2e7b23cad17cc9a5,1
0xd4543f9f357598e92f45325e6f2f760dc8dbe556,1
0xd46bd852040c222910e7e1b309be70fe3c0f382b,1
0xd4729aa0ed36b24b1a5caf3e44e156c93de93a8a,1
0xd486fe4029bc3004957851711c51d65c7352ba76,1
0xd4c4a4b11f80dc75ee534c0da478cfe388b5baad,1
0xd4d01bf97ad40fe40a2563891d079c07187f2920,1
0xd4e0eca804065b80270a7413b031bebac82de69e,1
0xd4fb0c1e6086faae50b9b03f9b5a5965320ad35c,1
0xd525d5b7046d972c4bf15d42462d93bcec7f9812,1
0xd55ca002c8ac7d73b8423696ed55f8f40652914a,1
0xd56d5632d04ae09a3125fc1faa29e3deeb95821e,1
0xd5cdfd9af073a09831f69aa426a1dad158a82a36,1
0xd5d169c75fc8f63bd4a729b9639ba25b0e8ae56e,1
0xd5fcbfd6fa4750fb9d1f83a9d1f5578aabf08b98,1
0xd64539430357bb87066e8e0af5ebbf962cd9588b,1
0xd6482762672734aefd885a4d68dbf9bd09d9d0be,1
0xd65370c5565f2bea121f3c22823233f98a4be793,1
0xd6aac01503f0d12431a2c418048dfd09b57377b2,1
0xd6d03894e098f03af068e801e54f0bc0f2d52f6e,1
0xd6d2c2d00f347ef757311f64e16ebb13c0871fc7,1
0xd6f631c796a56a5d448dd88a01f15058c4a0be52,1
0xd714ebb8d39e2cef1d0cbf9677bd2f2afcc4cf51,1
0xd73956e71b24ce75bb6962b14b27b9cd79c28b20,1
0xd78a6f586717eaab0193a62a15e2f26730257f4e,1
0xd7c149770d34cf72a2d339eda74584ca73d32ea8,1
0xd7e5a6f7b8b838f1be0856e5d3dd907608e40e50,1
0xd85a92cccaa332b20bc3f5de5fc6c7df0003a57c,1
0xd8800558cc5ae6ab340056327043f0950022db4f,1
0xd88da1af87e28d3209b8f55aaf7318ab76003503,1
0xd896436b00b45140fec9c3b1e35910c3f9a97489,1
0xd8a3be017f846f6e42e06faffc3e2a4679fc3c4a,1
0xd8dbc8db662b2712c5c9e1e66a961c427a81be3d,1
0xd8fa70701aeee9d78b1a8a1f75a730f2967dfb4b,1
0xd90b8f9cfb49d4a4538e9d68d80acf34bf77c38e,1
0xd92847e787982f354c67b9fd99d75618cd0c14ba,1
0xd93cac570ebf525b4f1f725606dc8bc4d81aba63,1
0xd963e389053ada18b80fd3c64576a91bd0ded3a6,1
0xd97aa5ae3ed416b685c0c62d41a9448a19704f91,1
0xd9a52cab8c50c8ed7f15d7477c80c0131a4aa3db,1
0xd9b42f222263c31e57d90a77217759ee6701b204,1
0xd9daa3c50cb051ca54de84ff6803fe825ece611e,1
0xd9ecf466cdbec543ccc2e68e83e5544ee4724445,1
0xd9fc9b02a67b22da8b7b69643251907ea051cdfc,1
0xda47a6b9ec624f9d8cfe1db6423a26cbebc1246d,1
0xda517398768f31c465b76900b737dc3c80a8840c,1
0xda58b66835129c3855ffbe8a01a6733be391cd74,1
0xda7d2a777e9e12b340fd6be65bd42546183fbeef,1
0xda925fa3823bbc85875e1530636b94641a264f15,1
0xdac26dbbb2b1d86747b517d4c5e8805ff51dca35,1
0xdb02f6936d491dd3d78fbad0e6071aa1d0571746,1
0xdb0ca0d00825d851018a56ff875400e88d5fa5ae,1
0xdb0d4ac3bcc2dfbb3d68632e2fbdf3a9a405b45d,1
0xdb287c0476324adb679995b830708b4166399155,1
0xdb29bb006ee1a3f9666829193420f3e0eec8506c,1
0xdb502a93b67356c7c08ba77386f1b89886dd8338,1
0xdb5c39064e1a12b06a2587bc61a13038ee2709ad,1
0xdb97415aa68df9f6f642b3adad763c5ef931cb2d,1
0xdba0513738a96503f2e833c12d4a46c3e13b83f8,1
0xdba455d99b09142e540c262054d25fdef60a4a8c,1
0xdbb6a18aaf2ab08277deffc05ed0037c89805af9,1
0xdbbce16edee36909115d374a886ae0cd6be56eb6,1
0xdbc624b1c8121230f3892bba206999d9947142e8,1
0xdbd8843257924a125c7d279c83c17361e3213e8f,1
0xdc018add198ee371165f7413cc27849c5404c491,1
0xdc258b512f5d55c94a0432dd74cf43789a9842d7,1
0xdc293ceb678c8620ae9aa40257f89920b45f3e7e,1
0xdc38b5516aca8146831789ce67693b2aaf62b5fa,1
0xdc3b0ebd4e74837df995b639dd9f2c2b6851d00b,1
0xdc50b8182635a19f5d0095a740e72fb1ab4510ad,1
0xdc5ac414eed5d73ca97e82c6c290a72b128f3411,1
0xdc695e09c4b4ca93742c4fc9a6d7c05debcb82cc,1
0xdc73b89c51b7f99b42182bfffbd4506131606daa,1
0xdc8de2082e53ce72f01c0920f342fdbbbcca1473,1
0xdcb44ad6bdc669c1006705ae2f2ab28697dcb352,1
0xdcbca71e6862c250a1a33136ac2d385c1509934c,1
0xdceff837fba50e5f6eddc034cd1b1168ee365625,1
0xdd4d71c9124446532bf5b99ce263108122a46eee,1
0xdd6d3324c75a5ae1480ef9f3394702dc28adb65e,1
0xdd762af79fbbc73b51941fdd1fef8e89101eb51b,1
0xdd9c0848571c88333af291c9c1631c1c55cc81fe,1
0xddb0766ff83a91980c0cc4b9137e089bd8385d7a,1
0xddc2f209500e5d20ee1e64aa40d3d12229404ef7,1
0xddedbc015647c6a1f1b6d884b4d23eaf8b27cba5,1
0xde013bc76fe36337a7563db00b29aa90888a13ad,1
0xde01c03a0bd8a80cc3eec48b65d8a3c5601213e6,1
0xde3b460edcce79e5df7f5c847ba68b04d3e89d39,1
0xde4682b0127711ca1a23b7a92b540dc6a86366aa,1
0xde6377a6f60c71b2f8d139d0718957f27142a5ff,1
0xde7700448ab1d3b49d55979778789454db332112,1
0xde81043b4fed87768eaf87edf055d2aaf4ecc9e0,1
0xde9023464619639ac0e96961f5820baa83fbea8e,1
0xded215748defba41d00bd19716f6c56580bf53ab,1
0xdee7085c5e2c9a199bac03b8089d9e6f10bb42de,1
0xdf1f333f23e27343a2336b9ddc60cf56f80b0ddf,1
0xdf36b093cbc06522b68105c3d9141db188e980b6,1
0xdf66a0137241d5619e4842c2d443edf7375fad46,1
0xdf6f539a4680c6263026bf882494bd78244942f1,1
0xdf7a1d494bcd7267cc82b04a29a1ba7d96d5f6c4,1
0xdf98322a314921fc6863806dae62a157081b0a5a,1
0xdfad4f687c2a57c784e072fa3c5985b61a129248,1
0xe010ddfdd2459d46f9fba33be74342ed3ab1cceb,1
0xe01574a463d0664e327d77e388512d17702c32c0,1
0xe01a315c364ac8912e1abeb6420f3eaf9ef5a542,1
0xe05cfdb8d56720dd516064fe23c9bf4d0d823ad4,1
0xe09950b7f6dbcd80dd5f307bed98adaa7f619b1e,1
0xe09a14d233e63df313d5d8172821f3dcf321b516,1
0xe0c695803a7caeaf66d71cb76ea40f815ae465f2,1
0xe0f16bd70f3f1e9779a0fea6e5fd6ca8be9a5e76,1
0xe133a1528fa29984c02974c11365122bb4266905,1
0xe13cf24f5ac5c4faadf17bed5aa6f596d648bcd2,1
0xe140d16a94bbfcdb550e8669082f45a24674fe69,1
0xe14b40c23f0974550e810841ab9cf5b1b378748d,1
0xe1b02de7a94dbe6aea56b7b88d72ebd495d5b68b,1
0xe1f4eed5f79c0ab6da095c52af2f9811a0b1c02e,1
0xe208dfdd304f66cf3793a57aed3b50bbf19b52f7,1
0xe21741b5bd7fe833520d07ca4f1d2bc394f286ce,1
0xe26322f69c04754ba4724edfbc1d4087a8e64256,1
0xe267f61d4139821b37a3647466b399132d674b12,1
0xe277251b632fdad75d05ef2527a0c98568372c14,1
0xe27c9a6756f0d69e4df4f1ad4877ef12dbfdcb58,1
0xe289e44ded013266c321af523a5ba3c18f1fb36f,1
0xe29ce06a2811c4a8e962562817244b1f9cb5327c,1
0xe29d32c276bf7afc73d9461f916b687db1f8c0a8,1
0xe2b073019a36916a3a7744f68d8caa07356d543b,1
0xe2bc687a41c116048ce46a29a6fd83459b062759,1
0xe2c46d8d0066d1167fb64f6483b331530da9317e,1
0xe2f2abb2199a93ab3ffa034567ca43eae6d4f111,1
0xe321f3fbca5eb338ff1cff8d72960cc3d049e080,1
0xe33cb20790a903908b6a8f6e8beb388aa1abf6cf,1
0xe374aef901dce307810a4006683bd7846577d8be,1
0xe3f03afefe58d0e6ba22295cc117c86a85887afd,1
0xe3f0632cbe37cde3a92d0e28afc7b2b3466ddd94,1
0xe456982fc7015763c8c5118f50bee682159188cf,1
0xe46df87d3fc3c68c71b9adfcecb6479e285021d9,1
0xe48db8b3474b09b32140f2b2780ca8b2049c1bba,1
0xe4a3b8f7a222c2c8093470746a6cec2cfb71307b,1
0xe4b865419008f383eef7e14d56757d5f21ced02c,1
0xe4d0296c0ab22ea98f8f19ee0567f049eff56a81,1
0xe4d310c71ea8fec7b9d8dc4ba94eb83e86f08fff,1
0xe520dcc77d04e12d670578a74f439c2e7b12ee45,1
0xe53c0962ba3b84877ba2c1685b59a5486d092a01,1
0xe54ac9ec3d26194802436a9a552f927b73e6e064,1
0xe581ffe5e1a64177375ad7f93d1f56b2f2972dfb,1
0xe5a7a206e9a8769f90ca792ebb68e9268231f717,1
0xe5c98a8cc4dc36e65490e9488650104bbbb5fd23,1
0xe5ef40e7632cd2011a3e2e948ad692c4fe890660,1
0xe616e04c1237eff59f168626e11e6b8ca082f73d,1
0xe63785b8302a9a41bdf33996454a1294778c3d35,1
0xe672d1f51eb9c7381e01b67da9ae59d12ab04fa8,1
0xe6a0cd5ac82bd90bd0cd7e8527827a3ff39656b4,1
0xe6c0c349108f981a9fdc648e0d5f541e8ec9c448,1
0xe6dd972a2002b6b5ab74697631e6f328569ff67a,1
0xe6e1ad35b6005211b06aa9ea613289e8a438a8c1,1
0xe6f208af5b0bba3c0fb54c838820a3df0b607f5c,1
0xe6fbaba4c148ff6d2ea41b0eb6ceb4b5c25fa37b,1
0xe701fc3053338cc8c4648ecbb270a25e2fea37a3,1
0xe71134adc4e393e163ddff65f0d9bf6f62c647bc,1
0xe76712fe1dc12ca2ca9104ee02806fd2920318d0,1
0xe7968cfa660fbf62b68a614aad3bfd92185c21f6,1
0xe79c263403b0071093bd7968ad1b6ea94d3bcf1c,1
0xe7ae2e8811be1ee814d35b36dbcd107be60b46ef,1
0xe83f65e41b8226abfff14b913e553f9d5140f82a,1
0xe895084850c04af3a57fdd90c0ba42ba440bc3a8,1
0xe89bcf1a592ad19a5acf110fc24afe5cf755b280,1
0xe8b3040aa2053a536db5d9603d9dfa624d353292,1
0xe8ce8248ad8b87d56163c24d21772785f811544f,1
0xe8e03ac0a858f21b7724791ee1ba2c0402fda199,1
0xe8f854c3b3f8841372a509fa509f6e11456cf711,1
0xe903005d68ecb494d0ae796cc3c5735c2ef72af3,1
0xe9225f057a16f600c4ee2b6c169e93534381d0d0,1
0xe92ff059c4d0bf5dc410b19d01e075f2cfab25e1,1
0xe98018c1a9d362eac7a32292854a8d74dad577af,1
0xe9865a4f938593f0137491cceafdb234bec2ab1c,1
0xe998b3663a79f04181124e1e161354f901467e5b,1
0xe9c9477aada08bc570c34dbed4ea93503d8b5302,1
0xe9ce2310054ce426cbcb9f3078afcfc7fc2f54f2,1
0xe9d53246209e4cd87dbc5d1fee71f44bff89a611,1
0xe9e22158a743aae5325184a94d4382d7b20102bb,1
0xe9f8c582dffb4fa6a5af97e481cbdb2794937ad5,1
0xea0416d470362aa114f25da4c19821e95dcf2a55,1
0xea1126e70185400a2cf0de2a6b35428fb8affd29,1
0xea3c1040c875eb56e258349409b811d55a04b313,1
0xea48f6c4d6fa1ef138a61d05b1cffc87b0bbbfc8,1
0xea8543a0ae962099bd0ea1e873b592dd1f8b7eeb,1
0xea91c93e872c2ad6986bfc048312d07e0ae977f1,1
0xeac5f9b3cd48123a69fe69ce93a7f58100a56552,1
0xeaddbae2651e21b4ae261ffbfcc81970854c4ef6,1
0xeae21074923c415f3aa486e3f9ccddc71ff4f07d,1
0xeaee7a20fb70e12ca77617c396ea912f95cb25cd,1
0xeb175a4eeb32c647553d03a66d480d026b00034c,1
0xeb1f0eeaf5b85106b4c3f66220dff2cb3504738f,1
0xeb221942fcbdf03c9042fffff12d55eaca041af2,1
0xeb2e9faf3d2448e6e043783a8f403df6d6534714,1
0xeb32996c6ac9acc81180ace6a1d23862aa4cb2ec,1
0xeb6f552540468e7e3fcb0aa036c1e71076b67e2c,1
0xeb8a376d59c5f8f8c958002a61f29871316ae348,1
0xebd34d34d22dbc80a2311cae97a450c15f3c2e2f,1
0xebeb95782b7911f9e5141da4a593ce1e3ee17785,1
0xec101dacb3bc4d3b4629eeed405deee2b1586934,1
0xec3e1cd8627f6071bf25a7e75d0f3fab045f8167,1
0xec81f6b408e2b847a1bbac74e6678fc49b697de0,1
0xec9e1140291ee05009f9cc8201198bc3e9081313,1
0xeca3e5ea75061f98c0bce7ec1c619e8688df7fa0,1
0xecc424c1ffb22ba13d84669f15107f53809b0ee3,1
0xece476cac765c6053f5beaa54911db5add050670,1
0xed5b0c50a5428e92ed883c8dd54818d4b8dbcd62,1
0xed98af55bf714ed4f5131f3625c59bc1506a2ce9,1
0xede66756d0817e49faa1c0f33404032b2b3a66c0,1
0xedf61b4ae1e53e7227d8016804c3d29a33b9db41,1
0xee293e4ceb7aec9f70387e850f5dd2d58764b4c4,1
0xee49f3d96ed720d695aa80a1bdf6bccdc7245876,1
0xee5ce06accce11bc77c5a93723c8032d9108f22d,1
0xeea3397270f27f2db0e22984dd0fcf2dfc1e35af,1
0xeebda39c03557e8fec2e687cdbc2e016b0c38097,1
0xeedfb23b3cdaa722e88b082cec11ebc6838665d4,1
0xef13d76a1448b1c523e4102cf4743984fa63df00,1
0xef2aa6f58908c1036f86ca7987a1ca17f812bdbf,1
0xef43f60d1642ebcf4ac046ac711afc9ce1763070,1
0xef70ca9e185904228f5eb23e30c0748a4194f6dd,1
0xef7bae67054640aa0eaa6f1c55d961296534d8c3,1
0xef8a614852f96b25c8814572a24d54596d6d3647,1
0xef9356eb2d34904fe67b888ba5a22298e21b6e4d,1
0xeff0338f4fe2ae930c0347f80e6ce4dbcafaa3ef,1
0xf03b5f229a14b53094d9566642fb5e2e7273586d,1
0xf062d085a7bb194d5ca3f8b7bd06291818a04dda,1
0xf0b2d8854d4d3d57f894bdf4969cab09893d64eb,1
0xf109e48bd5f10e8c098b6f4e50f25d59a6e2e45f,1
0xf1190ca4ae613e66b2d21ab09d835689bef241aa,1
0xf1382ab34126b206a49decef703a511fa215e19b,1
0xf15365230c9233ad2ed79a3ba82cd0c1ca7d56a1,1
0xf15a73cbb3c8e882bef8b18d74cd959fef039d27,1
0xf161f4a82c22b85375140042cfb2ab5fd2320271,1
0xf1e109d049abfaf7fc1d88fef65eb6b1305eadd6,1
0xf210b636ca72958cfe89cbab648c8982b77f483f,1
0xf22f5a1769080c59ce09016ba7561219cb88a17f,1
0xf2439241881964006369c0e2377d45f3740f48a0,1
0xf26b106280a3a1690a0a4c192f0a7e9b503c30ab,1
0xf2870dde3e94663ce8c7aaf242ca20ce07c5d02b,1
0xf28d914dba2e3a9c602bc51d496255a44878fae8,1
0xf2c0149f0cff4c19b9819d1084f465df0e1b3795,1
0xf2d17aab9d97eb184dbaaac0390712ad0933f32f,1
0xf3214b572cbe2bc0074976c3efae87aecb09c35c,1
0xf333948a1cdd9b7fca58aea3a2c42d9e7cfd9ac8,1
0xf341f22ddebde8eb6eaa5416a780b60a64baf4f3,1
0xf345534b40a6005b86ddf8b01961b75287c5aba3,1
0xf35c4c35897d5755ca28d9d214c9b82b76423b6a,1
0xf37f70567e8449c7d75d4926785d374f98cd00e1,1
0xf3b58b7e53c14adb845e8f2292b3f6323c141558,1
0xf3d87aafd718be1a6cb1064f69635556a00902a4,1
0xf3e8d5b704ccf09c02af5df9bfad1cf6e823703b,1
0xf40b3e0633c3d185bf08b38194ce6bfd0e7b8fb6,1
0xf41b8a9f21390c2b1996cc414d2a954d6fa6637e,1
0xf4472e525a2b09c682461b0fc4f852dbc1ee6082,1
0xf468bbb1f387f9c8d26ea724bbe679a55eed1e92,1
0xf46d053fdea9670e82d3a56ee50d541ad5b14ccc,1
0xf495316291191c474cba3e9912005d750a289043,1
0xf495949795ec25b1aa444b66a0294534f38f44da,1
0xf4accdfa928bf863d097ecf4c4bb57ad77aa0cb2,1
0xf4f61e84ac6ef1092cd57561161b1d37f108eeff,1
0xf4f736875d51c8dd2de361373fccbff62ecc6312,1
0xf55cbf08ae9424c572598b29064b2fc3f67add04,1
0xf56e4b7288c16a540697549aa39ebaae6f79258c,1
0xf5a4b1ae0f14c8f6c4d02739e76044fcddc65a26,1
0xf5a91c4aa793372751a0a53f5f0e16e1153b5051,1
0xf5b0dfe3167726cd164d74774b2ccda79626ec92,1
0xf5b5c609968dd19ab531c93709be33fad519c28c,1
0xf5d9b79477f030557c3f3607496666f1af3147fd,1
0xf5d9ebea1db62604b83f3eb194f89c0c20d12cae,1
0xf610c917265c78ae4d19e93aae1aef47a30f892b,1
0xf611318ea51897ae2a98e537e55112c062febf3b,1
0xf61b910b888326bbf31efd46cd73d273e99794e7,1
0xf6249583075c40fa621d7f309ac7f971fd9ac007,1
0xf65e1e27c0911154593fd612cf045d8fcf90070f,1
0xf67da29a2382e52a94c7984049d1e20e072c1476,1
0xf6a0f8282e7b5d0d715f838fe1838d92b20ec2b3,1
0xf6aafb44bc183d3083bfae12d743d947ca376562,1
0xf6df8128e3b7a579c2dac631b1dadb12a4fbf0b2,1
0xf70f4465de3311cba6e9554779cdb69a66b48296,1
0xf72aebbd82355ad657333fd9262b5f8966a47f6a,1
0xf7313873e0de36b8d02b3686232a814b67343020,1
0xf74138e5b11e5971050a203019156cbbdf6a7591,1
0xf7486ee88964071382cd4bfd79eac4a57ef4916a,1
0xf770e42fd25d745e9f25ab57cca3e96f7fe62d14,1
0xf77aa840d743176797997cd0fa9d9285f99f1a1c,1
0xf7846b76f2508234c4f48dcedcd5b8e36af4f6d3,1
0xf7cca70e6f9706044bb33cf4e2d9492c1bf06be5,1
0xf7fcd267ff61adfa8cd83493f39f26c89d05a297,1
0xf828ded7617499adda1314f44e899e94e6941a85,1
0xf839be76b49d329886216a024a7d3ea2a3ca2ce0,1
0xf846ea1976116a3f3a2db0fde1be9d7737113118,1
0xf878b2f6c5b459ec79b0ecb70fbaeb9fc329e938,1
0xf8867a4ca5433ca4ab2a164bfa7608fc0d89cc02,1
0xf887af4b3cadecf8ac74e71a9a69dff4d14f3af1,1
0xf89c94f43b36719046b55e2ae60bacbfc0db1c6a,1
0xf8db01f59d0caa15067156ff7ed786eaf207753e,1
0xf8fd467b57be0e82977be0af92698d3a2c4daa33,1
0xf907233eb1660fd914805078690a652198108705,1
0xf92f571fd4ed497f672d4f37f46ee02eb13b63c8,1
0xf92f74842cdb56ef297c35d1f2bba71d9558d258,1
0xf949874b5acc4c2b384938b5ec28cc4190d46254,1
0xf94e01d7a0c8add3123dce2649eb3b588d30c38a,1
0xf96cc4b2c467c7df92c3ca51e99edee1511815dd,1
0xf98aef33c84e8b2927efb963a4a4f8052e2df48a,1
0xf9939161d101ea5b77a97a9b7e991ca9b13331d0,1
0xf9ab82dbd07e24da1d5ab415e6c00c5521155540,1
0xf9b48051d6441b32aa2702716f8e4cffc62d9d07,1
0xf9ec946c7d7fa6189147eee1c2b7bf418e7eb705,1
0xfa17ca22c988844c89a9ca6e4f84e154997eec36,1
0xfa1a866cc0c10759c660209ed28afc6dd42a4c4e,1
0xfa2598df97824cfa93be59b8bf3700a97319947d,1
0xfa3fe1910b9bab58451dab6897faa88ea9393d6e,1
0xfa8f35e1f35c1ddf0480d93f914aa4e27282b35b,1
0xfad3b8806e7958325f13061c2b4b4758617e03b8,1
0xfb40034905b34753b7d74223e496518d43548336,1
0xfb4d4e6882c5086df0cf85e8542d712378fadd6e,1
0xfb5b1c9dbe75299a17cefeb98d58a93be5550a95,1
0xfb65b4fb55703dec409e6c43696d84ebb6288c4a,1
0xfb81219351fe9806aa0a2f8e6281b840cd4bc98c,1
0xfb847902737659b6218f864d18525758e1fc044d,1
0xfba1f5424f16f52378f856b52d11bf13952eb5e1,1
0xfbd75a3a24c828c448555d9359515aa5dc3e46c7,1
0xfbf0959f61f56ee375b11f8194d5d9a61c75493b,1
0xfc51089adf2e5ba5658f3e176c7cfff4a58a0dfe,1
0xfc7bf571822090f207e9ca1d1ee81bd721be2148,1
0xfc925cba2b706ec69474857aa901307a37d81ca4,1
0xfc9c92500f2a9b51faff22a569a2a357c173af8a,1
0xfcb4034d79d42a402b211ff540b267bc1d29b7f9,1
0xfd5764e804f2ad0cab5f07374647a95908967e57,1
0xfd5f92aef85fb847c12cff8fba5520cf2716cf8e,1
0xfd9513d0ea7f6677ee55f0b4e474fff667089865,1
0xfdb457d9d263ac514e1a0eaeb56add9a5fafd746,1
0xfdd58531f067b40c482778e1d7d022468c92189a,1
0xfe2c8831a95aa4155383ef308e5052564f31dc11,1
0xfe362f889a2c843708daf7d32ed70ec6188a3a47,1
0xfe505fdc65030dd93f44c5bae1b0f36a55b50291,1
0xfe5d96f817e684ba20473e7c54f1ba3f0ad5207e,1
0xfe7f14703d91a73643327c0f6349d81c2b59c359,1
0xfe806c79275b249d87baa5dac4d21a594f240ad6,1
0xfe89db1acad5ab55f8d62f5bd2e3e3c77c694afd,1
0xfe96b1592a55b75519e90c5e81d2ed05c5d87d64,1
0xfeac6fd5ba458cab7b8597bc8510b39c67cde3e1,1
0xfee502f189b9a190ba639eb8aeb57fe9fe9fa3e1,1
0xfef42be4fc532446430e5f6caa75e6804df0bbe0,1
0xff5979750ac5bc714ca842ce57ab2640fa168c6e,1
0xff5be09b283845774f29cb114a42640f253e61a7,1
0xff729973e4b38dad968190c48b31efe34f3d5f56,1
0xff78aa70124dcdc3ea434aaf0b9ecbf51391fd4d,1
0xffee5652186b7137f53f05fc5ab4545ef9c20f33,1
