0x43b0bd27d5016e969193412933387b0dd4cf3e0a,1
0xea39c551834d07ee2ee87f1ceff843c308e089af,1
0x6f566a6672f615c2975f6c48224c46153e12ffcf,1
0xee2c055f7706b9dfcd98cd5a23d5629d6316c0bd,1
0x692d6cf19e0c082185e20ff5ea6bb267e7aeb278,1
0x69cb3b1de24e08f1cfc2994171b6c6930498f750,1
0x5df5342342701b8ae5bce28f74ebb73b5fc13a54,1
0x248458947c120ca057ec028b3fe7e4b3f26fdb3d,1
0x48464efe55fbcae8ae0c992b306afcf21d4910cf,1
0x3876be5be4998adecbfbbad26604a762467e7f42,1
0xeadd2d51e75a8b42302adc2aff0157a4bf626adb,1
0xcaa1c396e70384db58dd33be74b26fb119e98c3a,1
0x4c48d00997c6d23d6b47a9ce8caa6027d0068e42,1
0xc7bb15c11595c877302ddfb330a4082d92f5bcd7,1
0xf1f476f144df01480297dca47efca565e8b0c9f1,1
0x2c8875f34ceb219f61b7453b2c5f100ec2f6ed33,1
0x2f2242b447a54cb110b8a7991cf8a27054ee6921,1
0x53006f95def268f88dc1b8216654ab56f3afd052,1
0xcaf3365d474690a1ac6643d3d6ef44cb0c6deec4,1
0x2ec4a2bcd4f33c7c9aafab7cfa865ec15508bf62,1
0x213f6b2680dce3e4d0924acff3e4e34520ef9ba1,1
0x8774be790cb9e12d5edaf2eb8a3f6c89410a497d,1
0xc02e6b0d0c1a5d8cd26beeba0fe8d76c5d2f19b9,1
0x5c3097e7fd3b97d9fdeec6d378884c892ff0545f,1
0x670a840848eba22eb2a090fd65e1ff60c3ba9e5b,1
0x729fcbb6e1289c88ce5113ec1c83a48a8e3c9f2f,1
0x19e7a132bd4b42f580f546197f42e19c42cdfe6c,1
0x16dee223fc168abff7b979813cdf15866eed7e8d,1
0x1e47bc8b6c585dfff2e166257767050666151f0a,1
0x5f656037e30a003862cf878db24ab5f537177fd9,1
0x7ca00a09e3b431d48c30e3e6cceaaeaf6385cc81,1
0x80a1c9fdc26199a69d190ebc8ad287ef48758977,1
0x3df7131fbd4f6b27be8317c69e41817498e1bc0c,1
0x5de26d392ea46ffc17131042e2584fe6ba46206f,1
0xbbc37f68e9876d64b2c55016081528ae0a85d8b2,1
0x5c95598fe454882fec1139c3ed1284255b49c8b3,1
0x388160a99390392278afdba240046b8b5e73f77b,1
