0x0007fcf5590179336c826a60c80976623c7bbc29,1
0x01282b55c6be0b0d724d2a9324feb3c08229f2ca,1
0x02955d69d33f1d811a8431b237841813f5a07338,1
0x0329db0ddc11dc44ec36780b8b4f896b39f20c2d,1
0x04490fb053a8ff110bea35f22d955c0092aae5f8,1
0x04c95c6f8ea7ff7c3f7a2f148fae75650c5a875e,1
0x09e6267d0cb691fe647da5029d28ab0fd62d9325,1
0x0b9f898921b2bb8cd2d7d30faffec2c90200cc8c,1
0x0cb5b9eeed8d51ae57e70e46b2a3596b94ece6c7,1
0x0d08c74268c1260d9b50175c41738e1a45819700,1
0x0d73aa5de89b309798f9fcbba8b86c4fd5f542fc,1
0x0d74b84fcbe099032cdb1173aba016517c4173e4,1
0x0dbfd05fd48d62056ae630bb714e5d9f2255b5cb,1
0x0e0e34094e42f47fe25da3cc1b441faf15f8551a,1
0x0e719e9cbf0fdad8a5c798e32e9541438699e15d,1
0x0f22657ddcf96c4d8e7cd22f0ab18fbfb579e551,1
0x0f3c76ade30adf61b64d01154911308491784dfe,1
0x10cf494cdbceb726d21703d21131e131ff03ae33,1
0x129c6695dfe7a906bd8fda202d26dfff601f83a4,1
0x12c4908dc21e88a8f268c3f363098eed251c1aa3,1
0x15a33852846b4762d71a62928aa7c64d8aac8544,1
0x190fb3b4118e5633820184fe9217049a88f07fcf,1
0x1d3dd4cc14c9bc93bc8744559be4ace760f7a1d3,1
0x1ecded4519a9688ef4bfb5f15811c52f048ba1a6,1
0x206b0526f4866e7580780015cbacbb4a8dbb8c80,1
0x212caa051f36024a53ebc7817fd1f93e130d188d,1
0x231595e3673a10e846803194f4982e1cf3389161,1
0x239be25e85ee421551fdb7b694e83edc2520c57d,1
0x23ae72f8336aca747ef02d596403de56cca489fb,1
0x24fbadccd6684106e24065694ac87b0e98819235,1
0x273396317b20d90dff0b69a8852ea912240828fe,1
0x28d2e96e6a94a37bdecb82579a4e01e873bc1d09,1
0x2a3c05f993d34bab6fa50c72f2465777d1c5d118,1
0x2e299b7faa9b906117181a4550d828b1300b48d1,1
0x2e8f6f8662593134dc8311e312885921855332bc,1
0x2f1390ec03a03e57a1406bdef57c9cf487f62b78,1
0x301e2d2a98c5873ac27fd9eae85f0153959100fa,1
0x30f2a414945ba487f6a9ca909d0cc0919c6a1812,1
0x31004f28babda1f632cb445944892b04a411e7f7,1
0x317c32ca0309bb8a1f9d8a3e2836544f233c841e,1
0x31aca8a351e67696eeccf0b7af03d41ee80998eb,1
0x31bedb3962ab3a1d2a2e070853aa5c4acdb734f4,1
0x32e263cb9003f7fef329080bdcbc82f5cfd6c02f,1
0x33a34e27a81436ba9d79276406a285e89a8bd8a8,1
0x35cc856ad0f1c1c0873bd1c05d14bcdba9a6814b,1
0x36eebc48da111b14b010a97abecf8bb68d10095c,1
0x378bcce7235d53bbc3774bff8559191f06e6818e,1
0x37cc41ff7f1569365216d9e01231de1b656bbbfd,1
0x3839a6c85a38de97abd0ecc092ef3311a7f1311e,1
0x386e0ad23a9f182d884ee2b8f61ec8c626b94385,1
0x3927e502c865a2c873a735775e224930eadfd2e3,1
0x39d3158a7c9d4f8eff36524b9a2065465995932c,1
0x3b0b262b187001522c34edcafc378500133ab230,1
0x3e3721d26d5b8612bcd6504696b82401b9951ba6,1
0x3f358b4e54385ba4fc8dd9ea718d360db5c7fda5,1
0x40d775827365ae4d54cbc08a1a1c4f586b2c1d0a,1
0x41e12756498322b479f889af2b2f4b29a85d5605,1
0x4212d149f77308a87ce9928f1095eddb894f4d68,1
0x42befeb4719d2f70d5e08ff738f8183e795b146e,1
0x4313ca73355b0b098a78d406b42a0d86296bf0f4,1
0x43b9778940c53abf2ca96ba900ff181ec09d7fcc,1
0x446b01c4d72ff31856363b121cf06361026e161d,1
0x4525b5402a6d9eefc656e828b9391aa9dff2446c,1
0x478e815c117bd0c33bcc6628d4e30d2776b7b090,1
0x47e054a8fcf3e27a4bed979c33ab65a5883fe437,1
0x4808d5a2b6423abc0060465fdfd338c58e758690,1
0x488db5b2f8a9fbb9f50ac113ce9f88c721fd4eec,1
0x48f823fd7f5fd781ef2da1a1e53a92d0f45ca176,1
0x4b25d8ba0910f41ceb3fe2ba48d3082ed12cd8e3,1
0x4bfb94bccfd860e1f9d85c10a8949a722676fc4a,1
0x4c8a8c3fcf77f37101d25930e7a086b4e0ec45ce,1
0x4e21d3cec38509cf7a3ff9ec53c32be893e9f2c8,1
0x50d086175cc14fa5ae008591d72a93cf22b48e32,1
0x513e0a472522e4bd8023c032bbf01e7fb1fe0df3,1
0x52690f90740621f89f58521433e9b0921d626708,1
0x527136cf29a1df9024a6493f219a1da64398fdc5,1
0x563a7e710f0e6e81d68b4a2fb6c273f179783a2a,1
0x56517e41ef464db3753ecfdd2dbcdd2f045b573c,1
0x56543717d994d09d5862ab9c6f99bce964ae664a,1
0x567b71b80fe93afe1db3581e6faf5f00fd483885,1
0x56cd7d3e1d4d25d826a95a0c1f5d172e29fea651,1
0x575f6540c16a72696c14a17fa64f049992d661ab,1
0x595a1b38c53d8fb5fbdf68196f22ef79fe59c9e9,1
0x5b8660a36d3af77830a35355658bde886dad95b2,1
0x5c509ce530f9ac85ffdf09c93c27654d0bc24b59,1
0x5c99e810eb0d87f17b0e467de52b3b2b4b2a2dca,1
0x5d1566f78607473f386315847c57c0f972ca5ab1,1
0x5dafb2d1f8b20501da62ba00c0c283293aa0b70c,1
0x5df6dd99718f32ae362b41e78b7bbf66ebccc179,1
0x5feadf8ef647da7f07584b3d33fcd565b79359a4,1
0x6072b510aa765dd2f31975c9aa65dde39fd1a282,1
0x616ed054e0e0fdbfcad3fa2f42daed3d7d4ee448,1
0x634ae4b57e6246f0318257743e5255648f9473a6,1
0x652d7e1b706b10de0bfee179c1cc41df73d3ed34,1
0x668df49e79e6a828b27f455297291a8bd2fe0531,1
0x69c38c760634c23f3a3d9be441eccbd2e50e5f73,1
0x69cc363055d8c3d5e211865e805e145ab9208d57,1
0x6b4fedc18a1e8cc0523e56cc9b45080e1ea00005,1
0x6b9bcb0b854d7c7430baa55167d367d28a8dbf1b,1
0x6ba228524d45c772d7643bb60c6bed2cd3dcf053,1
0x6dd97134b53f40d239842716b2cf0179a11876e9,1
0x71e22168b702bcff528b8974cd4b723250b67609,1
0x72b5b886e00ebb9407c7e39e1cee02bca153b1ac,1
0x72c95a7580c7f842fb30823b8a8c82a4961e144a,1
0x72f315c115408afd9240c5be0946c8ebf7261fb1,1
0x73bcb8c5e30bf85806aade7fc36f16c6b80fd3b9,1
0x73d05c2ea70dfc3b220444c94567dbc84bb0d24c,1
0x7426b39865d11207b8f795b10d70843fc3289051,1
0x7546c60ae8d65dc6dd7a0f61c169818059ef49db,1
0x7564314c19620a83b2c87e6d2febf0c3f846b1db,1
0x764abe778aa96cd04972444a8e1db83df13f7e66,1
0x76db02500f7631d57bc2dcdca9d4cf782b99e119,1
0x7865ea60cae35485f2a0483a385052164c487e27,1
0x78e15698955c07af846bfb2cf1aa37b2e58bf4b8,1
0x78eca41c3085bf0eca6470ab202f51510e5f86df,1
0x78fc8aa7bb4ee047257a245ca590fac4ae4aa97b,1
0x79fb29852d012e00ebab0e253400ddb189475ea2,1
0x7c84aab9f3eb0897191d95afb2aeb56a63973532,1
0x7cdbb8e309ce7c701ed200be123f16c6f7c9e525,1
0x7d340cc21c26b843f3f0670b4964e32cd1c4d7ba,1
0x7d3b2acb1a40f09eba725440e14a0e0e5eab4bf4,1
0x7dd8712c81695e6e3ea5aa3d1407e58b19b0e9b5,1
0x7e737324cd6702e1b93c9240072ec9cc036dce21,1
0x7f9bea812b9b6c3c4b74ec8aae849a5745cc3ffa,1
0x7fb1f91574e2d39c41a85395afc7ac2e4c0e6b9d,1
0x80cf63b40741e041515e6ba6a4d327088540c6a6,1
0x8179e48d959a4c41d5e0432ac05b30707149d649,1
0x8181dd699e486493027e4e21bf6d0c7b7c94055e,1
0x8410e543360339fc902cede087edaaf808a6d78e,1
0x85914d049aa004d037cae65bad275ed4147f172e,1
0x862464bbd83d5743f9cf873c6ea3d187d0f909bf,1
0x86ff945e6dc2470317ca082a01de7d24188671ac,1
0x872dfa67e260fedcaf5c4b410d47b587b5a71e82,1
0x873dfcbbc61ef7ebadb652adb98df9f69399b70b,1
0x879a8a1868d620584afa0c9c8807628d553c6bbe,1
0x884b9565d3a9d7265211f9354170a4f12ee2c4c9,1
0x886277820990c1f7d588ae8e60d60e03bafbf037,1
0x8880b69c95c0183bd3d4f30bc4272e457552c3d2,1
0x8a730bcc5572d3cb7f7f45568161fb28b3242d15,1
0x8c1a163f87915654107148434fe68f60847abab6,1
0x8ccb07293755004942f4451aeba897db44631061,1
0x8cebf0887979d86ee2c878663af7b71a35d0ba24,1
0x8d03354b729ebbe5ac44dc35f067d01bfe7eb684,1
0x8dcd5fa47d7ef22db41b2b66504923ccca5065a3,1
0x8ebd84269464b6ad7353d192f3b487e69d607e05,1
0x91e8be20d0dfb2293b97317e906223c1fa833a48,1
0x924baf1e2bbc58e9cfe333d4c7074886a6af1afe,1
0x92c75284b0d863165a8b33e212f02ffeecb2853e,1
0x957143815f0e1d1b1a31b2bfcded5b416ee675ed,1
0x957b0cd4e9851537aa7cc84e9c7b22bb68d949d1,1
0x958914bc3fc61629dcc5c11ce9d2e1dc254f3e57,1
0x95d41776812c6ca222dd5fdea56c065b55ff7655,1
0x968e708d939feb55d914e233cf1097f4adbcd5e4,1
0x96e3baa591c9cf4d5f44dd44d02a3d4ce9290ac2,1
0x9996b56c2dd22e58d53a10d38bf299fb5dea07a4,1
0x9ad53944b52e271f1114028b918202cfaaec0a3d,1
0x9cfe0d47672f0d9891dc312d242349d52d8aba8d,1
0x9e32560cbc32e1ea4c737d65f043a0d8f8310422,1
0x9e5f73d2bae44a6d6815eee51c292ba235f04f6e,1
0x9ea50708e47a237182a56c481a4d11dd021b7ec2,1
0xa081ae42802e0be86f5a6dd9274adf50c9986a1d,1
0xa0ff0e41d6847b1fce33a721a766e9e040027e6e,1
0xa2917120c698fb5f2a03e3fd3524bda85a3eaef6,1
0xa33e5e1ccf57c0caf78ae399061f270dd24ffcdf,1
0xa40117a1394fc5cfb3576fe12632381b0b79c0c0,1
0xa4b61e227361a9cd9e62ca10946c27748a382cab,1
0xa5ff2bbc712fc114c29f3900ebb81b7713fe131f,1
0xa76bda01601ebdd50512c2103a329db572d7a77a,1
0xa8c4e3ce1743d0f2a6c227548c982a7c40569940,1
0xa8f1b7bee4bb60311511144ecd6dab7b04ef2735,1
0xa93450b6e8300071e72a5da104c7bd5ed4e102c5,1
0xaa1d3f5d45333e40467e989d472effac4da00da9,1
0xac1a04679039a1718d3820fbc254ce29269af784,1
0xae0d16586e5d60d334624c115216a52b9b1a0335,1
0xaed072bbd1e541102ad6173352cd72dbb71147d4,1
0xaf12a9af19331fa9b89915537ce9d41bce5e4c5d,1
0xafef3bb7fc3cd8ae083672b65f79e6cefd4ac619,1
0xb01b3a335db49192a31af43a88c458e5070ca5e1,1
0xb066a5b94c4d1c7c06610d1628375e5e4b265de5,1
0xb1a2ed2acd8f2bc904617777fee5917d3cdbe1e5,1
0xb67a577a1855dc3a43df1d94b05a8f5d29570f89,1
0xb70c3049982c09c18dcbf8596ccef6f5b3c239a3,1
0xb774f65d9eab67c9a587eadb5b79d0a02bfa5c42,1
0xb8dfd425f4d6227036d5342cc4ac2b90826e1b05,1
0xb9234734c1ace23b0c57c126049a2c40b29093ca,1
0xb97e95c65384bcab44973e10324bd49b7ab49510,1
0xb9fdeaf50a38c18672218a89862e0a845494625e,1
0xbb59498b19783e5d81f72ad07acdac619b6808e2,1
0xbd1c32d2c3b3f600736d244c56806ddb5a190b8a,1
0xbd6006b93f10b484d22d5a9d4e17bfd0ade4f614,1
0xbe67847fed0f9760c36c6c627c513375673781f9,1
0xbe7a5ccea9f7279f714d4c9b4c5436dd38fb4fe1,1
0xc06a00899ebd1481f243ac4ec92a276c1ff26e8a,1
0xc1d95b52611c5171b3a41df55c5966dd8abb6c8a,1
0xc2978441f46a76c60e0cd59e986498b75a40572d,1
0xc4c65d75dd6579671db24990bad1f502d7c96c8c,1
0xc5825a27a03ff2fba429f49d7e337c4d4dd39400,1
0xc619f81c6ae4081eeb1f485b2055d5c07af4d777,1
0xc78bcf31908f0be36a353960552ae39c1c35c337,1
0xc7e8a6abb9b5c76c75c9bb4f77715793f7f8205e,1
0xc97cc6cc4b07ad3f5919165c99ce43437d6114a1,1
0xca6983947efc848df45c9e84b279438e24727d2e,1
0xcabd5f77ca9d48f4ef9793f20de42ad39ce93979,1
0xcc97dc4b6488ca9731c98e1bd5656599b08bac91,1
0xccaf8b4f1975d67ea40a9af9c87426b769695f84,1
0xcfd648eb66b736351f48dbd5a1752708371c10f4,1
0xd00911c7f9e5993ea0cd28cb615c6b21a0101666,1
0xd0f2b4436a280450290cf63490542befad404863,1
0xd1386560f0fa070b6b79e9968e8197cf17f3b8ae,1
0xd2f132930ea3c58a389c6ad3a91ef104f95fe697,1
0xd2f75604358c867c459521c45c2e9c45fbbdc772,1
0xd54921ccf100cc6a78acbbd4e55fd57c9b50ea7a,1
0xd5ff53f48f14e9409b581e41a4cddfe0e97dc724,1
0xd70676cfa67abc65a8c39f049d62eea30e3080cf,1
0xd7192081e5f481364c190022f0012a729fba37a5,1
0xd981a38d80de1c1528349b841833d3a9a745cb37,1
0xd9c09e1ddacce4ee6548b66773bf4e6fe9dd0882,1
0xda23ab0b2636c3f9806a868278d73aef2439ab60,1
0xdb22ca143f6396ad289c79cdfa5cc47f65884162,1
0xddc27a0a0c24d60b607dbc7b008f2016585e57bf,1
0xde08b96895c99f9983c631f7a9b7d504bebeeb94,1
0xde328c96ae88f37733a8d2302a0eea537d557b24,1
0xde3c597480051d659a3611569a3affa367000d0d,1
0xe04e8afeae36d99dc370630f1333d43f87f52173,1
0xe1759f0cd1358c049e7f64c26e13de9492f9f888,1
0xe262b5a7fa6d23be9007eeb93833d2e51d89834c,1
0xe3b41ae8785e4107cc69f988042ff4a66a367fac,1
0xe496a4f9472a4935ebf4ff78a18ae21e2728ffaf,1
0xe540a8d94bd379c4d9c0478c8fe9f7fe7f0b06e1,1
0xe61c204d9ab083240a7c8522e636298261ff354e,1
0xe6c26d2c2376e8997057fdc9ec0076249a6851ce,1
0xe7de1e998ee34918cabab534282803fce02e3f40,1
0xe8cc7c453eca25450ca16d551db93d5f5740e054,1
0xebe4c00073f1061ad27859478adcb4f5bc8ca67c,1
0xed7621c7f25ed3d92ca17df6643559cafc11d088,1
0xef2ad3ae079fc21e7e0e49e78d2a5368689201c3,1
0xf0753b5515c095cdfce5a0d58af15dc5aa46fa94,1
0xf33654f85ba6b567f8841c8c954635b27e14c49d,1
0xf382de713e6b92ddef167d34526f73a00e3329c5,1
0xf4fd230e3a0c4bb518185880290bb6131e019e31,1
0xf5d1654521931b52a325d275f3cafa2585a20b2a,1
0xf5d4a3b9fb77d1d5600a10e0e1c4efd12f9be751,1
0xf762c3993403d170adee1f58974215905887128c,1
0xf81c1d67b9c1f80eb30c610e2a78c2a1b1fb013c,1
0xfa766f029e703d341cc5386b9a4cf4d52be3b6a3,1
0xfc7d068f069e712dd35b439bf6ed9df8f58d07de,1
0xfdb6dae2791921aeb1aaadfd0ce766225029e3e5,1
0xfe8312a959e031c7d4cbe3f9cdd3ec8726d0d80e,1
0xfeb41f7dc10c98fb5a7995fd9c5de7c83e02dde7,1
0xff08bbef8f2b6986018fe3bb62850aa7db843b40,1
