ownerAddress,value
0x0a98f97e89743406a8611e1b4219a073b60ffed3,0
0x0a98f97e89743406a8611e1b4219a073b60ffed3,1
0x0a98f97e89743406a8611e1b4219a073b60ffed3,2
0x129c6695dfe7a906bd8fda202d26dfff601f83a4,0
0x129c6695dfe7a906bd8fda202d26dfff601f83a4,1
0x1566ae673ae80725bcce901b486c336e6acef465,0
0x1566ae673ae80725bcce901b486c336e6acef465,1
0x3d423e1b53633e12b4faa112c9a01246079ae9c7,0
0x3d423e1b53633e12b4faa112c9a01246079ae9c7,1
0xabaa9736156cae7236a117de2082b1543fa0551f,0
0xabaa9736156cae7236a117de2082b1543fa0551f,1
0xcd82365145305e1a3f9226bd0aaf8f72e6920c05,0
0xcd82365145305e1a3f9226bd0aaf8f72e6920c05,1
0x3cb63b82d778105e43f064ed739b0655f1f0fb87,0
0x3cb63b82d778105e43f064ed739b0655f1f0fb87,1
0xd40b63bf04a44e43fbfe5784bcf22acaab34a180,0
0xd40b63bf04a44e43fbfe5784bcf22acaab34a180,1
0xd40b63bf04a44e43fbfe5784bcf22acaab34a180,2
0xd40b63bf04a44e43fbfe5784bcf22acaab34a180,3
0x45855a3f4404aa08ffe14a366c75663f4ded2fac,0
0x45855a3f4404aa08ffe14a366c75663f4ded2fac,1
0x575f6540c16a72696c14a17fa64f049992d661ab,0
0x575f6540c16a72696c14a17fa64f049992d661ab,1
0xe9b5a2529ad21454cb5e4d172dcb4bc501789463,0
0xe9b5a2529ad21454cb5e4d172dcb4bc501789463,1
0x64f7de90dc79d775703bbec66a1591c7a26a22f0,0
0x64f7de90dc79d775703bbec66a1591c7a26a22f0,1
0xad9242795ad7fe630adda2b29ed39a4f4c4fd84b,0
0xad9242795ad7fe630adda2b29ed39a4f4c4fd84b,1
0xad9242795ad7fe630adda2b29ed39a4f4c4fd84b,2
0xb2d866297dbc7c7d8ad045c05afb48a95f28fb3c,0
0xb2d866297dbc7c7d8ad045c05afb48a95f28fb3c,1
0xb2d866297dbc7c7d8ad045c05afb48a95f28fb3c,2
0x6f113b0c8c7266d7514e4986e3d6aaf013b6754f,0
0x6f113b0c8c7266d7514e4986e3d6aaf013b6754f,1
0x729fcbb6e1289c88ce5113ec1c83a48a8e3c9f2f,0
0x729fcbb6e1289c88ce5113ec1c83a48a8e3c9f2f,1
0x7546c60ae8d65dc6dd7a0f61c169818059ef49db,0
0x7546c60ae8d65dc6dd7a0f61c169818059ef49db,1
0x76db02500f7631d57bc2dcdca9d4cf782b99e119,0
0x76db02500f7631d57bc2dcdca9d4cf782b99e119,1
0x80a1c9fdc26199a69d190ebc8ad287ef48758977,0
0x80a1c9fdc26199a69d190ebc8ad287ef48758977,1
0x8476b6a8aa0b4037e69e79f116f662aa0096b0c0,0
0x8476b6a8aa0b4037e69e79f116f662aa0096b0c0,1
0x896b94f4f27f12369698c302e2049cae86936bbb,0
0x896b94f4f27f12369698c302e2049cae86936bbb,1
0x62da56c6f6a58d9c0efd4e67a9c05dd819f3019a,0
0x62da56c6f6a58d9c0efd4e67a9c05dd819f3019a,1
0x982d3c5223f6b5794fccb3208eb164d042cf2526,0
0x982d3c5223f6b5794fccb3208eb164d042cf2526,1
0xab2056903a7b62bac46f45a3d7a70ac799ca88cb,0
0xab2056903a7b62bac46f45a3d7a70ac799ca88cb,1
0xb5374cac6cad6b025246f19d20b0d4151b640558,0
0xb5374cac6cad6b025246f19d20b0d4151b640558,1
0xb6b4a02dca517564eb98790ff67d42b5b37a3d4e,0
0xb6b4a02dca517564eb98790ff67d42b5b37a3d4e,1
0xb6cf25f5cf8a1e1727d988facdd47f1dfc492caf,0
0xb6cf25f5cf8a1e1727d988facdd47f1dfc492caf,1
0xbbdd72fcce73c2626719be00259ddffef0d5673d,0
0xbbdd72fcce73c2626719be00259ddffef0d5673d,1
0xc2419841dcb9a0f8906d06463ae24e00e1470846,0
0xc2419841dcb9a0f8906d06463ae24e00e1470846,1
0xc26012491b9dfb2e6f2cb0305673e212721d5950,0
0xc26012491b9dfb2e6f2cb0305673e212721d5950,1
0xd3e401814d1faa8ca0419ecccbfee93ac7b15b31,0
0xd3e401814d1faa8ca0419ecccbfee93ac7b15b31,1
0xd8c39a8e2779efa2f3e8c57d9bcd18ae0bbad76c,0
0xd8c39a8e2779efa2f3e8c57d9bcd18ae0bbad76c,1
0xdb561a899557404581e6180fe6d4178577dc117b,0
0xdb561a899557404581e6180fe6d4178577dc117b,1
0x000fb9bb1356842aab1d5398cdf3db2d46ad6e95,0
0x001e1826c164dd5d439b72f2aa837848a37a88db,0
0x00613f2dcccb7ac28fa1806fabb6d6c392417c23,0
0x00de86cbe88e953c38ec6afb20e34f3c0f5762c9,0
0x0150b0ec3c7b72879fbfdbdd79c18a8368b194e0,0
0x01d5fba02d3daad61e6c42b2e15771b06d19e557,0
0x02009370ff755704e9acbd96042c1ab832d6067e,0
0x024e0c1879db65cf94269dec6461060a181dc1c8,0
0x02567d98dba79f6acf3798521fb517aa6f40a888,0
0xe840fe7f29e61e2dbc6a7c1947e51fad47f20b5d,0
0x0340da03212bf3448e99b85f886f4d2017b0ca78,0
0x0360b9acda197703cb3040715c75659c38f13cf7,0
0x03667fa871ba6ae6b3966c037ce55ba0e1af4e6f,0
0x039053b4674d12dcdfe69fadc25afdb0c17360e3,0
0x03ee832367e29a5cd001f65093283eabb5382b62,0
0x03f0e71ac43276fcf0b327b1abe8cdf5974aecc1,0
0x03f4cb9e297ea659f30e09341ee7155a7d136398,0
0x03f58f0cc44be4abc68b2df93c58514bb1196dc3,0
0x04173063c0c491470b735954790f94ed307aae9d,0
0x04d0c64d8b303586af5cf6bb37db16bd7b78c43d,0
0x04df8d02f912d34fef12a1b0488ee56fd6f7416c,0
0x057931155d0c6355b1bd108b0fbfe9bc77d59ef0,0
0x0593cfb5105e6158835b6958f0b5cd7d78f1d4c2,0
0x05c250120ce07ba6fe361b39ac344148435c25ca,0
0x05feef6f10fe8890b82c9bf5065d58fb9b9cb284,0
0x062f25c17e026104d8e5d4dc15e3fc70d4a51d24,0
0x0637213177486b93a4198719a49751d77af0b43a,0
0x067fc0fab235979cb615f46336631288c6e5ad75,0
0x06fa75bfaa972845e7d78a6d928357f15a341d6e,0
0x073c29f511e2e6ed27220d441cbda55e84725eff,0
0x074396d67d04c48fdbef50af95df216185b63cd5,0
0x076097cf460e3b5fc3a94c43d9a598164bb29168,0
0x079a968a08b786ab238a028382d19180ff2c426e,0
0x07e34a9ccef73d5cc36d89d6767e3760658340de,0
0x08255e706f23ab1f5703eb717d8cfb5d097ae0f6,0
0x082a847d5c3f36cfb4f10859599cc75d98ab56ff,0
0x084d8f345501e0a1ba31b9219e999b38ea074931,0
0x085d07d65b41158a1545eecf05316edb5d163b54,0
0x089195a905c8d11a22c977aee408d8a694bcdf18,0
0x089fce8be711cabc806d69b1d0d5aebd52a06455,0
0x08d592713ff398b3f6d6cd185f5514396366d618,0
0x08db792f0dc2492c67ba901adbe136e76648341c,0
0x08f8070f1a17791dcfda507d2e1a47bd78b6cdc6,0
0x09c52c99e701304332b5998227f07d2648e8a72c,0
0x09c52c99e701304332b5998227f07d2648e8a72c,1
0x0a21a14fe203a267a13c3455abfc9d5f5ae982ee,0
0x0a690b298f84d12414f5c8db7de1ece5a4605877,0
0x0a87cbf5eec20d8d9880ad21f0260522ff5a675a,0
0x0a9d30fe3566b98ca3b38c5f7c01d4c172c38622,0
0x0aadeef83545196ccb2ce70fabf8be1afa3c9b87,0
0x0ab3ae680fe03a931ac9827a5853bf9a9837f502,0
0x0ac30c6aaf2ffc01938d92aca03f71f913636134,0
0x0af5cfecd1b1be7cd808bf466470db20cb65c51d,0
0x0af822d4d100ba9dc6da3d97ba1e20d771e58c57,0
0x0b0aac968fa73d8f1c26a673c14fe1cc3620bdfa,0
0x0c28d263fccf3ed25a48ddcf6561dd9cccd791b7,0
0x0c481cd7d09bdd222351d52622d272367cb3d159,0
0x0c4a911ed6af1032beec7c19225c91a3160e39e3,0
0x0c57daae59367c1b26cd337fdc0b69356f31ffa9,0
0x0c5c2e6a4ce269106ba9ae1ea397b02b9643111d,0
0x0c722e4e688b1c34b382da5b56bf087693a0885b,0
0x0c9480005f215bc7850d567ac3edb60a4d3ff59d,0
0x0c9d4d222911f3930ba6449df1f75541cd3ecba2,0
0x0cbbde5764b26beda43a6668514a486502f022be,0
0x0cc77f72bf8a447ce3c4231ed97991b238f10bab,0
0x0ce390f18af702cca546297845a4a51d102123cf,0
0x0d08c74268c1260d9b50175c41738e1a45819700,0
0x0d6b4f304b91a3b67b1db34776ef7e95effbc729,0
0x0d776fc8ca1c6903eb016bfda4852b3c7a1e47c4,0
0x0d78f3fc2b19aeda12d21713bba7e8b3f8a53ff5,0
0x0dd273b85e5578c488559107ac98a1ab98f208aa,0
0x0dd54b956442c3901229916cd035f5ff8b737ebd,0
0x0ddfa905aaddddc533bff695316979c0bb2d9eb8,0
0x0e6c79ce2cd7f3ab2a2d512979974a4a7707ffa4,0
0x0edc79adf90a6f6960932488ae70e8c22db9c208,0
0x0ef024d299cb56805f2437cd00b8a361a7b06d54,0
0x0f0eae91990140c560d4156db4f00c854dc8f09e,0
0x0f16ad1f7436312e9baa99dc44a1e7092f29848a,0
0x0f22657ddcf96c4d8e7cd22f0ab18fbfb579e551,0
0x0f5050adaa271deff7db29bf5b5108891aea137b,0
0x0f574d45d73f5c8f4189ccf4d98cd22eadfa9532,0
0x0f5d5751d4f300c3d0adbcadc05f0af4f8baf788,0
0x0f9ab846449ca068f9714818a6ed0da5d819e9e4,0
0x0fa81102157448cce52aa65d30ec20caac476e5d,0
0x100f28c9b8b1fda897eadc775caf74e0f3560f73,0
0x1010595f96ab62b31bfeac411ec5f8f60db5dc23,0
0x10cf494cdbceb726d21703d21131e131ff03ae33,0
0x10dfe5ed945fbb91b49ddd1810cf267420a8062d,0
0x1146a21769f81c9f2de05eae4dd117241b17d3c5,0
0x1157ae6204947fa577d93cc833dd72de2c34bd0c,0
0x1173bed0c4f7a35d2248f68fcaee40d035e21309,0
0x1187ec27eb94e65717af65f3ae8c326bd8bb47c1,0
0x118e3472a73e72dd85cff8ff09fd89dd48fc4733,0
0x118fe9d1dc8efa98f3bf41618d9a3d7f049a61b1,0
0x11b7b38d5b96d02d6381e646ad8ca55db74dadc8,0
0x11fddd535272e625dfe9dc2210609d869e658cf0,0
0x1234311096a5d59d444d4ffc42b16b0ecb83b9c3,0
0x123cd3fbcae960bbb0e7f68593b453186065c6d6,0
0x12a0fc764430a24833fde0310fce8071e1b5da08,0
0x488cbc938350ed55e5e7be56e98bdc06eda00695,0
0x134309c4cf57bfa43ef66bf20bd0eeccdeb2d80c,0
0x13616a4d5efeb9629c3bb27917bb109214db9b60,0
0x1365d2e329df3785e37ffd88edd934033e8ffdcc,0
0x13722725d7ed86b99d5f7fe5cb4226b6e42e7d41,0
0x1379aaccf761490ceba36b6ec572e5dfca48273a,0
0x13c39b3e6e6159bc233fad90825f1f9f84fcb102,0
0x13eee41d67b8d99e11174161d72cf8ccd194458c,0
0x1423d7ba74817a2617fa3e69b609a54e4daf6f79,0
0x14287e62b859a3a5e19b3c2d59ed1f12ac94ba4c,0
0x142eab8fe289e9169bddefc2c358bd247aaa7ca1,0
0x14977b0dbe7e155f9907effecbb70c9b7a05e737,0
0x14b9837715f322b8c515efc024efa2d397b75605,0
0x14ec3c75b6b68f59af5bc328a4aab494b5b7b735,0
0x14f317040944261970aa6ed3909b15d67ea96889,0
0x1513f6d3e5468a3a7c4f6b26ffd123cf0dbe4893,0
0x15181b7f41eb16678fd5e270bc755afdfc2e0c08,0
0x151dcb7d7c0bae08ff0f99469a7a03470ca9796e,0
0x15237b9fc8c244246abee701f07e42185c5111c3,0
0x15313380d80908dc1be59a802ca5b437f0f21851,0
0x1536b993645ed5c0b731011f8534554646a9b588,0
0x154f4a87f0fde6b52469af74e66f3c6a788916b2,0
0x155d2f94680831f6b2aa97336dc5fee7beab421f,0
0x156f3116488ed4681c748c3eeeca4913fafe4b82,0
0x1593a9b67ed8d80c9e45081f2a30e675d2b3c002,0
0x159968fad6a3df074cfe7e587cde0c5f375c1b70,0
0x15a33852846b4762d71a62928aa7c64d8aac8544,0
0x15ab7dd2261026db55623d0da3946a3e022be19f,0
0x15b16eb2212336a44ecb169c49e5bd55f469410f,0
0x15f865b36b03d582335036b5378864c7dc2e1b78,0
0x161a2562960f75d92fbbacc6abdc23fce9e571b8,0
0x166c9a16c8b9fda9d69950f2cd59a92b34b7954b,0
0x169d78350f929e5632c829e18814d69b38ecdc7c,0
0x16bf2b9490348b21bea767ff4a3d3c82e3059f12,0
0x16c3676077017b856dff4514170332abd7dc2729,0
0x690dabe81caf23ff4f855d27785d01da66ede8ca,0
0x170fb8f8f37776dc48184686dec386d2d1c41cc9,0
0x1756e785c364e30031e90f34e5d3b5aa4c83c1a6,0
0x17726f58ba7350a33d08d1bbad623e155fa2daa0,0
0x1772751149ad286c2945b91f9c6eb1f1efa990bc,0
0x177e6254970a4e4f340fc1a130d701d91bdeaf95,0
0x18302a9b14d7340f770fb85ca623f5a9a2269484,0
0x18412b9f84df461bdc0f2e0709df507d5bdb6363,0
0x1854a7a0b4f9466dbeeb3279e247d4d0b0a06e3b,0
0x18ccc241cce98a67564e367ebc1f1f0e692e3188,0
0x19285d3163255c6e5d225dec48d3a5b797f381b7,0
0x1932211f8bc5e03eea8a2a77ca02149a84a2abe7,0
0x19847a32b0eb348b006c79c1fb2d3ae1276c6028,0
0x1993a612add1434445be8b9936054f48945426ab,0
0x19989297b5641de9ceac8a0ca63ac384cf3a633d,0
0x19cd1978d96d0b9f00d08ed386b911659f9a0088,0
0x19e3775d47d63e1802577aec70189e7e3d6ac17b,0
0x19e7a132bd4b42f580f546197f42e19c42cdfe6c,0
0x1a4280869e14004dbfe81d1e8483c8055c9ac4ad,0
0x1a4b7409e020140443a02ef26858a7e53ac7d652,0
0x1a63faeeaa780c1dad17c5fd1459b958c0ba1b92,0
0x1a6e6fbc1f140a2055ef9725a119c74a824fadb6,0
0x1a7296a405d0680a37c3f13aaae4d5fd841e5489,0
0x1a775079fde189642ec93829e298148813274bff,0
0x1a7f174dcd4211d41c7c4d7dbb3a0e4db5780c67,0
0x1a9aee029a1b8c69c4404890c85715cc726746c7,0
0x1b081f0d69208f22210c99d93a7f0e8bbbb9422b,0
0x1b1405f6dc51121a63c71e9d7282c221d84dccfe,0
0x1b89f354c614f93b7cfb29c804aa0500c06d312a,0
0x1b8d65dcad712e1d0470fa8fd1f00956c2bc43c1,0
0x1c29dcaa0cad96ca3f60d414c7e2e47c99cd7bdd,0
0x1c3c1c24d4cf6b2a73f4bbeee33d9d5ec8048aa2,0
0x1cc0d63e4604b61baef861b6dcf3d92f6bfd754c,0
0x1cd85d3f4392f9f623afa07d96109056cf154a02,0
0x1d4bfeeae08be4069145460f8f765fdb6332bc90,0
0x1d522bd33cdd1f60be71b0b7b2efe4e9f20a5263,0
0x1d54cd3ab1b1a37eee51c2ae8680a3ec4f31f54b,0
0x1da0f2a58e65d98a8d04ba3da56cff9f5ace5615,0
0x1dda870a07e2604fc107aa72753f2aa4dada6c2e,0
0x1df24622941c97840ba53e2b165d4bcd0d86464a,0
0x1e05dcea408fa504707a17ddb4b28145e762b8e7,0
0x1e364eb88cbbabec80bcd7688f7059274f54a39a,0
0x1e3a64ce9b4a573674284ab590b4fc538746fa21,0
0x1e47bc8b6c585dfff2e166257767050666151f0a,0
0x1e5fe56aa8f66909fc7f2239749897e171380b65,0
0x1ed0042ad08f3658b6e0c9f2d6ff060d5bffb14b,0
0x1f2dd54ce97965c6aee5d860118c326d68a21f63,0
0x1f8dec5061b0d9bf17e5828f249142b39dab84b4,0
0x1f916bbf39ab189a9e3d9e1823a7b1a8e9e5f204,0
0x1f92fc15bcbeb4dd24eefbead8d7aee409f891dc,0
0x1fb95fc1bd13db144c0248cf1b6a0f44ceec93d6,0
0x1fef500586a301d843a8049b6fefb920b4888513,0
0x1ffc29a768e26ab393ea93e4284773410a84b660,0
0x20335c504a4f0d8db934e9f77a67b55e6ae8e1e1,0
0x206b0526f4866e7580780015cbacbb4a8dbb8c80,0
0x20ebf9ae7c66da763fc1ce86062ce883389c8e23,0
0x213f6b2680dce3e4d0924acff3e4e34520ef9ba1,0
0x2177da04f9479496c2292d6344d306aa49beb34a,0
0x2192f2eaba393112e81f2bbf9dc414dd649ac7b5,0
0x221ec121e4f01aee3e94c4db39e50f44545b3aa0,0
0x222f2a64f157a2eedad59c50bf614ef00b6bf852,0
0x22418183c90741bab6606c0e0d240ae6c3a148f0,0
0x2257d2af0f1af5ea7de2a01807ab173dcd383ef2,0
0x22c5466ff7fcda8a759417da298eab17199bd20f,0
0x230d0096d6a60c6fdaa65b6d0370a6ba2b96fbea,0
0x231595e3673a10e846803194f4982e1cf3389161,0
0x231a99192dbd87752e2f483c0ecbd4b71ea95c67,0
0x23afa861ed353e61b7f4ffe65204a4b36685e5c8,0
0x244fe02fbcf4db4ad96063b161f00e444fc54011,0
0x248458947c120ca057ec028b3fe7e4b3f26fdb3d,0
0x25079298fb99886347b9af7fec321799775c6bce,0
0x2511a7ba553130d789b6c3aec620a8703a581aad,0
0x253470890b181410d8c50282df8ba02920033aad,0
0x2573623e65748f9848ff10caa34bc6931753fc60,0
0x25a6a662aa143ab46b71a50908dd8a74ea56cab6,0
0x25acc72796bdf4579755708fdbc8409622d224f7,0
0x25cce02e6339fb00ba362dc81cd1a5d7f0ad13d0,0
0x266b2d881291c5bb36cf386d16e5f8ebb8e19a71,0
0x268221eff4de4d9ca8943f9e143c076dd2c1dd54,0
0x26874d5915fb831e4771d647a5048561da3c0874,0
0x269c2d0badff4e365ac2a0da8c8e3f186b6adaba,0
0x26b0f2d8c16e0076d9c00ff68bda5e75563bd215,0
0x2762c7fe932b8688508fff24ececbbca92a128c4,0
0x2776580fe173e86121ac44edf3614401d19f8061,0
0x277ba29263bb09658bbc973ce6c8f63019901e5d,0
0x2792b5aa3e76fe809fde48f55d0a1201fc256936,0
0x27c32403390c7f720156b2fbbe6ee27980c3bc62,0
0x27cfe859468549db602abbc4170d14fc907ec76a,0
0x27fd36e07bca70e64bdc1425e6bb5383d5089b62,0
0x2821b89a36c0452436081996bb755a575a4bbd69,0
0x28458f3442841da5e4773b39286447d27ec57b59,0
0x28b8d4f7516a112e2e2fd462293a1c27cde327a7,0
0x28c146f330bcefa68289a5aeaf733e2d2ab35ffc,0
0x2924196a2ec71ea4ae1b1357381eccdcee6c18f2,0
0x29b901ac5bb634cdfc64651f90ba0cc6f276494c,0
0x29d520fe46f42db6abe034fec7185b46b8d6fc2f,0
0x2a05941097fff7ef606bc62da1907719e1d8d435,0
0x2a26fb1a180a2ce5c6c2d06dc4d430c37e7ecf39,0
0x2a42cf4e1cfc33850fd8d8da24f86cd89b82ad95,0
0x2a8e6a695441752325f4dba04203bdd95bdb967b,0
0x2a92cea8d390b44c3c8bad05e2ef0d6ed433dfa8,0
0x2a9616fd9bee99e1114c9c4c12737b2899900fde,0
0x2ae1343a5c828cbe5c115785408c18aef387f2ef,0
0x2b2c869539188c28c202d086fe99c554493f72dd,0
0x2b6565c457d6e73efc15eab80b8ffa34b6bf122b,0
0x2b7428fe9dbaafc1615d50d96bb6200a68481c67,0
0x2b99dc831f80ded875ece675daf01e305c983e3c,0
0x2bb2ee28a5bba51db2c104b6c36a6907c21d4d4b,0
0x2bc490bb1386900c13f759685af5c5d059f413b1,0
0x2bc4a480f8ad345b398abb23854e3062d5c57c51,0
0x2bc52900a118390ea8a97b29eb5e7e75f1cd912c,0
0x2be9f18c46df11f05b581131af4d339c20c7254e,0
0x2c1725bff8496ab8098406639ee34e5b015f74a2,0
0x2c1969425c01d58e103f33546ff799f0648fe634,0
0x2c4090a54bd6eff78bcbc0b49ed17e0f152389c8,0
0x2c45f65d254e85584b47ec82450c91a30cfc6be1,0
0x2c8875f34ceb219f61b7453b2c5f100ec2f6ed33,0
0x2cb3338f518b2d61470b4d1d503bdc84c1a04ecd,0
0x2cb5ae51861a4a6e8568b527cafc3891317ac94d,0
0x2d040d1ebd00f0cea5c02a9facf93abaa92772d4,0
0x2d0ddb67b7d551afa7c8fa4d31f86da9cc947450,0
0x2d13271c668d31e0ddd4563727e871f82dceb41c,0
0x2d2052be503780c575629a22aa84990f9e38a7d5,0
0x2d6ca50ed8874def9709379dfb383fb94a08f760,0
0x2d92214855f88f1a3f24b1a3f8f6d533cd0e2e37,0
0x2d94ef86f8842726f7829bebd76b0b0ec2b6163d,0
0x2da9b919597d7476d8ff484f291471859bf7c625,0
0x2de20bf6ff647c1a47d4192d1b6d1114024bb475,0
0x2de5ec82bdb8bc7662e9994fb24ea6e6f79d9d69,0
0x2dec6734582a7aae78ce63797182245202e2c798,0
0x2df96030e8dbd0e7e76ccaf110cbf808e561fa10,0
0x2e31db5f6262e174cb8674cdce036dea306bfe00,0
0x2e54b594ff08bad82db35892f1265994c57bf46b,0
0x2e8959c8fc0735f969ecbc21d5b40ce0a4006072,0
0x2ee5fc834903186949c75e0dc10ec245397bf1fa,0
0x2eea5c25d45b7861b24c5a36b3535222fb6a0aff,0
0x2f0e4383f1166cea4e21925c2eec1663d3ad8e7a,0
0x2f5fc65b9c6d1fee8ba4ca23fb2d7c363c95133c,0
0x2f8cb25737f469a3479dbf3cedf428a3d9900d39,0
0x3025430ae8a81cd13e3d0969b1093f8d82bbbd7d,0
0x303c36e5c473bf36bf643debeb61c68f780641aa,0
0x30af586968383a9929dd179a26d7c60582240cc0,0
0x30d6630d31171745017c8ab7cdcaae42bcc4d748,0
0x30eaf1e4db6e830e112988b87a300c03c75cc566,0
0x31222b4a8e0a2592d8ee19507186237faaef4467,0
0x3135d041d207a3c3c4edfeba5cd1956439b5de38,0
0x317c05fd9e87878c56d3a6748fc6d166b65aa767,0
0x317c32ca0309bb8a1f9d8a3e2836544f233c841e,0
0x31d447ccf5ed1905287ca964b72f5fef01682944,0
0x31eae19c7737925fad2ff2f007ccef3c9a7e2239,0
0x32568a1e171ab461f3ed5cf0a040efdd108ef740,0
0x325c13ec4f14bfb6bee50b14adbcb25afcaf5a01,0
0x32606c4aa95ea78d7c5b1e0e347e3e9ae451434e,0
0x32ad13395374a367e1356267d5a6c568a208ec2a,0
0x32b32383ed83a3e5f07938700cf5d2143904792e,0
0x32c0b363a25530cb15b189df963510dcad7fa2bf,0
0x98dc45a0a69a60e63f7a042507ab38e4d492cd69,0
0x98dc45a0a69a60e63f7a042507ab38e4d492cd69,1
0x332ab3f0dd19b601e988024bce17c9795a8c88f7,0
0x336734a67020ee0f36fbdeb32517a5d8751bd0c2,0
0x33aa9daac0cf59b34a1d4cf9175491b4bcbd98f2,0
0x342522ae61de25d48c66807a2cecac4681be3d33,0
0x345ece8b7fc0e91a066130e455b951aff81cf0b0,0
0x34b93462e65303f3857460971584fd0d908f2f45,0
0x34c653d4f5b7e1171e0ad1d2adca6f9fd2f01133,0
0x34f99db87d9d7180150e5f4e94c1ed8b230d162d,0
0x3543493a76ce5ca362dd6eeef000547de52b6875,0
0x3564ce014967c81e25f6349124673cf60b7ac572,0
0x3590054ffaf5f06b3ce5416f0c41cdb54d92b013,0
0x35a7378f37918969f7a733d46519de9bbdc6fb04,0
0x35bace30dcacfbfdd29e0bd822f8d3cfdad00d3d,0
0x35f7f29f154a28674c8a50d435384744b02cf42c,0
0x3612b2e93b49f6c797066ca8c38b7f522b32c7cb,0
0x36291c3bc9d09156970daf0a0a205eda9d82ffa0,0
0x3659f47efc320cf7b5f7a4ab216447c0dad30e90,0
0x36799ff7bf99602870b91572e2a897b06c91c87b,0
0x369712ace28dd9d7ac6276cd8bf208a7c51e2937,0
0x36a0d4dca6d768333f916368b73bc689438e18a1,0
0x36a5bc205df1ed65c86301022cfc343a6ce546ff,0
0x36be14c0d731d70333e4f906a0d33ef65182fd0d,0
0x36d4706d9d8a106d2320fe14c9da4a4d13cbf498,0
0x3707774904b97a8f13d82e74ce09fe78f4487c44,0
0x370c4fafd8b9a621d01df979866c5259a2f74211,0
0x370ebb6e69b5023fc68755bb6a1435d084dfe07a,0
0x372c789aa46503182b839568609bd13cfc1daaad,0
0x378dcff8e6be1778b04f5712d686517bb6a01927,0
0x37cbc09501e6965c97c0e4984a0a371b5d591dd9,0
0x380165a20a0516b3fa503959dcec7da3ba4c964f,0
0x38090615458c10d067dc19b5f1ccf7d4b4dd8bd6,0
0x380f39d495010462752aa5df4fb870b9c664ada4,0
0x38167714e4bd03afc946e1fa8667269e48420a09,0
0x381e169fdaa69b0b2ab3020e9b3f9d9cd7e65f84,0
0x3833a533f811a20b30b9694e8045ea575c0ae1f6,0
0x3839a6c85a38de97abd0ecc092ef3311a7f1311e,0
0x3852471d266d9e2222ca9fdd922bafc904dc49e5,0
0x38545d73e9f15e92d21f1ddc71a109e8a67f6291,0
0x389458f93e387fc568ca4568c231a64ffd0456d2,0
0x38b2739bcb869494cc7953c79c97e3bcad7eac04,0
0x391a3699f430a4563097aec735b3c242108350ca,0
0x3a0ef5855dc945cd09daf92f5409db79d6edace7,0
0x3a30fa661820bf261b39f41a63916cad97b20e60,0
0x3a4e2bf6ea815a68ee72d6796e4a93326035b6cc,0
0x3ac2cc26fbb230e704393dc79e97cca47e709247,0
0x3afa488a8cdbccc2163847c2a7054c778ece6a23,0
0x3bc3a258fc6dd9f6d3021a47b44706c656faa6da,0
0x3bdc75b240aeebd7a266edf867b8ad5c30760a3c,0
0x3bee84b103aac868c2620ebf1e6908d9036f3bb2,0
0x3c2550ddb9294c21d209999bdaa15f8249d0c161,0
0x3c554c31c2f1938bdde970ac9add36f6264b55bd,0
0x3cc21b066017f90c8245b90cfda5187df10be1b5,0
0x3cd378c9b1cb5f147ebf1b2c2564118946ae4ba1,0
0x3d6e438e20c2dc4a51cc85ad19e65f6a72ac7bf4,0
0x3d91ad906c3969f86c588c988f721d5a735c6f81,0
0x3dc3be0a9278028fde0e3ff65c6154e2e36dee9d,0
0x3de4b60cb19faebf58efea6d4cd99fb5295cf95c,0
0x3e2b3d1307e349a96fe25ecbf83c367f58f6d958,0
0x3e3721d26d5b8612bcd6504696b82401b9951ba6,0
0x3e998c50b1eaf1577416e2bf31a76d09a48bc3fb,0
0x3f358b4e54385ba4fc8dd9ea718d360db5c7fda5,0
0x3f701d50e68faae2b49fae9fc1262bbd360a9ea9,0
0x3f849f47f5b372d80407e442f360ad7b17f5fac4,0
0x3fa5a25f48ba1b736761706801be4f639ca4853e,0
0x3fc145ea0fa4290ff0304c689f78dc8fc69788f7,0
0x4069d163d9ff94f4e7025f28ac3f3c5df3f7a149,0
0x406bbd4b112e77d7091e36c23b92cca918b5419a,0
0x40a605c69cfc12a5f164188a1e2b5cffe3f381ed,0
0x40d500be11e713a66f89b4cebc6d8d11e3a0f2a7,0
0x410a9f44948576c60f94b165f63eb79ce769a04c,0
0x41254fe73d3b49f0fe3cc7743b4d40ef26bb338e,0
0x412d974ca20038402a4e50d586fee6ba6a9279ed,0
0x4184f399b416f5d2ae4fcd9a842253a9896e73cc,0
0x41989930166e61ef461e525db5fef89da4e94a31,0
0x419d8dcd1bedcd2b843a6987515b986a67a58088,0
0x41a322b28d0ff354040e2cbc676f0320d8c8850d,0
0x41b68202dc64904e09d2e4f0a94879c741f27db2,0
0x41bd1e75ec5b56cedfa18a223de19a0a0768f1f5,0
0x41bf572ad11733ce1e0aa146535b2b4509a14081,0
0x7d93f170dfd65d14d58682678b7a0d171f287c93,0
0x4212d149f77308a87ce9928f1095eddb894f4d68,0
0x42617123b481f61df6b5b8a6484ba0a4e6929279,0
0x42647285714407c7e4664be52e3a4ab38a2a7ef1,0
0x428ae3bca203569a95065fe5ab0b27e053e83476,0
0x42a0cb5083883e48753fd7e286db9b40c5f836b1,0
0x42f2d682d9cee89a98347768337938ed8d18c266,0
0x42f34449209059717e6c48ed0110783a7df82abf,0
0x432cda1bdf599ddb69873ced806da13df0375f8a,0
0x435e598e5fd4477fbd0379e2f56afd73f272574d,0
0x43b0bd27d5016e969193412933387b0dd4cf3e0a,0
0x43ed63322703ca6249ddd5a094d9bee0a3e8aaf7,0
0x4411db358ebf241c8c3f3529ac627069bd9c119f,0
0x446b01c4d72ff31856363b121cf06361026e161d,0
0x4470e0f5a0a3969cb0d5aba71ad4e6c759dfc824,0
0x44b76fd4eef6ff8327c3cd7359e2177de463e36e,0
0x44d89b36fce03e9cb6a3ef589668f93620aa1ac1,0
0x44f301b1de6c3fec0f8a8aea53311f5cca499904,0
0x45133db3eadd8718f5c3a868ec2f7148e460dcfd,0
0x452f438aad8b675232c1fd7ff8e940d72d8a9f45,0
0x45492c6bc6ab97e4320e6f844c560be62737a303,0
0x455867c5b24bf1a29ee02e0195b9ff36bea17ca8,0
0x45db9d3457c2cb05c4bfc7334a33cee6e19d508f,0
0x45e48c0a6fe8b759652624451c83387130c58367,0
0x465f189d082f999c47e5e5aea9c05ab78f39a77d,0
0x4691835c34b907a2f7ac8dbaea203ae34e6346cd,0
0x46b2bd5c888e6d57a839c559fd6076f2c15a8cb1,0
0x46eb69fed97d4aaf16535e0fd246cb78db39dee2,0
0x46f67ba8629f70a9c6099f9f0ca1fe98e5047397,0
0x47279fc734466ee8acfa50aed553ff79770c8779,0
0x4748ce48e8979e7ab09b2e8df95a1bec7c65b869,0
0x47836f027d427e78c06f24eabfdd1d2089fdfd5a,0
0x478454599df852e11524083605457875e50ceea8,0
0x479bf4c9d6fc555dc0ffeee66bb7ac17ac80a51e,0
0x47c3c798d5a906f5aabee62b1cbc6368ed1c8898,0
0x47dc3a7aec5c0e1f4b2c71303a4b1eaa0bee3e4c,0
0x47eabc96c1825826b7cb176673e4bb936ac709b2,0
0x4808d5a2b6423abc0060465fdfd338c58e758690,0
0x48238faa9bd6d56fb44a32dac6185f04eabf2117,0
0x483388c064fdcd036ad9df3807332023fb1cbbe7,0
0x4839ab5e2e84cc9765e38c818c8345c5517d5d19,0
0x483a124f6717ad67440af11a77dec25f1a3d1259,0
0x319af5203839970ccb04d2eda95c427941c498ae,0
0x48488c36c8643f6eeb13f6bcd5be8612918c6590,0
0x48910a64005cff019885bd7b277e0a69a94ae11f,0
0x48d26fbd89dda10c72cd8dc7b82b9eee0af6b48d,0
0x48f044229918cf94343b6a37f657998686d7fd7c,0
0x48f1b764b8cd851025b88fa28f92cb855b9079c0,0
0x4909c45bce6c9f11081ee53404b866aee9e0ddbb,0
0x4943cc7813da1697265fded90a2bfb749eba0d89,0
0x499dbd98f447b660dda53dcbb9376a5165071ba2,0
0x4a39ae58b605102913ac19b7c071da75b55b2674,0
0x4a8a1d875587780ac11c21dba479bcbdda794b21,0
0x4a9c2b7204570c8272ea72933176d4d591b08424,0
0x4ad1caec5bd0ad39649126364d0e9f160ab1528f,0
0x4b2ef7127640964bf5cef3d1bf8d8f72d8d386f5,0
0x4b45185627e904876da107391742be3d7e9c7d0f,0
0x4b4d75b8b0fc7528ea2614b2ca83555824c07867,0
0x4b6b6b3ae4abd49b5604e7f78942fbe2e1d07e37,0
0x4bae43a2c32978c6ed56fa9500917dd47664b44c,0
0x4bf57c3b1396470882fe7f448a7c9c16f25960ba,0
0x4c29a17253d5f5f0acbabbe2117478ec6204a2d9,0
0x6ac7466fa71c7af32f4ffcfd20016eb4fc9ad879,0
0x4cd8e0bd4a991b2d7763d80c4c63dde5582942a5,0
0x4d477f1aabcfc2fc3fc9b802e861c013e0123ad9,0
0x4d4c0cbb2d169a96a9b20ee4e36aec807a07eabe,0
0x4d7e6948fb5ed2d92897de0605cd642eff69fbf4,0
0x4d85a9002df28029761a70895a08cbad81a419c1,0
0x4d8cb131e2835855e37eb277943f308054f4242f,0
0x4d8eb365bc03225e74bfb90ada1c2ada2b6cb8cf,0
0x4d91838268f6d6d4e590e8fd2a001cd91c32e7a4,0
0x4dd2a681d52f783ca9e317bfb9c6b1f52acdc619,0
0x4e1829da30cd7ae2f3e9915cb8c9f3f203ac7d83,0
0x4e1a3895bd8cace0764c161f3b11feaf58ac4f00,0
0x4e21d3cec38509cf7a3ff9ec53c32be893e9f2c8,0
0x4e39795874922b61cf3a6adb3a85d52fa736eceb,0
0x4e3cc03eb2be6122f2316b84d1c7edb900e90dba,0
0x4ece75a3b5e1ced63ff249561d2f7ecda754d162,0
0x4f08620c53f2b92fca61c78ee502ad50ccecb10d,0
0x4f13eabaf32ef4ad3837ae88fcfc6c69edba0377,0
0x4f2b438e02abcaa832872f896ad4497c0ca81b6c,0
0x4f422071aec149acf9618d22b3545e8e1a653fc5,0
0x4f492b2a3ed9bf0c65d508dab4f7c5f5c04ca6c3,0
0x4f494d0f18153cd75429588dc67e0975b67dcf46,0
0x4f64c6b8333f74890b0ba0af4d480d8ecce01e17,0
0xd787001237818c10614bc6cef5d39ccb0348a9da,0
0x4fb2d7d74200bcdbca1157ffa047e8248631d73b,0
0x4fb930ade49d661e81ec4d5320eda9e5d27eeab2,0
0x4febb93aa8220bfd78080ad32ffc7ab5337f1dc1,0
0x5015a52a42812d1591531628652ccd6d806790cf,0
0x5022cf478c7124d508ab4a304946cb4fa3d9c39e,0
0x507d0bfec0b2d25edc0fb61aa13f1a06a243e658,0
0x50cde770461ef53b62e083313d64b5b274b4bb78,0
0x50d12e66195a67c80531f251ceac41e7e5e67340,0
0x50e4a02362373d9dae47f340c82fa146e1d06158,0
0x51097b2224ac6daf640206f31d437faeee951d54,0
0x511b2eaf8bf2944968374f4d5f705573c00927ee,0
0x516656beacd4c41f4e1a2273263ff4995d0fd1d3,0
0x52029325ab640c933e86fea95002c1b9a774a6b5,0
0x520b33b4b4015fa88a87feb4a252620a5b79a1a2,0
0x526d62200ba2049a660bd6d7a8022fcc45550714,0
0x528e7db54e33c52277ebd5daac7fcde897ca5085,0
0x5299a2103df623f4db5da089a976d88ca6f87e86,0
0xf0cf0a85c08527d8207a3ef45c5dc5af38a61da5,0
0x530d208e6d230629a56cef4f82b125deec373843,0
0x5328cd117d42fbeb105794b5cd994df420065462,0
0x534b8531e362da97d808ba2ab3959fa2597bef11,0
0x53562e8ecee54356dc89ad263a444528b34d6c80,0
0x5399a09fc5d0054fe1d0c15b2dd135fcf7cc3ade,0
0x53cbd34ca41a2373dc329c63dfca349d90139e27,0
0x5458c15ff220bf75b92a76229fae88f93df9c6c6,0
0x548418b6265658d5f1f07d37ceed4cfedb4e3202,0
0x5489cd0329ec89e54e849d1c44d90f556bc27c60,0
0x54913cc8ea17731d62589039dd0152f306473843,0
0x54b9baf313d38713ff107142a5403689afa80e76,0
0x54be3b98564f0a89237ff10d5c7a053edf2af10c,0
0x54ffa6d7d9315081ab40806fe2b2aed7823c7987,0
0x552f01d67b352aaa38bc675e30ced97f2451df63,0
0x556b742a0d725e6138ad84546e56e014c0e2f364,0
0x56383a5dd01d413fb8b38f2d0fcef5f511f1dbb9,0
0x565465a0e19309ecb839319453e2c83aa0befdf2,0
0x5655a4ed1ac0928bad65cceedcc8e5012b3d0575,0
0x56bdc5fe7f9752e7f5a381e394acfe72a724462b,0
0x56ee8bd11b5a385d3d533b4c2c6e37de78b2aafb,0
0x570401545cb9d043a662dd7b4c2fd81b343c86b6,0
0x571ae158b7f1ecc0ab4f17c9474a628882624919,0
0x571b8db726c2a29d237f88c9efeb896290bf395b,0
0x57798ea2de5e864959a3f00a12f9224147edf7c8,0
0x57a4c7c267afdf07bc8c9f8faa46a43ad5ccb688,0
0x57c25777bd6dffb3251306c0a6449bebb58a7af0,0
0x57e283b1bfff55471b6c78203a08acc761dc6ed4,0
0x4f76067f972fd47631c0e52547d80eac5bc49d50,0
0x581f51f58f9271a131dc168ee925055160bd9ada,0
0x587de9b9f765b056999fce807f310c58aea97c10,0
0x587ebd9377e6623d3d6b23bf4795f67df33cfec4,0
0x5887df7f972926067e00dcf88141bc17067d3669,0
0x58a216fa7cbf9d4f46ce69a4008e628b715651be,0
0x58aa5a3a4e4329bd660dfbeaaafee83e26e6d4b6,0
0x5903c4a5855260c57e2813d4ef9f0b41a3f312fe,0
0x5929a04ec2e784b6ed8e7b00f8c83f7e35444a78,0
0x592c6c12c6cf71722880b9263e93b35ff7952cc2,0
0x593620ba826321a0d063ffa5d1b991a021088300,0
0x59988f8eba1da467f9c0dc751d496505941e6aec,0
0x59a5493513ba2378ed57ae5ecfb8a027e9d80365,0
0x59a65ff3187fe27e2fcea9e93c90599be4486bf0,0
0x59aa4d2140ec130a76cd69cb0974cec4dbd110a3,0
0x5a106f5cf9fba6af5dda6bde1b8f3bacbd532c37,0
0x5aae5802046733fa533ae09bf644ce359d83fcc7,0
0x5adbb3c856f676bdb50875366114f7644b82f781,0
0x5af5d005f956e448dab7f00430e6f6d6ea45209c,0
0x5b1022d859a46f42fcf24bcd8f5ab616e52b4800,0
0x5b70385e4586ac15464db0071d373a1dbec1860b,0
0x5b8431ee3c8f688ccde440a1a8b76259cf7bf082,0
0x5b8660a36d3af77830a35355658bde886dad95b2,0
0x5b8dcbad4df5e00c20c35a0339f12259ba40f2a6,0
0x5bc05eb9ae6efea565438d88f02c80950ccd7040,0
0x5bc928bf0dab1e4a2ddd9e347b0f22e88026d76c,0
0x5bd3bf853b9970d93da64d7628919997c1a06a6c,0
0x5c076659e81dd48a5d73c81168fe739c2ab89087,0
0x5c21819ec13d83b61deef1f1eea2a9b092d65cfb,0
0x5c2c395d3597788c4e98af2a621b49bc0467c2a8,0
0x5c3097e7fd3b97d9fdeec6d378884c892ff0545f,0
0x5c509ce530f9ac85ffdf09c93c27654d0bc24b59,0
0x5c59597c6776e19f3ce9e99e1e20ca1ed0ddf4be,0
0x5c95598fe454882fec1139c3ed1284255b49c8b3,0
0x5c99e810eb0d87f17b0e467de52b3b2b4b2a2dca,0
0x5c9e2a6fec34b510996a8e2a3d1e2c47a382a8b9,0
0x5cccccbd3c8083e3ae3d37df50d1df7f7f944236,0
0x5d0d23ae81ebe1b6ac96411b2c7bc3bf7463fa25,0
0x5d181a27b5a2f444ddf4b89d65c88214d7413ada,0
0x5d89e37883a037c1e76039bf7ee51bd36e383358,0
0x5d8e4b25f4a24479ee1ec2fec562e19a436cca6c,0
0x5de26d392ea46ffc17131042e2584fe6ba46206f,0
0x5dfc1f36bee4938b3dc8ebdb4c34f64c935fc2f9,0
0x5e77f786330f0dc186da3e9fb70256e41c76a62e,0
0x5eefc3ae27be1483ad6b864b45ed72fc39e6bb6c,0
0x5f4929840d37af5a898a56fd517d58eb4eb96e6f,0
0x5f656037e30a003862cf878db24ab5f537177fd9,0
0x5f80fa8a11fcab25bc4837f0009737d5e9ca9f3e,0
0x5f9d41289ad44d17e6c51f889276999112e4fffc,0
0x5fae9d4b591f213b3ba75287f2cfac0883d17f7a,0
0x5fdb5fdb61bc2975f3be446c5ae9c5df490f55d2,0
0x5feadf8ef647da7f07584b3d33fcd565b79359a4,0
0x5ff76f838f023b0523d26bbb6e1c7d3464220ba7,0
0x604eb7e859fad7513dd94bb0494d19489b064798,0
0x607aa580eb4f25f90f0d28ef404fd30f8a35db1e,0
0x60a4f65da916f1d23970f460b5ee05ef84e76f55,0
0x6191c173e855202083455859e670ac16a669788d,0
0x61d550db20dcafc8e07b15af7ee3ae6e518ef325,0
0x61e5b700f4b20bdeaefe0eaaddb6816ecd403491,0
0x61f2d8e2b5ad7a47b2217197f5a5a3df25ae915d,0
0x620910b020fd12e7b1ff8c0d52eda66bf31213d4,0
0x620f761d45a8b2f9b81079758ec002aeb8d92489,0
0x6224fd05d32b5e9ea20d61bfd10a5dcc2db6e76c,0
0x62d7cd7b7ed4ea69845172507457e7b831656b89,0
0x631cd42eb1063d1fe2b49a78744f3094702edbab,0
0x631ebefd35fa59ac01e9c0514cdbcf9cb70b18bf,0
0x6372d3c71aa13be4942b1c854b01608f97572e3a,0
0x6430c11231ec6723e5bbe6ab258f184f5af7c836,0
0x6456f20453a383004f17b921cd770d187fcd30ef,0
0x64ac2084601f8cf846f359ffd956adb5a34c6722,0
0x6556751caf10474b9bd8b31ee4b0bb4420aaffb4,0
0x6576a26763cefa8f37005c067f7902960dec6b8e,0
0x65a5c6ba0f55c1c0e333bfe0db783aa07e8310ff,0
0x65b27ba7362ce3f241dafdfc03ef24d080e41413,0
0x65ba4f92d7dfa813ddbd849d9faf38a723dd9b12,0
0x65e1e9dd2fd13cc6a556e4d0d6acb01fb251014b,0
0x65f443b15177bba952a419aee1cc219df93564ad,0
0x65f7e6d54400315479cf47ef8e6c5a4a8475395b,0
0x66477d6f62dbd802de7196d052c650731c5bdd10,0
0x66533dd5cde19b4a79b4d394f6272dc4612b1abc,0
0x665654f2d2a151be2d0f8e3697e6ce780f732af2,0
0x667dcb5e4076d2f48f565e41da03017b48fa704c,0
0x667f565a40b7596358ed338331a206d914f6c9d7,0
0x668891911ffb50a1e5c20e2e9f985ed9fa8f05e3,0
0x66c1cb7d63d6dc5e049ce7667d8973dc35dfb427,0
0x66fa06bd24294ab3bf123153e49b9065cb7672e7,0
0x66fa6d3aa74a9c2b0bd1676747dfc2f6951c936f,0
0x67052b837563a6d19134f06c5ac2fee9f7eebd26,0
0x6767b1e546dcb7499652a1fc4bd6f1e36992623b,0
0x67a3a43a55bd9cbfa5d696a7ef2d57e9e0869fdd,0
0x6853a596d6d7264d3622546da3b891b6fe17eb82,0
0x6885c0a837c320f47a66df243c49a4e605ceb1ab,0
0x688b6650f9e1b5d766b5161c0ea3c56c19c95adf,0
0x68c4aa868424f57e8e8580555cf9c921e0870a0f,0
0x68cbec6e76a8cc835ae75cce5feff1f36cbaf764,0
0x69066c632c7a79cfebb10c74381ea62b64462d43,0
0x693d28cbfb6a6788dfa8b034f75d9ff21edda9f0,0
0x693fb4c126da8e126687b16c809fc19d2409d522,0
0x6957d2139d29e7db7913ac21e813f2a561e47ac8,0
0x696912e555547018fd2963fd945300695630dbf6,0
0x699990a8e7ada9e92c932d6e8fb365024fc74b43,0
0x69ba1ec4d95e1a5422f5b8a420245f2fa1ed723b,0
0xe74abe3bc87a4cf34acfd7c548208700c0e669b0,0
0xe74abe3bc87a4cf34acfd7c548208700c0e669b0,1
0x6a278927f03422419901b77be4d47700b1f3599c,0
0x6a3d9412a705f5531b029ef4a7b8040e1eb84ad3,0
0x6a886cbe6e1a062c1f4b179c8c8ede4847a04a70,0
0x6a93af5fed6f11bc56cb66a5c199208f2e02380e,0
0x6a9b682290dfd41f19a6211c0b219050affbfbcc,0
0x6ab0bfded6af31cb0a5987f08564ecfbee691757,0
0x6ad8fe4e495e9709be1a2cc8a04646078e6b1ab0,0
0x6ae0209730fe05afcf9fbdab98e75dc9c7836ca9,0
0x6afbba8699e53d47bb986dda1dd39c73635cf73f,0
0x6b0c1ed56eb088fdd536a08df4cb564f9bc78a03,0
0x6b1368d3a890c46ce9b0d6eac4d36f2a432904b8,0
0x6b4b60cd239b5b7947c98bb2b9bbd01db5bdf44c,0
0x6b64c16bfb518855d1c6bb7a92487dbd9cc13b45,0
0x6b81cced22f9c23d1e141c00b9382603e9eef9fb,0
0x6b9bcb0b854d7c7430baa55167d367d28a8dbf1b,0
0x6ba228524d45c772d7643bb60c6bed2cd3dcf053,0
0x6bf97f2534be2242ddb3a29bfb24d498212dcded,0
0x6c0e639dcfc73e810bf66c90a9005d4ebd8a7e5d,0
0x6c349c487ee835f00b604a09967a523b4824707d,0
0x6c359ab465ec8f893fb6c4243810f4d8933d71b5,0
0x6c386cc632915a95af78923983e22d0c529ac9c9,0
0x6c3f8b24804f6d394cb0e5f407ecb661dc0f343b,0
0x6c40798acaec7502c3d276cfb4e79423571a5b0a,0
0x6c5f56ec2cbbe1c9a8539407b121834d2c8f8dfe,0
0x6cb9275b70a362d8fe5d445268e92186d61ac8bb,0
0x6ce28936ee5f6c2dcf33b731df675bdbd60b5593,0
0x6d25c0fa070e625dac76b29bcf0917303cd52e7b,0
0x6d31129de814c26fbdca8f98d230c1f99015781e,0
0x6d771eb0959be610d7a0ffb50f697117dd2bf75b,0
0x6d9dd2b0fbf6e7d800f31c55f0f2f9089dfb7dc2,0
0x6df000635d86613626c5208d7c9d71b84e091220,0
0x6e5632d334b861dfe4312c7ba34e175b60be0b5a,0
0x6f0735bf1e6c69030d6990cdd580345b370eb50a,0
0x6f3a349df0dc8e88263a1ebdeb59a31be094fb88,0
0x6f8268368558c7eda236221443c1028677bf9c40,0
0x707502591380bcfa98175486a38c15ce90e82097,0
0x70814fb113d5b2b22902b568b67ebef657d9d66d,0
0x70e7ee4dbbf6f91ef363cd701f4b98b70ec1ba52,0
0x71784687d4c74338bf284bea22956c74fbe6d631,0
0x71e22168b702bcff528b8974cd4b723250b67609,0
0x7239eebf5f37aad21ca7cb20c882290328c7a8c6,0
0x726022a9fe1322fa9590fb244b8164936bb00489,0
0x72a0726ae7a9054476a8c7e759962a4da667175f,0
0x72bc237cf598505dc00d4fcc23b1663e206455a9,0
0x72cea5aaaabd1cc5232bd2117e5d21e83cbd0e51,0
0x7320dfa95fadd9bbc20bf8eca42587c44176e9a7,0
0x73bcb8c5e30bf85806aade7fc36f16c6b80fd3b9,0
0x73db79faa288b10aa850931d2794ac58ffdf5ba7,0
0x73e60cd967e957bc6e074f93320ffa1d52697d5b,0
0x73f432da307525b6590c858bf458116322d50d16,0
0x74221140f92a55542e5b6e67cd5e9e46d6a5b8a7,0
0x745147f70b5912e6dd134e0502b3914e6f6d98a0,0
0x7466abc14c0231d22ccca80ce2756bed7c73da67,0
0x7499003740393bec0ece8745e099c2eb3f59dc9d,0
0x74acc173f943abe0c54cc6acdbb1307715a796ab,0
0x74d50ea9f8cf5652e75102c3fa049c01534dd6c4,0
0x7535da202d79ca57299918c60c218f9b779aa14c,0
0x75850227f61183759cbbfe2b3fb196e798ce0b95,0
0x7593e3c1d1a9c39e707a9f4962ce267be4bb09d6,0
0x7597d352c242be035adeaaa54267968bcbaba58e,0
0x75ac72ab43ca65210507e12fb72f6ec3cccb09ff,0
0x75b772f2bb4f47fbb31b14d6e034b81cb0a03730,0
0x75e5052d53dfef2dd831814b8da723900fa1e337,0
0x763bf692f31ffe7d3124b260f20a13c3aea7f6fd,0
0x764abe778aa96cd04972444a8e1db83df13f7e66,0
0x765718a8e4a5562be34b122af259ce5a71372e12,0
0x76742f3a5853df8555f080174f2bb94a16926863,0
0x203fbbea68bfef4984014a301a2a4c6787e49a60,0
0x773d715200ab5c07f39db9772e3c83c48534a585,0
0x777480ff6351d131e4999c9aaa2c1afabf0be76d,0
0x77863da34ca9d4872b86fb9a4973792ca6a11e16,0
0x77acac99ac831a1574b9db4d15299e98e195e6ae,0
0x77dd42731773c04314400150dca5d73c7cd4e2f8,0
0x780193b15b2db9b9f4846dcef7ebfb3e2b751a8a,0
0x78143238df750e9d9f1082e12ed56f2bfa332d65,0
0x784b4215229884f0575a93ecf5e7492fc7f44b8b,0
0x98cba78ba705efaa9c9d9015b5c95ba1e2c3b2cd,0
0x7902e411e6381f521b0df84de917613e0580487a,0
0x7971e007a4e4d4dc1f8380f5d91d3f52b5e53461,0
0x7988dd1dda1f35542a2b8d5f7de575563ebf068e,0
0x79dc911ba6f8424a4b6158ea0b24168a8e0e0fe4,0
0x7a79944ac7e770cfd13ec024a4b31b8c5efee60d,0
0x7a7a811acdf85f18162500f96d548add6b8b9c79,0
0x7a827fa01ad4985ca7dff695131b28a1600b9130,0
0x7ace0975254b6dbabd0d79438af80b2a736e1a36,0
0x7ad225751ed67118e9f54f87e08f64e43ffbef0a,0
0x7ae99a913c2fedc2092111714263fe33241693d2,0
0x7b0fabe6594c973662bd7d36f19f69fd2bd25b3e,0
0x7b2bf4d604ba1c0e42bb8301f6f5ecf7e1a1feeb,0
0x7b7081b4ae0bdd9793f88fd00856dc06ab1764bb,0
0x7bef8662356116cb436429f47e53322b711f4e42,0
0x7c00c9f0e7aed440c0c730a9bd9ee4f49de20d5c,0
0x7c2dc9ec9c4a5b47d06f8b16da68403cb5c1757a,0
0x7c411c89c87b58d8c337b28f4aa109dac1cefd3e,0
0x7c5504688eb4f81ed558550066dc218ffee1f6c8,0
0x7c6b066cd8538687f8719397ece8a038573ef54f,0
0x7c741ed01ee259feba4b7f9cac114f48bcafacf3,0
0x7cac437746d3ced9ec6ecc678b42142298e29a6b,0
0x7cd29e0df7e442068e5751b638c9086fb62c50fa,0
0x7cdbb8e309ce7c701ed200be123f16c6f7c9e525,0
0x7ce2c24fa9447da94f15d9255c5f44bfdaf8dc07,0
0x7d6b500409bf4148ed04aa9a359fb0959a7d506b,0
0x7d6fbc9a46cc83d74fc6712f83e2e1b49ed934fb,0
0x7dbba7f0551aef5894fd6ee331b95dbb4349f5d4,0
0x7dcb39fe010a205f16ee3249f04b24d74c4f44f1,0
0x7dd4d6a9a32c4356740e89a585bc0d5c5d8074bc,0
0x7dd8712c81695e6e3ea5aa3d1407e58b19b0e9b5,0
0x7e5124202b1a177cbc254b2c2262541682f20601,0
0x7ef7d111affc009d7a02ab8c6b95d451f5a5b72e,0
0x7f0073e6fac4e88a3827b9b8ddc1aec84602e433,0
0x7f1796071eb91aebda10a03115fa3cd95efdb25f,0
0x7f32973cfdef197e56cb5ddd2c9412505a629c92,0
0x7f9bea812b9b6c3c4b74ec8aae849a5745cc3ffa,0
0x7faed47c53f3f3a3c388e72ebf79a1d85308c969,0
0x7fe650c97925e3e17450208ae3eee2024fcc04a5,0
0x808a023b72260170c95d831f589a1ae0dca1e43e,0
0x80b3153f39aeec1ef68adc038913698e103e6e1d,0
0x81590c16b9d1495d133cf881acf5cc0b56730b74,0
0x81845ec7df4fa5776998053457b8c4fb1e60cf84,0
0x81b55fbe66c5ffbb8468328e924af96a84438f14,0
0x81c2eee2902eda6db28a448d8a814f221718ba2d,0
0x81e388d5139f109e859f38230101e4f8b036d8e8,0
0x821372752c0a7d9bfc7a78f11e4aad3147a8db22,0
0x82139687faae8a29851902783e02e699de0e0846,0
0x8231ff66a7bbdc14ad89782a51c939bbc4c92784,0
0x82410609593d876761681580cf304c794bd58d09,0
0x8264e9e0f4cbcbbbb3f8ecaec0a625b590ae790e,0
0x829949946ab1e87ebf9431207ab8d5cf8f1372c6,0
0x82abc1094e0a91d242db3d6dfefa33f423e6bbe2,0
0x82f23de5a474fc904041c357576afe53c30dd250,0
0x830cc132dd66f6491ceaa20206f398247143d9cf,0
0x834a9484537c2760ef6d6e6736d1ea800d67966c,0
0x835fae1cdcf149d0c6b73b04ca82e9376e924a0c,0
0x8379ac05ef71f982d497f392dc1a14ee859efd95,0
0x8381b83c446f9311d7ee22697509c49a79d23940,0
0x83f0aa19ef7ad4c79e995dd684e06b5b44d3647c,0
0x83ff31faa1fbe034b1bf17ad33759ed85da65e2f,0
0x8447e981341dd44f7a6caf26e6452d3fb12d8592,0
0x8464e97ae591ced3c48ee4639495e3b6217fd861,0
0x846978259adc90d5be03c7f2921af8b58857a1d6,0
0x8472ab47b65cd761e5ea8174b9e6bdaf26936d13,0
0x848f8b6c67f4197a53ae3869d3200fac175a00af,0
0x84e149b25e15619d790884e7218f442400ed0435,0
0x84ea8215947e5484ee59818b789de9b4555bcfae,0
0x84f8bff48b845e7cc2f5a9175860ef6b0016c1d6,0
0x8506e43d89d80bb24d678f67f9e063444b8ab536,0
0x8568d06d03b9f01d5172d09c8758d7e4c6f30aa5,0
0x860c4604fe1125ea43f81e613e7afb2aa49546aa,0
0x860f0aa48ec759df1034d72e0311482a8b01db83,0
0x867db38c83f4287a71ffd0cdfba6ffae93150ff7,0
0x87193fe62b63b811bbab15842c413b3bae94a6a2,0
0x8772481791d3b8650ad0299f1a566085f1bc6f1a,0
0xa8b98abedbfa97df97c8a6cbcb6173376a7a0266,0
0x877d45306e8c7506e9a20c9b7a79bdda97c4e7fe,0
0x87accabbdedce63379af9d246bb979a3a481534c,0
0x87da297a832706b5115ee1feb47b7fdb7c476261,0
0x87e91205adab9e2b0be9f7562af3f5b42fad0838,0
0x87eb51c45c23d6edb6b8b407b06be0b0f2b61ab8,0
0x886478d3cf9581b624cb35b5446693fc8a58b787,0
0x887b86b6b6957f7bbea88b8cefd392f39236a88c,0
0x8922f786129627c142374c5085db11046a2c16f1,0
0x892eaf46a9c1cb75c3f230420dcbee6320c26932,0
0x8933b1ae99d0a3b80c31819069be820b0e72b32d,0
0x89c8f05d27de16138ee1f0f4e973ff6b0c5603cc,0
0x8a0c391ed12dfbb23d4a926a7c7353dcfcca8a47,0
0x8a58f89cd7a2cdfd167ed99d2ff7139fa723aac8,0
0x8a62ec0145483ac211a1ee40c4e0daca3a7697dc,0
0x8a730bcc5572d3cb7f7f45568161fb28b3242d15,0
0x8acef818d1855363e8072f82c21793023b28537e,0
0x8af3e5d0b93332a972f02c50767befa71408ce86,0
0x8af54c094598007637deebdacbb99c7d7c954a4e,0
0x8b3dfae956f72afd2011e59dc8cbdb6da7c00943,0
0x8b4567fa8c4715c27a682215a031033a8b544206,0
0x8b4d0402f7b2f063f255214b7095b5911a257a30,0
0x8b90eb28dd723fd07f31d1a6c867dcca00f10f1f,0
0x8bc3757a675be4c2e459813769992ec2c60baaaf,0
0x8bd9c4b5ea8f6f14c9b14d830ddb67f3720d77f6,0
0x8be5a2df6488b0937299d27f092716f4a9ab2fd8,0
0x8c1a163f87915654107148434fe68f60847abab6,0
0x8c3996617922c3ca288958c233141d2672b6c4cf,0
0x8ccb07293755004942f4451aeba897db44631061,0
0x8d6cfe2ff08d8b6766eaef33990b78f8990b4520,0
0x8da03feb7174b4b2a6b323f3dc40d97f3421cd07,0
0x8e02c045c6690749393e9c3b8fd6befa651cb718,0
0x8ea6a8de40043b5e8085704d450849f99b816976,0
0x8ea76483c888f5bda7d96cab9839488f691daf78,0
0x5d6abc52be03093a6de9d6143fbbab25968b3e55,0
0x8f8b4759dc93ca55bd6997df719f20f581f10f5c,0
0x8fc082b2e73f89c6aacd7154871e11e102b554bf,0
0x8fdd0cf22012a5fecdbf77ef30d9e9834dc1bf0a,0
0x8ffa8d00db5df56a20c30b737c5efdaabe140df4,0
0x903395c9e6fd4f94fbd706c85d397a5df219efa2,0
0x906cc8125a4c21c2b7f634efd5a5702383b925ea,0
0x90c5c5affe4a64611ac677fe4981481d16d2ee21,0
0x90e5aa59a9df2add394df81521dbbed5f3c4a1a3,0
0x9112a517d9fcb115b3f387b845351aa309747c18,0
0x91198e5b88051d7d61ae43f322641e6674697af7,0
0x91215d71a00b0907ca67b25401172ab18d4b18f9,0
0x918fae5da5fe44f4a37094b9aade3798331942b4,0
0x91cbd90345578b5833e2bd53ecd22846234d87ff,0
0xdbbd6bb7adcbc9d1ae962df6cf24f3bd14e1bc9b,0
0x9224bbb4e0fbe2f2f8fab55debc41eb21fdfb804,0
0x9263ede893f48ebbbfc3a31d356243c710b4ccb3,0
0x92b6e00f5d83cf43e2ea55865e8cdfca676c0d9c,0
0x92c75284b0d863165a8b33e212f02ffeecb2853e,0
0x92cc4d43c986d478ac45f08fff096b8a71397eff,0
0x92e2929c48379a75826791b7280b61db2221c179,0
0x92f508da769a97c7a073629fae7aaa943bb2a0c5,0
0x930922b1114ed66734bd773184667b227520f43f,0
0x93730ce5ac9de1db9f3fbb73bf522a690629ccec,0
0x9388f86ca5c16a420e65f6580e997e21bd2665ad,0
0x93a635440f2d8e303177f033b56408ca03e746c5,0
0x93c3e962fe885ae47428222698d903f572abcbe0,0
0x93c79c3ee2964efb7235b9f445f50e6ff9003ac1,0
0x9431868e6b2bc5d43d51677dbc5e3a48ef47d6ed,0
0x946cf079569dff57a97a06067336d3d92b3632ae,0
0x949ba575b86a5a86c4190a33bf4a49ec9f704215,0
0x94aff1b7568c63d38c8f07981fba16d83b2b22ba,0
0x94b08f4daf6b0b1501fe4297280ec99412f66030,0
0x94d82415487c8efce20d7b5a58358afa2d0c347b,0
0x94db5f225a1f6968cd33c84580c0adae52a04edf,0
0x94f052ca65a34d7f581bba95a749b1cf52689dd5,0
0x9516dfe71439f942821fede282ece8a7e0477ae0,0
0x9517b043184f9b1a91b9ca142f8a7c6ed421c249,0
0x953b0f8afc70e0fca9e2e43b0a4914be002c4e94,0
0x9576638139843c636a0522f3bff3a85ac7b07172,0
0x95d41776812c6ca222dd5fdea56c065b55ff7655,0
0x9655667ca1203e9a2c8ea2ed59558f9ad0accc87,0
0x96951beae8a3c191800877cdde67dc12a5881584,0
0x96fd61202a698ee3eac21e247a6b209ea5ffeb91,0
0x971469b53a5108cd5a01519381f7c335f0163dd1,0
0x9769334fc882775f4951865aa473481880669d47,0
0x97f9dc2f085ca8d7cec838a2ded6644ce75d7293,0
0x9806480a73660ffc78cba1aec11330e6c661b408,0
0x98f9626154f44e3f30c112e9bb48b0678568b916,0
0x990fdfdbe4e0229255a1b892469f12de9b8d8664,0
0x992077b523edf4ee9850224a7fb9f4499d073e1a,0
0x9a33124dd1a12903736f225ba97cb5fe4615bb7d,0
0x9aa91eeed8e34d7ed2145d651f76fae3e15371d3,0
0x9aaddc5040d2093dc0dafc0803cbfca822341bca,0
0x9b2942a46e23d9347f53c878531787bb34bdf807,0
0x9bc66bb0f94a38e55809dcf7eadfd6bf98d6e184,0
0x9bd69d51526fc9db09bb831f5069a48cbe4d3421,0
0x9bf10a9a1254edadef6a2a4a34e51b34a5928cf9,0
0x9c44bf6f8a7291b7a04bebcac7c5cd7fa7771ab1,0
0x9ca09fb674b92965543da65e0273385349d599f0,0
0x9caed8a01c87721570de895a9725334a0a0cdb70,0
0x9cb9ef201420939e4a0a56ec6712ae9dd085df35,0
0x9d36ee50503d0928d213926c1ecbab626a36e4af,0
0x9dbd781eeba135ad2a779926880adc89196a3265,0
0x9dd8c505045d28ac6d2cc3ad921b78129bb3b2ed,0
0x85f0a0bb2ef4192bcd79a20c47b26096c99a9907,0
0x9e32560cbc32e1ea4c737d65f043a0d8f8310422,0
0x9e414d7ca84ec395070967223ac64c8264b90ecf,0
0x9e5016422e342876635d0fd9bef41e5a630fcfd3,0
0x9e5f73d2bae44a6d6815eee51c292ba235f04f6e,0
0x9ef13e6bfa6d38065207b5aaf757d124c25fb294,0
0x9f02cd48b13e68ba2a1b7a020fb72b0ff83e451b,0
0x9f281c5b04c091096ac468a9388f0ee6b0b8b1f5,0
0x9f429cd91e292bc94d430f1226e3008fd34e9bf0,0
0x9f64e6a575f50d7c8c5aea4be962f86ee2c5ca31,0
0x9f6ae0370d74f0e591c64cec4a8ae0d627817014,0
0x9fdaf0bd765561fbd609ea28ea67a39054cb28bb,0
0x9fef296d8dc2e5c3ceae453b88ea69632d7b4a5e,0
0xa04c575bcc4a4b135bf5c302d96f85188cb3e865,0
0xa076101336d7241b5c74131c3633158b67583dca,0
0xa0a43e56c6df95cf01d089d1284987468f8ddcff,0
0xa0b08b718a332a1b7b2c9a6482ca5dfd87b7ee34,0
0xa11d442e1cf701a27431f695ddb95e21288cc7b3,0
0xa17bfb3a816996ac3a1e26dddcc7850663548c16,0
0xa1b32581ec3bb4c85f47806bfa8566ae08989870,0
0xa1c384289a9cafb44a4f792acf2e7f9ac5e5f3ad,0
0xa1cd04effc5cee3b373f0db23a88e2769ea310d5,0
0xa20377b058e3e7fddf5ec14e8f64b17b9c8e744f,0
0x11267972b5ec7554fe1b315390c8315f91c4826e,0
0xa24111399b765325e151f5f4cd11197cf4afa9b2,0
0xa244482e30822cad556f0338fb1e5bab72890604,0
0xa25c3aac588c85ea3b5b4aa84d7f812f34354f66,0
0xa266b9edf05b39a6d2bd9efbe1d5445192bda55c,0
0xa2917120c698fb5f2a03e3fd3524bda85a3eaef6,0
0xa2b4c342de8fd84bc635ee0717f61830ce40980b,0
0xa32c38646299818ccedc6401818c2e1639c39c08,0
0xa32f90b21d11561d31ff604745907acc77fb67e3,0
0xa342e537bea996a2c96864c31dd9b3d9e40eb2fb,0
0xa3861a789d05597bc046e8e6d5e10ecde947569f,0
0xa3917c68d49dfe0323321b4a7f2ec88074647dd0,0
0xa39d385628bd00438f8a9ba4050a25a0210f84eb,0
0xa3af3f704f0fdf421fc4197a4aeeabbe7dd9c757,0
0xa3cdd8dc1d0973db547e427e6ef5e82efaa5b63c,0
0xa3e49fea82d17326636cece9c8c090edf013dccb,0
0xa41cd41474f7b59736da76b7fe12b9b8d9afb94f,0
0xa45bfc480fd4d099f06cc3b2653dab7370d6269d,0
0xa4766aa40e3f8c0e5f4d95be05a222a574f98f10,0
0xa478ab5fff1f36ed6c4b83f159ba1970329b02c7,0
0xa4a5ef3661a7e8f58536938f268d5712ebe0eb91,0
0xa4b2f8d5876ecbf976d7e983c9c9b418b21e11ae,0
0xa4b61e227361a9cd9e62ca10946c27748a382cab,0
0xa4cb937bc5ec481fc2674794d4146206ecc71b15,0
0xa4d07c23f28a1eb1ae471e530c3f5e0038d282f2,0
0xa55048cc0369e412cf7db3d9bb30afb51d091a12,0
0xa5894f85b5bb5145a69c3f4a41bb4918a8463701,0
0x5b33b6f41e87111b7d22685b297f086b5535034d,0
0xa610d3211a72ab1e1ecc6e6b19b3c357fe0b4289,0
0xa61ccf8f01af0414fb5c0ced4060881e4916117c,0
0xa6661fc5fa09cc18a65ca254317d91e7fcd09c9e,0
0xa67077ec8f947e8299335538167f625f3e407fff,0
0xa6b880ad5e007ce8bc681ca974d79ce58fa0424a,0
0xa6c12d417553f4c9a12c6d4376bc2b56e43eb2dc,0
0xa71000e72d38e6a84d7190f59fd3dfc73931c0e8,0
0xa711818b11bdd5797042ade80e3a59687558a4e1,0
0xa71276ce275e525cceb451d731f39d181bc3f2bf,0
0xa73769aed346319287410811639ac3bec8464d55,0
0x09c3722773771ca55cdc70a4ebaa967fcd651224,0
0xa74c18edd17316bc05f2e1b2c2666c9312f44e9d,0
0xa74ec484e919ab0d68c7f4761e3c535c85ad4294,0
0xa7660695669e6e002e2409716f32a56ff704e0e8,0
0xa76bda01601ebdd50512c2103a329db572d7a77a,0
0xa7a3a06e9a649939f60be309831b5e0ea6cc2513,0
0xa81725fae8bb3930a95debb0adeaa184b5e9cc10,0
0xa817b9bd1ece360e4a1692894a5ad1d40b889f20,0
0xa81f3639275eecf79247b7ad455cebcf4dda3d87,0
0xa84a58bf91bc89c20998e151bf506ecf67304564,0
0xa8f1b7bee4bb60311511144ecd6dab7b04ef2735,0
0xa8f3d8344d20029b667192b48156899a60415ed0,0
0xa8ffc5696488443d290ad08f445b708cff68493b,0
0xa9fd94ef9b2b1a7bfd7f5eee04d73f8464c56368,0
0xaa1e92ddd28c835fe66689771d35f38947950fd4,0
0xaa6fd0c3dd82e34b1a0ce7a526235336442fd678,0
0xaab2ee9b15effe34eae56c0c02b85c08db18d92f,0
0xab0e2f3c3c29deaa7c3ca0dacec97a33d5c26708,0
0xab50fa55f304be5089f8c82c1954fa564cf37785,0
0xab81be93f28664daf0c1638b483e4f9d2539446e,0
0xabce75d50eb6169e162df3cb0198e6eb20e67973,0
0xabf566ff26f3679624441e24ca8db84bd46c2cb5,0
0xabf9984f06799c7d9378628e31136b321d159318,0
0xabfb3a0a0e4c1bc2ad036f4531217e2becd215ee,0
0xac01ad9a3e3c3448a5a0e6fc798def034a01a67c,0
0xac3357599fbfe80c24908a1dc00ff8323745aea5,0
0xac6e4334a82b8434b0122bc3c9b42d0a5f190d4a,0
0xac772daaa5079e005eec3e53314d6d1e9149dc87,0
0xacc4b6f3ca8d59f631c1148dcaa52b9d7f5c819a,0
0xad30b79c749c458601ddf4817dd768c0b4fd932a,0
0xad47863310854df7e812b6393f03b379264e5acb,0
0xad4d39612f84636ccfeb4c056d6bce7e8be703d6,0
0xad7e825725fa6bdf15e44a547124124f7df00812,0
0xad887834294a92d5d6590608de07002be6fa3384,0
0xade2eeb580b42706d429ceabc553964388ea5fde,0
0xae0d16586e5d60d334624c115216a52b9b1a0335,0
0xae1cfb433cec0740c40320d82b28ecb1caa4a1e7,0
0xae72c6a6fad9fa9d82d089e1ebf73b3043855425,0
0xaeb7855a713b4d8354f659c15a25cda11f466c28,0
0xaedeafe1ecf674c40763f883be317ae6cfa0dfff,0
0xaee4c04c8ab29fbc397ea89dff2a81558e5772cf,0
0xaef63b54eacbdceff0b63609623d038195008d88,0
0xaf35be196994a1ea334f01acb85b5278e0e88ca5,0
0xaf469c4a0914938e6149cf621c54fb4b1ec0c202,0
0xafef3bb7fc3cd8ae083672b65f79e6cefd4ac619,0
0xb0767b217fb1530b064bb1f835c57c047c08ae72,0
0xb08d161278ecd51c11f01db1862ef5b041956288,0
0xb0c7c67cb50685d6368be6ea767f35eb839871af,0
0xb102b8d5c04e9127602f13f3f084b2cdafa67273,0
0xb15de4aeb7a84282aa2541a0bdaf44d18d74060f,0
0xb196931ec22517b0510705eb56d5652fe73877f0,0
0xb1f83385711225cf381f1611ae09d74e8a8d0f0c,0
0xb21027569ddae670aa521ed90d6ecb5de515e8d4,0
0xb23ea43e4811be9efe93dbe8f6b0191883342ce3,0
0xb258e243a526e79c4b5c8dd5df490e42eb7927b3,0
0xb26c452e8ac20ae7445fcf46b6478d3984f5d8e9,0
0xb270cbd077f3379c14c6943b7e5beb700b9b549c,0
0xb29b1936c11b77cec6061a9daf765ee2666c8f77,0
0xb3007ff3c3f40bdf0126fec7c8e43c3fc50ea813,0
0xb356ab415aafa4b688a6c457e61a4a8f7d5096f0,0
0xb38bd68a6f0ba599808d65c7a9cf2a428105b680,0
0xb391806676cec7fd36dc136dbd4097bde13e5b5d,0
0xb3f0771103120f80ee3f2fdedf9c856a3af683b1,0
0xb40f68ae2afa5ff105a57e1e08239a51dd0962c4,0
0xb42ab92f5af0f162fffefa2b1e12702ce3fc9e17,0
0xb45f4d35c8cf5c12fc4a75680bbef9920215c975,0
0xb4d502361a3c6f823eeb9a99af09e110382206ee,0
0xb56ae8a727cf38f1f4716aeda6749d2af340d8f4,0
0xb5bd1ca7ef13954faf50286742aeb54d072ce21d,0
0xb5de1fc3ca074870561bcb430e8b4976099b6efe,0
0xb5faa92271f3f4dfc7a83607603e19355a013527,0
0xb5fd638924ffd3a937f3e9724c46ae505cf784eb,0
0xb62b86353c9c38665f2a3843ea4eb6f7eef9e5ec,0
0xb643cc4f8fa18504fb7d20f9fdd4fc9f2b6bd197,0
0xb64caa9388ade265084293e552632d624df1f7c3,0
0xb6941a32218bd6a34ca3d80b6a9ca20b75e50a6d,0
0xb6c50f4dcdbcf91e10aab06db6ec839b0e7ddd00,0
0xb6c7e03ede87692deb1de7e40723b952e0fd3773,0
0xb6e4fc40a915d96827b329a3a92a020803d27005,0
0xb70d0906ab07ae1fb9283fefcf3df7d499c0fffc,0
0xb72f37f5bc3efea93904883cd609b14fb13196b3,0
0xb735af7ae1a77d1ec764c862c2c09bdbf2b34b27,0
0xb73a795f4b55dc779658e11037e373d66b3094c7,0
0xb73d8e33d504e62bdd66c3e0416248ea59da2250,0
0xb7ac5afecc5466b4f5888c601c7fc20e2b5bd96d,0
0xb7ef5fb53dc42839270a94ca569536a7c7e7edde,0
0xb822988a4f82dd04fd50995e07e2f79600e27a2a,0
0xb890f264b1a7591cdf9e21b3b640a741cf677ae9,0
0xb8937891f08af9854a5ae7a5ec0cbaf4e68acd4c,0
0xb893ae8a1824604f6df4dfde52e2754921ba1a73,0
0xb8cd66e54a22887115ae443cfec0b2e484e9df10,0
0xb91f32958c4c6a775f882439c5b8d3b4a36e9cdc,0
0xb948ea974cb95c9c73c51deac5d9e4464e769a44,0
0xb9cf551e73bec54332d76a7542fdacbb77bfa430,0
0xb9ef0e8383eda06ff12b274b961febb0cc97840e,0
0xba12fda058a14eb03c14613601c3a30d6f955196,0
0xba27c8577924d7c27f111a76b638b5e0d7c44d04,0
0xba2e80144fe3ef8881fc5a816bbc607768e91321,0
0xedd1f30d69898e4cb710cfb47c6114d31e6fed06,0
0xba48a47ab47fc3dd3e514a13bb31430aac476472,0
0xba75f30f2717bda34c2e75f5512379753d38085c,0
0xba9544045a1ce93e0afaff1e547aac7d05627ee8,0
0xba966690326f93bb2353afb327afba021605209a,0
0xbafb4795dc726280a7f9e00fb8197b0173375031,0
0xbb1edb8c64d7baa322fadfd13d4a5db96d02a2e1,0
0xbb34d08c67373e54f066e6e7e6c77846ff7d2714,0
0xbba3ced54477c12fdf16d7009771affc7a8c9ba1,0
0xbc1564cabbcff1579384ad9a48a49fb7dbc1069f,0
0xbc2ab46887142d546a976d56eb9a3d9da147ee65,0
0xbc5a7cf988f7e7e8f3893cd0ee1d0786cd4af889,0
0xbc6d282ebb1d6e8915e95fb744d9805e4d7ea572,0
0xbc8877b5f13fb38bae0d795eb465fc3d995c3522,0
0xbc94e04a219ebd4d12b881fb0d6ff019d15a8885,0
0xbc9aa6262e2b34d5d124bd754d74a8a61f75580c,0
0xbccc968eeebffc2586a50eef0ee1cf12273c9604,0
0xbd0f5d4be49f83fc26925d454533da2e2504da6a,0
0xbd1c32d2c3b3f600736d244c56806ddb5a190b8a,0
0xbd1ded3bcc8103028c8ebdc61990ca777709b10a,0
0xbd3a5d12af9fd82fb927fd26216e4dc2722d2337,0
0xbd6459ade4dd9f02b2f0c1dddaaf7d5e2940af50,0
0xbd751cac1fb27d930a6a0394d97c77908d94ad5d,0
0xbd88526a40bd28acb6761a238d7751d3f1bb5fb8,0
0xbddb878b393bf91f8d34b2edf7087ca529e3ccaf,0
0xbdf82b13580b918ebc3c24b4034e8468ea168e21,0
0xbe1d66126a6c9a552dff61e5621dc62631dfb52d,0
0xbe2f803bfbcffbcd77aae4e9104406abfeda497a,0
0xbe8fe12b9eb1ca2a593e6c070c71c294b6fe9f00,0
0xbead3baa04b6ab07e6cc4a06fb331dbe21694bb5,0
0xbec69dfce4c1fa8b7843fee1ca85788d84a86b06,0
0xbeddf3e43015f5221f5d1ac0fd0d2ab3352d2f7b,0
0xbf0bc755625b5b82bfd7dfd51a6ae6eeeea94186,0
0xbf44c636a4a4bbe257a87067b25c4c875170e04d,0
0xbf5dc35ab48994e9bd860c10b67cdde6ac55863f,0
0xbf949494127d3cd72cd3399d4ab38312757f4d12,0
0xbfc3c19d3be0b0f54dca49fb136d08eea86a0229,0
0xbfc453ea39e035a155cffe0756c436925d50908d,0
0xbfd90a5fa214a5e868bca65fd37b2acd7643ec85,0
0xbfe384d79969bcb583b8a0e5fedc314aee480e7e,0
0xbffc0e267b58b4b9d14fa8352bf726011a485022,0
0xc02e6b0d0c1a5d8cd26beeba0fe8d76c5d2f19b9,0
0xc0dbb17f49151539c3d8ef185edef5ac270533a9,0
0xc0e40065d60328f33269d3b4846dbfbcb2b12045,0
0xc0f030eac8b588817f8da16b9a2cdccc6451b25c,0
0xc11a862ba1125a1bc6b4ff11b2ead6b8e73ea52f,0
0xc142995f05436c91bba172b7d17522a301323236,0
0xc142dc5ceb96f73635d66b62bfde2a0eea4e4ce1,0
0xc17248624eddbd8fa6c0cf29fbe9b4e2b59e6254,0
0xc1b0307ff325527511310c7d6fd3248188742f86,0
0xc2b6b9079d1edb39e99c12c8624032b9dae40bbd,0
0xc2baa32b57a91b81d35ef3052319873bbd16cd12,0
0xc2d742fdbb31442b843a098dcec3c20054c28986,0
0xc322e8ec33e9b0a34c7cd185c616087d9842ad50,0
0xc340fe835fbc63e23bbcb07f9828167919918b4c,0
0xc3bb558c3df1b1f2222fe14b7807e5b857c5d328,0
0xc3e2078aa193684c4a7099ed8d3ea270d8e1bfbf,0
0xc3f17178311899b068d0e2c86253e087dab5ba8f,0
0xc3f4728f673181e20862d21d028cfeaacfb6d409,0
0xc3fd1227da579220afeb28b400dacc4ad6523c7c,0
0xc455347ff5c5bf06008477864edbeb1bf225cdfd,0
0xc457fee0564bf3eb972114762f62ab45c0e3590b,0
0xc4b5bdc3b6d27a2e1c618498d3cbfd97358b2a3f,0
0xc4ee33c00900dd22f34fa361e2d679a28d513284,0
0xc57cc3d39dbc8786f320bdb7d55ff02efdfc6d4a,0
0xc64779958ec15aa3f8755c1a0ce581c0bb9b3124,0
0xc66266b53618542db45be7f66dd8212e86d4882a,0
0xc6c3752bdab737b8cfa174e6ecfa620ec0cc162e,0
0xc6c5ee2c54c79695ebef26f3171e5b96ed74578d,0
0xc72f40a397453051349f73cf2e2a04fac06e37a3,0
0xc73452ec2a7abc1462959c227b83f3f7547b531b,0
0xc762b1081c56b3fa487c7372f7284d9558a84859,0
0xc776cb46892baa6d87a3817019367e05652eef2a,0
0xc778a5c9ef93128f473054ab2733f9ce7c462b60,0
0xc7a295b1b2df1efb82aa204958b98ac30171cb85,0
0xc7ab1d2f9508a4b6a7feea042c3c7424a06ff172,0
0xc7b15ace7bc2cbc2a3e47f44ad272d7b752433b8,0
0xc7d2d152dda8cf7a7860288c3db9a1a4ce29162b,0
0xc818ab7e7f54c32d243cd7edc469b60cf13b22d5,0
0xc8690ca8c73329be3124b38944e19d80b509a733,0
0xc8ba28507aa7f1825db28a7882402d616ad7f562,0
0xc8ed349529bab23ac6c726693623cefa2e31ed98,0
0xc8eeb7897c357da808da271f558b9334e030c295,0
0xc97958ff5370c56b7e0e6fb58437f00702714d49,0
0xc99360f97475dcd02cbaa1940e0e6a2cb67186c8,0
0xc9a194bb6a3855b14dc4699cabe7b2881c3f6552,0
0xc9ceeabc1ac7b96fc45a1c94edaa3b10197cedfa,0
0xc9eae131858bb939e5117b283dc2ca70b0589fc0,0
0xca339bd4739227f71b646f8b23ca098c86f6c3a5,0
0xcaa1c396e70384db58dd33be74b26fb119e98c3a,0
0xcabd5f77ca9d48f4ef9793f20de42ad39ce93979,0
0xcad1068170e9e7455d105944a74edc301c3bb293,0
0xcadc7fcfd1c12da24be866d30be91b44cbff3914,0
0xcb3408bad3192777e561b362e8467c213231ef9f,0
0xcb3af39af6904eec88285dfded734b3ff68c43b2,0
0xcb482005596f52839ae4505d73164027ad103376,0
0xcb4de7db08b4dd0a9954fcfa0a09762f58436df0,0
0xcb72905e2aa75ff5613ef41bbf25372456c48c50,0
0xcb73f2814d16dea8aaf0ca4614f5e1177a3e10a9,0
0xcb748f312b8e0557587862225697aae325052f7d,0
0xcb902b5b45798bd1439f8e17012851cab44b09e0,0
0xcc3e5f175b24664291afa6e9d551117f05fe8f20,0
0xcc48857242141cc7f4f8555f8a3d5bed03556c19,0
0xccc9bdd130f0c03fa5d12b9a85e9e66b087457ec,0
0xccea675f0e612e3857b4803938b962e35ba759ff,0
0xcd148897d736801f1db7109821b9e4366ac266d9,0
0xcd241563f7288b5eb2b9b715f736232889b62d8b,0
0xcd30b6de9dadb0a1598eb12a4ccf34b98c98c1df,0
0xcdb1f3e47a0f58920d22e82fad9d3eb4784a466e,0
0xcdb467660ba28d90b58f428c3c0ea75dc902a249,0
0xcdc82ee2cbc9168e7da4cd3eef49705c5610839b,0
0xcdf4930c1e3167faa772fa463ae8ff44d61273f0,0
0xce357db97ffca9990947e197a8f6aa10ab84dbea,0
0xce40daf73399225724324ac04686f731766bcee9,0
0xce4122fec66c21b0114a8ef6da8bcc44c396cb66,0
0xce56a746edaf84e65aa6a2bbb45b2328f6a99935,0
0xce6f3e2449e6d96e93edcd88a7d505891e2506e0,0
0xce8ad80ce1a979381d209ac230d02adafb9fa897,0
0xce8b5f3f8b8520391c27c466f27273bce6bea4df,0
0xce90a7949bb78892f159f428d0dc23a8e3584d75,0
0xceab2935e06c646e560e2f6083c55db6e8e12099,0
0xceae52c73db66e280f8d5be3db89dc69463c7d72,0
0xceed9585854f12f81a0103861b83b995a64ad915,0
0xceefa0bd42ca35ddd8145fa3dd118c4b841296fb,0
0xcf0251d82944bc351196b9a1468e985433d012b3,0
0xcf9799f5292bf594d1716e941c67bf77c29e1a8b,0
0xcfc9336910420e2fb7b9c19f62a38bbac34dc352,0
0xcfc9336910420e2fb7b9c19f62a38bbac34dc352,1
0xd00e6974de3e21ccaa2072125b3e255dcbf18ac4,0
0xd06790e35b6e722f30082ea2c23417db3b2244dc,0
0xd070ada7f4a088444e61bbfc1fe6a31d87ea0e92,0
0xd095197b164fbc29f08623c8d57e3f9484283593,0
0xd0c877b474cd51959931a7f70d7a6c60f50cdae7,0
0xd0ccfef3e7c93bb56fc1a04828cf0459d2e3d1a5,0
0xd0e8060e52d8c23984f22ac899d18fc53aa8bcbd,0
0xd1380a4e089950ee3a23d818e24ccbbef003a432,0
0xd1409fc95ff7e45db3e4a5aa7f48478e74665e86,0
0xd1642fcc093202f30e64d28eb8de8d0714958f8f,0
0xd16a7ef2382dea4c6d9b31e87cf351ab3266b7ca,0
0xd1817bdde7cca3051d2039511ab07186b66706bd,0
0xd18c33ef15f878dce373458a7da93da4f3f9ce0c,0
0xd1ba123d1fce1b43669305d95310bdb5a9053d2a,0
0xd1d225b4a24093cdf706d64c796bb5e1cf4a3f6f,0
0xd1e508c60d923cc9e93785da0bffe01710ccbac1,0
0xd1f0c92bd9b149b5681ff2ef2213e4322033d0b8,0
0xd26ce943636ca63a1810886fd1444d3dcaf738b3,0
0xd2a3f9c6fbe4c13d979898e603d64561264a6b35,0
0xd2b12f1a75b2313980d7c410002e6a48cf389b8d,0
0xd2b9f9d1e6734f241b2a6eb64ef7f6e63af0a97d,0
0xd3069c9e486a8b77add55ae3ceb3a4b138fb76c7,0
0xd3432463cf264f4def759ca6f8843d47dd00b2fd,0
0xd350c0d869af20e0b83b80dd3e212572417f5a69,0
0xd37905283adf21d3e628b423cbe20c4583ba9979,0
0xd387a6e4e84a6c86bd90c158c6028a58cc8ac459,0
0xd3aefe3c531e3e2eb0689206e7d495843c943550,0
0xd3cbf8645d8f28f6758504b0cf2ab4206c5dd7cc,0
0xd3d70afe29beced2eb2ac1e407a2007150e2312e,0
0xd4012980ef607f79b839095781a31cb2595461cf,0
0xd4284c8cc59941565f1bf687209cebbba6da1d5a,0
0xd45001e367fa039fc9f812e5548cd06076d6bb51,0
0xd511f7d8738e519820f4e4194bddb253c1ce517b,0
0xd51752b412cda4e81c4531fd33fb885a91e6040e,0
0xd530282d853169a23822762af0dcab045d6295d3,0
0xd53de8084e9316323409277afdeeffa8a96d188f,0
0xd573becb6a6b0a0d43065d468d07787ca65daf8a,0
0xd5755a4276a53ee7ca2703c6e1967af59cbc9feb,0
0xd57721b29f2a17ab6a0635210ce05dbbecf5cbf4,0
0xd57dfefd81a8196864c545e69467b399943c1fa7,0
0xd5a498bbc6d21e4e1cdbb8fec58e3ecd7124fb43,0
0xd5fdac733437925cda98861420a45816a023e7d0,0
0xd64110f209e3f77580b72a96ba9be29517e41221,0
0xd6a984153acb6c9e2d788f08c2465a1358bb89a7,0
0xd6aba7daea7e570dcd400fabeaef75933c7c9967,0
0xd6dd6961d3224958fcd306b76a991ab974ec1ebc,0
0xd6e3d88e5c3d7d3d204497ab53cc212ebde663df,0
0xd6f93f83605f2697d05e8597bc227b26b3364594,0
0xd70150a7a5a42d4cd25974dae077a79a1547fcf2,0
0xd706f4bc6be1e63c5866ac4198857f092bfadb67,0
0xd714ebb8d39e2cef1d0cbf9677bd2f2afcc4cf51,0
0xd71530de416fd7ea8cfe502e9e40cb7ce3501d4c,0
0xd72508badc98629e324496180322e70ed2e28ee1,0
0xd73e55a3f739fbd783f7a2a307831afc31c6510b,0
0xd7f624d0a67d09171b9555e2f43bde7acb16d79e,0
0xd86057c793bdfb77bb11dcabfe054ee4fd86ebdd,0
0xd86eab09bb728c6df320dfd03f5a5390e0990bb6,0
0xd88fdf946aefb208ada91269c605d86114883581,0
0xd8909b786e604ccc24cd13d6b66e4436990ae437,0
0xd905de91f928b20ea0ccf455e5ba07eb6373955c,0
0xd9688190a9a9afd089633c2d41c6847f50b59558,0
0xd9c09e1ddacce4ee6548b66773bf4e6fe9dd0882,0
0xda21d116a3f1a001c3e3a300dd75422263c8dcd6,0
0xda4ad44954c137c98eb210612b0bc0f172df17c5,0
0xda599dedef2d8c00c01cd047bbbedc7399ad5908,0
0xda654344256690b2eb899b1f87f5c9a6b8065b53,0
0xda6a265aa6884f50a7159e8e7a5b7a04a4ea4f02,0
0xda75f63b9cb1cf7668bb0ee34fa718bc1cb5bbc1,0
0xda834e5743899eea822f877d3dbf1dc18489583f,0
0xdae5341ad6f761c1f0a1d3883eb11b72b63864b8,0
0xdafa9e3dae493f0b9d6872eff4fda0f40d1b7488,0
0xdb11536b4b5006557626c9acef2da5fce5bc438c,0
0xdb9986bd0596b8a4873b09b4a10b81b13f2c9ddd,0
0xdbefee517025559e7898d3a48f18221c32d3fcf5,0
0xdc0753f6b3cc6034317b73c10413c19958d36ed1,0
0xdc1ff3279473cdea93c5ff508fd057766d49bf73,0
0xdc9f9f4db2e5c8d2e3f0345261f2d5dedc3b8634,0
0xdca334874727e8f67070e16b20e8f02ffc4595c2,0
0xdcaa90d9f3b75cda80764326f6594b58d0585d21,0
0xdcab53e3c8a2c37cc5e2509c2db0caa6c04f3ce0,0
0xdcbc0c22eb301fd12266892bdc21b316b88f494a,0
0xdd0a979d9a277144e73e05aab18261f71ee020a7,0
0xdd0fb2cc4b9f81a479e1d6ee9ca930c6cd058ecd,0
0xdd4eb4a4e80f8390ea158fd2cb14cb667b5acdc5,0
0xdd7513f271edbbc215ad3dd7c27c0f086e6734c4,0
0xddc27a0a0c24d60b607dbc7b008f2016585e57bf,0
0xdde01147aac2152dd0776bc3ed84cc96474df52d,0
0xddf5e7cc43c3c63a85b0b51b1c9554e4817ca50c,0
0xddfd836f7c9e42055b1f6ceb005fee4c7882f161,0
0xde08b96895c99f9983c631f7a9b7d504bebeeb94,0
0xdebd22d7f63648dfb69bb6e2a4c88264d578c0a4,0
0xdefacedd05c40a2963457f4d730e3b40bc1b16e1,0
0xdf0e646edd8d5cd4c5c85edcc775d2fa1858bb70,0
0xdf1e3abb229d42a182ad61ce8a63355a8a3eb0f8,0
0xdf6ef836af8a66b7fc4f3f241e3a4363a304c7b8,0
0xdf95a9ca4f6a7dfe2576ca99d96417a62deb2e0a,0
0xdfdf1845befa1dce09cd171b7b79b460e49cf80b,0
0xdff673552e0e6e6421b38e5a17d1dd97057f60ba,0
0xe048ca2aa2b5fe1991487bbe46bbfafaf4234402,0
0xe0a68cae437373160f1854e411cce05841e1bbaf,0
0xe0e876b155d720555da842ef12d35073aa22c64f,0
0xe11bfcbdd43745d4aa6f4f18e24ad24f4623af04,0
0xe13d4abee4b304b67c52a56871141cad1b833aa7,0
0xe1759f0cd1358c049e7f64c26e13de9492f9f888,0
0xe1779c9d409b2ab99a10433dc1f1394127732a1a,0
0xe1994b2fd8310218a06875b4b3d7cbca8ec83e4c,0
0xe1aa5ce07798306293e72ca2e187ca75a568188c,0
0xe22059d454c705f70ffe2a5706844a3a27a2bec8,0
0xe239488f1efc96a27408ba60c102103d4d1909d6,0
0xe23e0bd6e320c87367b0e4b797b42dc9b4fe7ca0,0
0xe25b24cebed3055236e369570a437a99e1d32602,0
0xe28470253f0c9c7afbae7f61795d6b1ca4644b2f,0
0xe2b18ff370bf86cb4a7ff7ce2b93dce225a5a951,0
0xe2b76c9f15a1e5841a91b404ab4be1c3e5d19551,0
0xe2cacedac44bd674d9c5e816422cbd603db9cc1c,0
0xe2d22dc1c2f7c58f86606e405325c69f5210a6a7,0
0xe2f3e38565314fbece1c6aef5554852891a5268f,0
0xe308220e2c6961eb3e07707638f51872f4aeffa4,0
0xe359ab04cec41ac8c62bc5016c10c749c7de5480,0
0xe3b41ae8785e4107cc69f988042ff4a66a367fac,0
0xe3c2eb2e71724aa14b1d13f81448873e983fc25e,0
0xe3c8cc0f15eea9c22ce51af8c2ec6e1978389e7b,0
0xe422e3c0031396d5eae414e6a0f70c5535b6ec6c,0
0xe46105bbda606babb797b343b21f930668e83c1d,0
0xe48ab528f2b51fa68e22d57069cffafcd4aa2b6c,0
0xe48dae3937a5f65db4664b6f1b86a179e1b0804d,0
0xe4f3e4e4fda830f067e3c09ecac84e06f0eb7870,0
0xe4fdfd7f2b4e4926759f2b1ad403d45a1aa9106a,0
0xe5050e39addf3475f0d7ebb17c6bde117f0590e2,0
0xe50ae5655d227767ec3974a11da7e4f67476b96f,0
0xe55f32e874b540f6ad8584a56a484b76cda4a08f,0
0xe5cc5e83667281776d22e403760ba55642e07dae,0
0xe5ecabd057db846332957105e7d7bbc8369e088c,0
0xe5f48c65beba9ed2e40665ae792e996dad14e100,0
0xe5fccbbc11e4a36a77e9d8e47a9b28ec44e2e2ff,0
0xe63428be7f7f2df427730768d91f7dcf7cd10477,0
0xe6354edb3d71a675210eaf9e007f37b82a04ddf6,0
0xe64777dcdca11fd8bde96ed05e7560ae789504b6,0
0xe6563194f9baa6e3064086a98bf73608fc17cbfd,0
0xe66e423f39379ee3618d34af5736e07e278c79e6,0
0xe6927cfdedadfe07928f7ea31ce1166ae8217c34,0
0xe69cae620953aef05e9276f35a7d3cb598bf4b20,0
0xe6d50cb6e7423c742f409db65f19518018b45968,0
0xe7096daf78c15bf0889230a328e3482930f3c936,0
0xe72c4bea4b5f5caabeaca6cd38894f8ede1f2e16,0
0xe72dcf20abaeb8f7a834811bebb14cb3f7232558,0
0xe77d44e642c53db943aa0a71ef60cbff719e644e,0
0xe781fe7a6f65ee6b3efe66ed8f7f5c1e9f01cc55,0
0xe793b0e2387f6187eabae802a6f739537be38dc2,0
0xe79c263403b0071093bd7968ad1b6ea94d3bcf1c,0
0xe7ad5a0fcdfefce6cf203f94a1bf7ca01fdcb060,0
0xe7c5ef2cee9c15b04fc7dea61a1ec443dd8e7fd1,0
0xe7c7652969ab78b74c7921041416a82632ea7b2d,0
0xe8bee2f6bf252ed9efbbd483ca4093ace7350c92,0
0xe8c4156a19951deff3203f116fc63274da746baa,0
0xe8cc7c453eca25450ca16d551db93d5f5740e054,0
0xe8e3e6843237e8ca24f245e2403535901a84e0e6,0
0xe96ba1a10f72b58934b9ac0e3fb471d2ba65b757,0
0xe974e75da812e3764dcc746c8fa82e25fb9f0627,0
0xe985994cb902bbd6ae28fa4c1fefff9a58267045,0
0xea04309d1d95b994a4f4efe77ef73fd4e79d8f11,0
0xea1cb03de4816778e12f6eef40b31e2ddfbe5912,0
0xda1437f9e5d121bee825907bc7bb367fcbb0bd2e,0
0xea9e2ad8a87008b4e7d021965fcd1e307eee2bb9,0
0xea9f3a983d965e582c34eb852c18babac52050d8,0
0xeaaeeb152d21122a8782bbb046edf48d0d9a389d,0
0xeab3739d4e716bb07901d72dc94b4139b6968623,0
0xeabed8538923d8b8e0616938f8dc657f3cdf74c6,0
0xeac5f9b3cd48123a69fe69ce93a7f58100a56552,0
0xeafcc7bad1afede83f065146b14066a5d04ac3d2,0
0xeaffb626014495a3331ed7539fd229893f57cb15,0
0xeb1c22baacafac7836f20f684c946228401ff01c,0
0xeb32e3729c60e822986fb268a23152d0f0306300,0
0xeb3648865b1471996e5f65ae845f9eb9226b9a02,0
0xeb43b5597e3bde0b0c03ee6731ba7c0247e1581e,0
0xeb5a1d924197e5823b2dc0d22866ca692fc2f9b8,0
0xeb6ee7076521f9ef9da69705426d2335f27c5168,0
0xaa677fa158fd7978fa4fb805715631d032175930,0
0xebe326d8de3413f8132518dcfd45e6cbff7e5c27,0
0xec4434b98d3f95a2ac64f0cdbd876855b8ccffbb,0
0xec6aefe1d661ad80a359533e04daf05101c09c2f,0
0xec844b75cbf4cd9775abcb1686ae00f72815c0c0,0
0xed3c3bffcf147850406d0e58ce4f4ebd2b5cd96c,0
0xeda49bc74121b77fb0e848cb30975bca4704b6c4,0
0xedad4633fb57c805f413f09246762fb357e28a37,0
0xeded96b4765b2ee3402c9e4988c6f441f5e62e66,0
0xee0d982d26d7bf4f52a62a06d22eb7c00576cbb6,0
0xee171cf606d5b31a4e9e816c7a7bdb859cb42bc5,0
0xee3aa3fa5b780bc73da73a82d47fa2d8cdc1a647,0
0xee667a3c89c7ee6e5a9595f998d32642dfd0931f,0
0xee7c714ff16776751e6be6473370fddbf0e07c89,0
0xee819d8c6d914f5c7a217d1b1cef88056da786f2,0
0xee8dbe16568254450d890c1cb98180a770e82724,0
0x59405cb53fb84706f3c4b522c57d71f125fe5182,0
0xeeb2abcf0ba8f51fbf6cbaf357d4193c105381c0,0
0xeeb9148a32b45672e16591ee18ceabc773b099b5,0
0xeed489a100880c2d18361aa4d37b210788863c4d,0
0xeeda4e9a5ca757e3a2dd9ab5d91e99c4a1ff0423,0
0xeefbc827847d018d79095216674112eda4be2ec2,0
0xef04cb0003ca57dc7bb563d5ea3248241b145bdb,0
0xef5ab90a44b68d4f5e3f6be6af4bedb12cd2c66e,0
0xef70b950aecd42aa586fdc6141f2e25f44cf74b4,0
0xf00f1adc558ebe212d80f98e056145ca583950f0,0
0xf041c4f026547f7fbea6904f77bea16997024751,0
0xf054274dd74987395d28136e53f39ef4f7b19994,0
0xf0c11838870ca444f5dc0ba0271a36bb9d9f81ec,0
0xf0d6999725115e3ead3d927eb3329d63afaec09b,0
0xf0fc534b6b655a4d3a895e055f57b0f1aa5d41cd,0
0xf141a37978d4b14a4a63936d4b3aaac479fef943,0
0xf15a6b54e68884d27e1bebb1624d70c227b7d04b,0
0xf17d45d3e6ecc5a8125e0e056f4a01d40d47caec,0
0xf1d83de0ead95747f4ac184b36659c0d538309c8,0
0xf2280ee51c434604aa3c2f4e55225c6529c4897f,0
0xf241e4fe758d1df83fb6627e88b69ff95c4db5a7,0
0xf2439241881964006369c0e2377d45f3740f48a0,0
0xf2bef831670df52ae5492dcaf6ae62aac86f6cc7,0
0xf2c5f1fd977dbd6de9d04bc4e62dff722d4bb1a1,0
0xf38c775c3cb7e5e347ccb025dca0c6a6867ee1c3,0
0xf3bca892960d23510917897b634ffd3124702bbb,0
0xf409188b865d08d70ca4720b62ffdfee501ce951,0
0xf4141aef39803327497f6b81a21bb3f2acfa2436,0
0xf4406f50666f4373bdad5017a9322f59d5e3691c,0
0xf45cb4d901541000a9513f422532bfcdf1612d2c,0
0xf476cd75be8fdd197ae0b466a2ec2ae44da41897,0
0xf49ec27f278295b94d7c3badaaa954f0af278fe0,0
0xf4a0a3c2121e6962bbf75fc43cdbeb341f7ef3a0,0
0xf4dde6ea673fb810b6f503bf441908bb30b929f8,0
0xf5653e48e24e04cc1b14131ab31b776ae8718b34,0
0xf568b4ea972ae15f69453d96fa172093971a6304,0
0xf58f88a84872409859f884d7e0a8aa33cacdb5f5,0
0xf598aadf12a2fc4709b5db0c4c169715efaf2038,0
0xf5a74a49825fddc6d331d4141c9a35f723709e08,0
0xf64618ee247646cc1def92051b19f3e6e1954e1c,0
0xf679ed02bc523f78473e8660a617f3c16127dbe2,0
0xf68e4d63c8ea83083d1cb9858210cf2b03d8266b,0
0xf6a325cef74fb60a685bdd5a79ded1ffe45996e8,0
0xf6dbff32fe8308fd30def6c8629dffa5c315245a,0
0xf6eb2f6d790b7571751e5803d86de376b248e11d,0
0xf701c30fda1c7a1d2bb9b191190af5a1b5697768,0
0xf71c063492a833c6124236a746da25f6f240e44d,0
0xf76a3c1965b15fa7b109bc7ce18d64246dae6d72,0
0xf777af5cfa7a0f242b3e0cf7fff4823c15dde70f,0
0xf7f38f8bc87cf8a7af18bee1304f99d11809fd54,0
0xf82baf368b0478075f681145e27bd56c8395b205,0
0xf859068452f14ca012f3b2c9604bc8edf3283db9,0
0xf85a9f2d6a528ff9d5a583d8ee12b0aeebba971f,0
0xf8f9347ad38f607e2c510a211a563cf5c5f52e89,0
0xf8fd6a5fa90940432e5c7921e332f0c5d33f2d38,0
0xf944030287430a84583e565e8feb3792e9db0708,0
0xf9725edfe7ff0407a091ac50945a232cc6c8e647,0
0xf9885508ab7837bdc1dbcab5b86782ee91f275fa,0
0xf993d5474cd607e26b57e1de1556bee36de2d0e9,0
0xfa0696420573023c82dd16f67fc87258aa60e40b,0
0xfa1891251cdfb3b2a6085700231cd1f9be3ea287,0
0xfa3dabf38f872f50c62c3d39920d173d215806ec,0
0xfa9b16d5611d3bf106727d336a9f25959fcf796b,0
0xfacefcaf39da7e3ada119881fd2359cfb682d844,0
0xfad18cc656a0261c154647f125cffed27fbfc083,0
0xfb28a0b0ba53ccc3f9945af7d7645f6503199e73,0
0xfb3df26810b5f41172731ee406c2ad577d5c8a5a,0
0xfb455150962853ec9130bfdc5707fcf9dab6b7a9,0
0xfb720ac2be59d07d8497452cfe54b6337ec75bec,0
0xfbc76261fd55cf91b81a97dbcc2b3f6118f2b935,0
0xfc3bb4de7b9cc6e6b628064112ebe0f0dd308268,0
0xfc4672341c78f1ebc0c23fdbcbb03b61c6f2d50f,0
0xfcc6cce3ed9b313adfceb11bbac0ac734cd78556,0
0xfcdf3c2b2b6ba00e6db59c70c424b27970ff3974,0
0xfcebe89986326b7af585254dbaf1f8bdc8e5a2fb,0
0xfd22004806a6846ea67ad883356be810f0428793,0
0xfdd41f8325e243f200a34cd2fa28594efd5e4c6f,0
0xfde25d8e5e1e3b03f4d0b1d5c793e3916fd85bc4,0
0xfe0174255e410defaaf58b06e009e0ebcd74db59,0
0xfe3b3f0d64f354b69a5b40d02f714e69ca4b09bd,0
0xfe4da73ff6543b17b2b18e0e5d94bc87bd79f527,0
0xfe53dccb4db09e660b2dc5ec48eaff8bc18124c8,0
0xfe73f0b55ee4b411d7d1e4d5d5d4f8834064e2b5,0
0xfe8d20875245dead7db7120ce7335fe5f28c4874,0
0xfe97f3ba5da378cd83f94b02de8358045491d48f,0
0xfeb41f7dc10c98fb5a7995fd9c5de7c83e02dde7,0
0xfec4465b6aeac9c90e552ae7766bdc0ee0d8dbc9,0
0xfefc2850b25fe1aa3e9aa154df61c6b9bc7aa374,0
0xff4f0dbc9ee7583c0c61c7333a5daf8d0ab4aeb3,0
0xffa4410d9d8e63f255146475f0e3326667996482,0
0xffe6832850476eb6d5ff184d747ed84f1b686aa9,0
0xfff423212eb0b97788d43a0c38b7d5762ba3c6e6,0