0xa04f4a4b7306cb72f30828834db01699362a4989,1
0xa5214719feb1d07b66292a5d4d0a2712bd048435,1
0xb4627672ee52660a9e453ec541834e04583f3602,1
0xc7d2d152dda8cf7a7860288c3db9a1a4ce29162b,1
0x577b282c846756b7a01bcf49c5a7539922d5fb75,1
0x111818a51c4177e8980566beea68fe334be7b76a,1
0xd35c49a60f9d5fec3ea2c43616ca0e2dc84a7af0,1
0x67a3a43a55bd9cbfa5d696a7ef2d57e9e0869fdd,1
0x98004498c85c4b1997b3f669475a038bbcec2160,1
0x85f0a0bb2ef4192bcd79a20c47b26096c99a9907,1
0xb8ed7d09aeede2e7e9abd156c2b93defd32473cb,1
0xe2d22dc1c2f7c58f86606e405325c69f5210a6a7,1
0xb5497427ac120c734a76be1b85a82156447c7e78,1
0x542c5648d46462207fba8a4bd7d890b4154b722f,1
0x1778e3d9110a1014685d308be0c571de069e24cf,1
0x9ce3aebe5e73cdd5357aa4561fe1b01d78f89fbc,1
0xa4580851905c60fca8c6a7995036ddcecf060f4a,1
0x7dd14501c25c221ffe213d7d56d225f4fe411038,1
0xbbdd72fcce73c2626719be00259ddffef0d5673d,1
0xa32c38646299818ccedc6401818c2e1639c39c08,1
0x0d6b4f304b91a3b67b1db34776ef7e95effbc729,1
0x40e6d6e798dc878e12987ed978f23c2391f1f570,1
0x3e6b87ff2168d15794a865d09a6716415e7dbecf,1
0xcf2f67229aeade145c9beb8508798458798e7b82,1
0xdebd22d7f63648dfb69bb6e2a4c88264d578c0a4,1
0x6666083ba28027fd6db24a3c1bf288c0f3f95807,1
0x5fbe799de139710a2eb644f0410fdffbd5f189d3,1
0xb196931ec22517b0510705eb56d5652fe73877f0,1
0xa56c04347abee42f663eff9bc2d0147b97c8f782,1
0xb356ab415aafa4b688a6c457e61a4a8f7d5096f0,1
0x7c741ed01ee259feba4b7f9cac114f48bcafacf3,1
0xbe52b15ccabce3b33e4e631ef285399ad9de46d8,1
0x1773fad6563cd5b6a903e8bf81e9137127f941f8,1
0x54669ca58bf3a59caea8ae5135db491e4738f65a,1
0xb3897952ce7a4cea159d232dae8d02ca8273372e,1
0x7e8ba3fa5f0102004e734437f18eb2de612c3187,1
0x9d9d33fbee79e1d726e6e70cca6069e4227a2127,1
0x6b8c7017fb844612a25d6220d7382b33a227c612,1
0x930922b1114ed66734bd773184667b227520f43f,1
0x803028dd9d3b5fc1b12e48b4f3f4218cc6470146,1
0xeb0c4e7244100075c227cb60ea8107cae39c3211,1
0xc4bfc1dc25827f39ad4a66bfc968456c7852a9a2,1
0xe3fa3d26f669f52febcb00bd1789dec3c1bdd02b,1
0x65876304b2e6da8248094808cf2a2f6022c534e1,1
0xb6c7e03ede87692deb1de7e40723b952e0fd3773,1
0x18595f049a9c5c2019efda113009b0ec1c89ceaa,1
0xcfb3adac1f63fcae9b9c559afd60fd2d6b52008e,1
0xf1d83de0ead95747f4ac184b36659c0d538309c8,1
0xaa1d3f5d45333e40467e989d472effac4da00da9,1
0x176ab08b25404b8b09026731c044daeac68164ba,1
0x213f6b2680dce3e4d0924acff3e4e34520ef9ba1,1
0xd3069c9e486a8b77add55ae3ceb3a4b138fb76c7,1
0x1ecded4519a9688ef4bfb5f15811c52f048ba1a6,1
0x32e263cb9003f7fef329080bdcbc82f5cfd6c02f,1
0x6299aed920679c4a680fb53a0e63b8f878208878,1
0xdf3a3366e40dcdb9de0af5be8037d95cfbc2746d,1
0x8f4f8916a5c22aa4d0ca25695146e8e4dacc7b13,1
0x2f5fc65b9c6d1fee8ba4ca23fb2d7c363c95133c,1
0x9f35af4727fb91114563d8a8f779a792cb557f3f,1
0x0a98f97e89743406a8611e1b4219a073b60ffed3,1
0x21b9c7556376efdbf9ee316a4ede0c8257fb7533,1
0xe6d5ec576a21924dfbca631d8128f5b4272a7fe6,1
0xbfb7969e75ee4e58620f74135d167f5bdd60800a,1
0x03f4cb9e297ea659f30e09341ee7155a7d136398,1
0x05a13dcf55ea6d532f15284f39e02811fc183a8a,1
0x487869b7557f0fdecbc5141da1d7c48c15c5b8eb,1
0xd714ebb8d39e2cef1d0cbf9677bd2f2afcc4cf51,1
0xc17248624eddbd8fa6c0cf29fbe9b4e2b59e6254,1
0xd6ce702632f94069e138d30836194b121f047e79,1
0xf4141aef39803327497f6b81a21bb3f2acfa2436,1
0x3f6890d70511992e9fd62ccde4d55b1ee5acf4be,1
0x9adccfd429a7ba40e7945841164ea2cffa7611fd,1
0x862464bbd83d5743f9cf873c6ea3d187d0f909bf,1
0xb587787a8c8cde1250eda1fc2e664666720c661f,1
0xd0b2d2d86a45bf2f13a3af83df6e7b5fe98050f9,1
0x0c6306c1ff8f0ca8432b761085d5ce74160a499a,1
0x4d4c0cbb2d169a96a9b20ee4e36aec807a07eabe,1
0x22418183c90741bab6606c0e0d240ae6c3a148f0,1
0xcb6a1ff7aabbe2afceb4f7c5a6ec7ded94506c50,1
0x3d91ad906c3969f86c588c988f721d5a735c6f81,1
0xdf1e3abb229d42a182ad61ce8a63355a8a3eb0f8,1
0x72cea5aaaabd1cc5232bd2117e5d21e83cbd0e51,1
0xbe2f803bfbcffbcd77aae4e9104406abfeda497a,1
0xe4c8476226ad79c16f614a20712d348b77cf95ce,1
0x412d9f0421458d6e2736f8efaa9c1ea5352573cd,1
0x08f1f3669598eeb0e8a63fa73480d1e023c30afd,1
0xe05e90015f6577ea1b1eb682ff8e1db1b7b6bcce,1
0xe00babbb675e179d99606a00f37c8b01173ec396,1
0x94f052ca65a34d7f581bba95a749b1cf52689dd5,1
0x0c55e7d45f53b6999732a75917df6eb711e58674,1
0x1ef43b94fcb00872ec73d60ff37f5c77df80ee66,1
0x410a9f44948576c60f94b165f63eb79ce769a04c,1
0x140ce4fc34487ac55838316373eeb87dd10b65c7,1
0x8668681d2017c2322d7ba37070a8ea223ef3729c,1
0x08a474203d14053eabc30a5bf877bd22a6554f0c,1
0x954d65e5310607e12f93f6156de92cd37ffcae8e,1
0xacb1568482f9af61568d5fd05a54bfe8b7e60ee3,1
0xdc7d0d897e1b7998c780d16b3c08482a74e71f33,1
0xf3998eced96ae3cfe880ac9d2637b4118da48e22,1
0xb37c5603fb0c6c2e2b62d0525affed9e1e5a6a19,1
0x3d9e77bd53dc0c2a3110732e30d0b969713fa4c2,1
0x7dbba7f0551aef5894fd6ee331b95dbb4349f5d4,1
0x6b29380bb9955d5b2df1624c5c6a72a5e69a6b80,1
0xa8879c580a54f190ed53b43d30de269097ad7543,1
0xca6b710cbef9ffe90d0ab865b76d6e6bba4db5f9,1
0xe776de32c9dc8889e2dcf1cf0606010a51d1abb2,1
0xfff39900273ffb1045c7cfde62df1720b63fd6bd,1
0x017347cb75ac8725608e593ea35d83f9b2b3cfb8,1
0x01ac9c8027c3c91c49b33d1dd084ed5b87c7dc92,1
0x03024d05b1aea10b64ff3af1fed6a3df9adeebb7,1
0xe83366a625f1e7374bd76e631010207edbc6d194,1
0x0fb7f9eb8e9bee4dd70dc334b94dee2621a32fb3,1
0x18412b9f84df461bdc0f2e0709df507d5bdb6363,1
0x5a2b7964b5d7c71fb502abe009472984be92691c,1
0x12efdcbbcdd6695109ada38e33c56173c2ffe2c3,1
0x34e03545e5527f54243ce5a4f88ebb202efb0ae3,1
0x3d20c3f372207074df1a0ab5272c7168ce23d178,1
0x56543717d994d09d5862ab9c6f99bce964ae664a,1
0x571b8db726c2a29d237f88c9efeb896290bf395b,1
0x57bd982d577660ab22d0a65d2c0a32e482112348,1
0x5e0737b90f1db90eb4f423dec067fd6c06a958d0,1
0x8854ad314fdbcc275eb0d5f4fd6dd86ab7981cce,1
0x8856dcf8d1f9be083a25251b0149ad74f971b806,1
0xa41341bab6588948da8503d1dfb0a0ab0ea269cb,1
0xb8937891f08af9854a5ae7a5ec0cbaf4e68acd4c,1
0x1471966abfe75cf87fdad8b76d657eab8400f0b0,1
0xc1b0307ff325527511310c7d6fd3248188742f86,1
0xd2f2a56affb67a9ae2499ab9df1689ee78fad89a,1
0xdf36b093cbc06522b68105c3d9141db188e980b6,1
0xef04cb0003ca57dc7bb563d5ea3248241b145bdb,1
0xb082468c8414f30bae1c3b6136cd5bbdffebc1a2,1
0xf4dde6ea673fb810b6f503bf441908bb30b929f8,1
0xfa69519696e9d4abdf7d054c3ba44d32fe350ead,1
0x699990a8e7ada9e92c932d6e8fb365024fc74b43,1
0x6afdf83501af209d2455e49ed9179c209852a701,1
0x09b2f0988b6d24336b348c84c2764d2b4f85142f,1
0x9e32560cbc32e1ea4c737d65f043a0d8f8310422,1
0x0e5c3e22b7239cef46f56741ff66369f3cfecb77,1
0x5d3087d1aa04235610cad6198598977b9b8156d3,1
0x2d3fd9ee49189959368448a5cbc63213121d66b5,1
0x1cbf9983e0d59276a58db8e8529706004fcb1837,1
0x1af369bc1069dd286ff59cd69553550c07e0dd05,1
0xb6c4ce4eae85066f8fc45093d12444c8b89a6aa9,1
0x865b85a6b14efdfb42377da0469ea0e19ba203ad,1
0x26170ef869643debab1491cd2248410dd5534bc5,1
0xd41df4a30fbe6b282ed6294a704fb33090557566,1
0x30277ef932d6212748932051080000c6a6e7551f,1
0x6cb9275b70a362d8fe5d445268e92186d61ac8bb,1
0x858bc5e9d9fac29c9256491385dc2d39090f635e,1
0xca339bd4739227f71b646f8b23ca098c86f6c3a5,1
0xd2ce17b0566df31f8020700fbda6521d28d98c22,1
0xddc27a0a0c24d60b607dbc7b008f2016585e57bf,1
0xd981a38d80de1c1528349b841833d3a9a745cb37,1
0xa1d3c765e9a9655e8838bc4a9b16d5e6af024321,1
0xe72eeb929e5aa9bb4f6a346376546a19708c100b,1
0xff7e887f2b7c7594e601ed1c2e44b55bb80f774b,1
0x0d69a096b2c66310309f0ead1d6c97c4dfe87086,1
0xf83fc0d27d92233e789e4d13d452d72404be6fe3,1
0x3fc9d73f76e697113bae54eea77325fd74aa6057,1
0x2fd7a107328dd6e5ac618667ff895bbadd7d7935,1
0x0cb1b32f096302c93488f072ebd3c500d2db850a,1
0x47e64ae528b2d1320bae6282044d240ff67e703e,1
0xd35f84a9f82fbec2082b2b6c9afd20b4a8f7c959,1
0x571493b6bb0b99dda41e2da1774b8c9b5bc302af,1
0x6bae54650c0d17f4aee76839a7d319dc5060d6b0,1
0x6d35392121a6687fe19d6159601b17517f73d0ea,1
0x6edd8fa5550e29d47641f969d2ead3decaa29ba2,1
0xbd945e9c9519fffec7c87b4a26a89e522b6ba78a,1
0x843708d85621273f3bbc643b348da3a60d5b0334,1
0x8b6a3e1f151fbd8a45539e0942918e63d35c6cf4,1
0x97a45305513133c62b2e3a1f2181dfb5ffdbb450,1
0x9f432a2964351a7830bd9ea10f65107677d73e04,1
0xa817b9bd1ece360e4a1692894a5ad1d40b889f20,1
0xa94ba6f81ede0d81a5252e71916b5c5567ad6a01,1
0xeb0bd6bfa6d109205f857caab59f651fe7631094,1
0xb40969f60bfa246a09593099dace2ddd543254a3,1
0x845f97e61d7e868b49cf3b980557de0860b11a79,1
0xf620422e1e2cbf123386ea664f536d1016e5a5d0,1
0xfeb41f7dc10c98fb5a7995fd9c5de7c83e02dde7,1
0xfec4465b6aeac9c90e552ae7766bdc0ee0d8dbc9,1
0x2ee5fc834903186949c75e0dc10ec245397bf1fa,1
0x557c60995797fa7b47be105227a2e46148d85750,1
0x4c97762d6b0355ba508abd284e55afa4896525f5,1
0x52349a2c4ea4e4b94ada3d75c9d3a318c024706f,1
0x13dcdadea84242eacbb956f16fd5eeec593f1731,1
0x70e680b9493685f72e76243c09993fca768eedf1,1
0x82a214b23c0119f0c37be360889927d68c2caab6,1
0x5022cf478c7124d508ab4a304946cb4fa3d9c39e,1
0x52690f90740621f89f58521433e9b0921d626708,1
0x7a79944ac7e770cfd13ec024a4b31b8c5efee60d,1
0x98172111480cc81621fd8b12bed2fb5095be11a5,1
0x5674ea0b10559d94d1141eba00ff14211ea50151,1
0x61526ca189ba3b508780e794667afa0c7c3002ea,1
0x70814fb113d5b2b22902b568b67ebef657d9d66d,1
0x83ca0f19abd240c3b04bd55a2046c308d042e196,1
0xa10bb823fb55a9199e4f521d0a88993c4cba7150,1
0xa2917120c698fb5f2a03e3fd3524bda85a3eaef6,1
0x15fc6728ec8d16b66e7151a4df7261b331ff8b7f,1
0xbc9ca5bd0f07700929f8d538233b0a9e60f4ddc5,1
0x41d5939a4525727cc3777073b40aaac6030a22f8,1
0xd1380a4e089950ee3a23d818e24ccbbef003a432,1
0x0bc7815f29ede74742d7377821506f705cf0d809,1
0x614a62584658d555cc28b3aabdb691e85e002c8b,1
0xb6c189179b204d14fcc0b608bc97243b389b0030,1
0x5feadf8ef647da7f07584b3d33fcd565b79359a4,1
0x0c76717074a973f3f6e3d422166c999483f6c7fd,1
0x389458f93e387fc568ca4568c231a64ffd0456d2,1
0xc8ed349529bab23ac6c726693623cefa2e31ed98,1
0x765718a8e4a5562be34b122af259ce5a71372e12,1
0xde18fab0baab095bc41ca5fb2b9421e4f4fca78a,1
0xc33164f7ecc76869fafd44363cd094a22e0c296f,1
0xc7ec028c706ec2fcfdcf66bba7e80ded634f6ca9,1
0x79479e4fc351f23df380bd3f686416f6592a74b0,1
0x6bfa6b948af76082f3f2b59a225e2be147c5c2e7,1
0x8f72a6934ce350b19432a3dcb1c698d6f7b49fb6,1
0xfc7d068f069e712dd35b439bf6ed9df8f58d07de,1
0xb8eaee4a13dbd506bd8925cf7b9c950e7f5f8539,1
0x45133db3eadd8718f5c3a868ec2f7148e460dcfd,1
0xe8bee2f6bf252ed9efbbd483ca4093ace7350c92,1
0xcabd5f77ca9d48f4ef9793f20de42ad39ce93979,1
0xf44b63f62c7b6c59a883fdc67bdcd692995b8bbd,1
0xd8f3d5e9a199a35429870fca8befd159bfe48747,1
0x7cd9ff84abf2b23e825154aca2a62fafe185bd5e,1
0xa62da2ea9f5bb03a58174060535ae32131973178,1
0xaf77e6ce8fef4b096e909ebe6c475cb991c27675,1
0x4672fd2f3f3813ff0e33c74565b404fb0f649051,1
0x4e1829da30cd7ae2f3e9915cb8c9f3f203ac7d83,1
0x2b6565c457d6e73efc15eab80b8ffa34b6bf122b,1
0x6e1ac9b3f4499a73385dd8d2daed6449406d49f4,1
0xeaa511b1aa3f49d63af30c85377fe0df3a9a4c38,1
0xea9f3a983d965e582c34eb852c18babac52050d8,1
0xc4464dc30eb53437a1e84f380f813f61ae7e174d,1
0x54e0ed085cc169cd94e27586f707a13136293ff7,1
0x05eec49e27704acf5c5ce31ecfcde4e382d78ba0,1
0xceae4ca7d082856d140f3672780029d6e90c3dcd,1
0x11267972b5ec7554fe1b315390c8315f91c4826e,1
0x4b0c1beea2e8a8197fc48b0425a50a7204412989,1
0x7dc166391edba45b124e236cd099fdb266e541ff,1
0x2c31159f1497aed2cf9c028e55416f3050db1dff,1
0xc9ceeabc1ac7b96fc45a1c94edaa3b10197cedfa,1
0x078cc4caa131eb9d6d3e31847946d5f37fd3f58b,1
0xb3c0bc50b421ba2106b8d358d9cbe13efc096418,1
0x3927e502c865a2c873a735775e224930eadfd2e3,1
0x3bd835333aad77686595d734ad5b80934d8b026e,1
0xae72c6a6fad9fa9d82d089e1ebf73b3043855425,1
0x9a42a95b8cbfdaa6fc45fb6986b7884e19085554,1
0xf33f6c5302fee8dcaf6363f6862071092b3d56b0,1
0xdbf55298b349984a50fa98c7c6965994e30fc3f4,1
0xdf8b134fb7743acd805ecdee11335dd0cca921fc,1
0x01e8e9927d7c6b71671865f05783c8cbe04cc559,1
0xeb775bf133c142e873f2ba6925d53107550e8703,1
0x9197f339cca98b2bc14e98235ec1a59cb2090d77,1
0x9e5198418081fe00026ca0ddedbfd3915ab98298,1
0x2da903666829f302b0501f76144339213259c260,1
0x665654f2d2a151be2d0f8e3697e6ce780f732af2,1
0x6e1510ed41ba743344e9ba80646194351cca0c7f,1
0xc8c1180bcf6ad041244963bed23ce25dfc6adbf0,1
0x36799ff7bf99602870b91572e2a897b06c91c87b,1
0xbe957a475844c127ddd207b4ff1f63900fd13e57,1
0x14bee91efb79a8eb2332c31177fd3a61481ccc99,1
0x269c2d0badff4e365ac2a0da8c8e3f186b6adaba,1
0x28cf5d9d465dfaf5c616958ef8b23dbee567e2b7,1
0x455ce1afc1403b728789b4a8c5aa512600b668d8,1
0x64f7de90dc79d775703bbec66a1591c7a26a22f0,1
0x660105ea6435e8d4c887a3c830b8812746eada30,1
0x71aa6c4e87225fcae2df49f977c7fc0d1e8d2112,1
0x76d01054ff91afc2d515f7fea9a3e3313e248615,1
0x29b318c8dd1600ed546da34785a67c6dba323ac4,1
0x953b0f8afc70e0fca9e2e43b0a4914be002c4e94,1
0x92e23d20fac1e040b665242d3fef2540a14fbbd3,1
0xa8806ccb79069c976e37ed1950ada0eacef6a289,1
0xaa7305bec9ea473d54b400ce2dadcd9f0edf6039,1
0x42730be065701c569acff12f3900a716b7e22e96,1
0xec034c3abd17fbe51b10283d0902a1210041fc77,1
0x61bec61b20631a53d14b176c83b8d47fe711a6cf,1
0xe39bd9e3af2054dd193b0d0217cfbd460f104902,1
0xa1cd04effc5cee3b373f0db23a88e2769ea310d5,1
0x0e757c27de6feed6d9f43120943ef07d89335483,1
0x84ea8215947e5484ee59818b789de9b4555bcfae,1
0x206b0526f4866e7580780015cbacbb4a8dbb8c80,1
0x451e5a27f12eb7b1e747480c1d3927023690d43b,1
0xe0e31366067277dde4a391cd5d77f43cdb9ffa6d,1
0x4bfb94bccfd860e1f9d85c10a8949a722676fc4a,1
0x67a90218cc5fc1adde45ad27a257f268023b2ecb,1
0x78fc8aa7bb4ee047257a245ca590fac4ae4aa97b,1
0x7f6ca49d1e50671a586a76bb082dd6b3f73fef17,1
0x9d52fd3f58557f3b5fcd2b10314bf566cabca60a,1
0xdbeca36c48306867d9285e0e0d5ed1f5aec28a35,1
0xe082d4e79c8e9587deb8539f3454da340b0f5668,1
0xaef0f7d5e749bc7dd4303ff5990d1190a3e33969,1
0x6372d3c71aa13be4942b1c854b01608f97572e3a,1
0xb2aadf6bfc0a5213acb9c279394b46f50aea65a3,1
0x1b008929f807de617552a72a62df98e0953699c4,1
0x764abe778aa96cd04972444a8e1db83df13f7e66,1
0x8f4b933491e1319799229ed9d36b179bb859d705,1
0xf54d41cd3ebd5d20b10617e43d27ddd3d5e157b1,1
0x137f41ca27f570d4c50e56d5c20ae2807225f09c,1
0x16dee223fc168abff7b979813cdf15866eed7e8d,1
0x026e3a7cd4ecf91a8ad116a6124880d876af3c99,1
0x1c5cf95fee6bbd42e23b36167bca43c44b279e3c,1
0x31231036ed51376a70b3824d7da1a4e036def5a4,1
0x44b4d430e7c56e4ca04c5799e561063ccc1f1df2,1
0x493485c7b822d077f14bd6484a5c40f2adc91c96,1
0x7cd2476b24ffd1941dc981f1d712c040774f48fc,1
0x62af590649b7abe80f8c6dffbb92e0875b65e37c,1
0x6bb59e15545dc9ab0949410cb3d8402ced7fef98,1
0x9570fbd500d3591a19c8e3b07e5656249fbde200,1
0x51db75f734f02f392452d94e06b7b703bf6ce197,1
0x15c6f369772e56215d03bcc17f7df4dcf977c986,1
0xbb59498b19783e5d81f72ad07acdac619b6808e2,1
0xa2e2d58e3c20cb9bb4a6b8ae3c2b7ff22d30f672,1
0xcb2e86b62b822faf4f50c3251981695d5058317a,1
0xcece625176cead11c8d2dd6149fda2496b0c192d,1
0x3c8a67ff9d751c3cce50c9acf617959396daacd3,1
0xe2b76c9f15a1e5841a91b404ab4be1c3e5d19551,1
0x8be5a2df6488b0937299d27f092716f4a9ab2fd8,1
0xf1e1c701b49b1dc2405a9e8ef40f9f88802b80fa,1
0xc4c65d75dd6579671db24990bad1f502d7c96c8c,1
0x38d779b6dc61acdf864cd289f3594ad05088df95,1
0x8cebf0887979d86ee2c878663af7b71a35d0ba24,1
0x04490fb053a8ff110bea35f22d955c0092aae5f8,1
0x331b4a1242ad6a794ef127bd61fe57d7bdfdbb80,1
0xda23ab0b2636c3f9806a868278d73aef2439ab60,1
0x0c28d263fccf3ed25a48ddcf6561dd9cccd791b7,1
0x112d6fb9c17f75d82d5c5d50efd03ea6af12191e,1
0x39f3c15dd690163b5d985543484a8b51fb3233d1,1
0x8ec2d302206a166c9469d2f17c68909390a0a64a,1
0x2f1390ec03a03e57a1406bdef57c9cf487f62b78,1
0x3839a6c85a38de97abd0ecc092ef3311a7f1311e,1
0x42e5abe19ba467b0b32a4d042d3dfd4ba2e196af,1
0x44f2afb689aea37ab17feb2420f17f9a3e851307,1
0x50f8c08b0124092e1001b355f4b8ae2df85f715c,1
0x616ed054e0e0fdbfcad3fa2f42daed3d7d4ee448,1
0x85914d049aa004d037cae65bad275ed4147f172e,1
0xa03d04ff89308adf54badf18b46fee9980093524,1
0xa33e5e1ccf57c0caf78ae399061f270dd24ffcdf,1
0xda4c79ccfdcbfa9128b1e328f77e5f9c6ad72a44,1
0xa9237c4eeebc879208e59c867cb6d7cbffc1df30,1
0xb391806676cec7fd36dc136dbd4097bde13e5b5d,1
0xb90aa714bd30e6f135ec15a0cd2605af1590d184,1
0xd905de91f928b20ea0ccf455e5ba07eb6373955c,1
0x93286d37e375433ba957b79eca5012ac7ced16dd,1
0xe262b5a7fa6d23be9007eeb93833d2e51d89834c,1
0xe7de1e998ee34918cabab534282803fce02e3f40,1
0xfcbca52b23db28470eb97680d18e988d8b60b608,1
0xec9e512fe7e90134d8ca7295329ccb0a57c91ecb,1
0x0aadeef83545196ccb2ce70fabf8be1afa3c9b87,1
0x8a08b17ab7f547ec3082f2c57b121893edb0a49c,1
0xc3c1744bccfe4691e332c873f9cb99b53214e03c,1
0xcf04c33bfea64cf5dd6ea97e2d5620f825b03b49,1
0x06fa75bfaa972845e7d78a6d928357f15a341d6e,1
0x38b2d736e41a273d607b24e888a09473226c46b8,1
0x410ff1f298d37046a1f7e0c07fce1d8e9f91d15d,1
0x3a78c445a403c72080cf7e29a1193e79656c6ac7,1
0x832834fc5b0b35ffd4cf697c4ec08815ad8d6a52,1
0xcd69150ece65cf880eaa7b91ca6fbb7d38e97cc3,1
0xe28470253f0c9c7afbae7f61795d6b1ca4644b2f,1
0x089fce8be711cabc806d69b1d0d5aebd52a06455,1
0x20163ec2afd9698433a031b0a7dcd70ed77ba8c7,1
0x235ef6f6bcc455bb284ebefca68754c030bdc1ad,1
0x2be2c0f632f69d3e5dadb32b4dec2689e1a77887,1
0x596f888434b82766c8575f8c8e18c64902e548ca,1
0x2cac9e6d1d630a35cb8019779daf4c5fd96135ca,1
0xacc4b6f3ca8d59f631c1148dcaa52b9d7f5c819a,1
0x39e6d2b65fcfa0b3b2d74973b9eb67b6d68990bd,1
0xa8e4e5983cb561071930f9c09e5633e3d52a52f4,1
0x5c9e2a6fec34b510996a8e2a3d1e2c47a382a8b9,1
0x6ae613a84a155fd80c8e6f14cb3a1d8958f51b2c,1
0x75d4fcaffb56055bf9df3574d345473e31a16076,1
0x7b8a6e7777793614f27799199e32e80f03d18dbe,1
0x08627cddb9710dce14c3949ce41278514a82253d,1
0x834a9484537c2760ef6d6e6736d1ea800d67966c,1
0x9fc80955aee9e3eb8c511a50a72b7e589700ffd6,1
0xadc9e7a7d129be37bb89d05defe860ea28d4e6fb,1
0x0076256425954d097a4003fa46d731f895cfa829,1
0xcd094518f2d30fdd8c7911636bd8b52bd5303066,1
0xdcab53e3c8a2c37cc5e2509c2db0caa6c04f3ce0,1
0xee91d62eb5aaea933efbfd0790613af5db305006,1
0xf6f85d9b96a43c87fd29e2facbf644df6bb029b0,1
0xfb3eb8b5af7d9c38a1b6d6f4a4882cd07c85d2dc,1
0x37145f730aa36ee38230c49830238beb3f4b3d32,1
0x4808d5a2b6423abc0060465fdfd338c58e758690,1
0x879942200096e17e876cf8484a0f93257b57b9c8,1
0xa44b68fc590a2fd1cf48f2689a8aa2c8b62d2261,1
0xc81db1fd05e00aabe4b2b03863e50e4d9d9e67d1,1
0xfc0ac71b8ca9b219b3c74625755f62202d19ad39,1
0x31d240db67be4962edc1803f8b2b4da4230f62e1,1
0x7decf7a31168778f311c57b9a948abaa7321001e,1
0x4dc208f337fd51bb6a35925cb4a6b0ed168d3460,1
0x896b94f4f27f12369698c302e2049cae86936bbb,1
0x58e5c598c2a5817fdb3f0361229b0f88dd22a9c2,1
0x0cb5b9eeed8d51ae57e70e46b2a3596b94ece6c7,1
0x111b863c2f7d1833d8f53830647c260169e99626,1
0x4a0833202f399e27d8e6af4388ac36af07f043d8,1
0x2c23b2ea134c3dd6d9a48676a9a41c6ade71adfc,1
0x317c32ca0309bb8a1f9d8a3e2836544f233c841e,1
0x348d43bd8daeb9f13611d5f0838225e6a9d89bd0,1
0x36d89738405a8325b7c560cab2dd1b88565effd3,1
0x3d5c819e5ab0395a8ff2ed2e27d42b92b91f5b2c,1
0x2e6435daceaa1e7e14e0715a5b8648abdebae061,1
0x53b2da71db2e266882a465d9aeeaae3e8beeb9ee,1
0x432ee7ac7b80d7c5178fba2ee910482f7a6abd24,1
0x6576a26763cefa8f37005c067f7902960dec6b8e,1
0x75cf6e0dc5294bef8cb5a6fcd23dc9badbfc443e,1
0x7c76cf8894d42ed11b53236da54f05add1d44073,1
0xefc26e228cda4085476fb6a98331ed6f504fcad2,1
0x94db5f225a1f6968cd33c84580c0adae52a04edf,1
0x957143815f0e1d1b1a31b2bfcded5b416ee675ed,1
0xa39d385628bd00438f8a9ba4050a25a0210f84eb,1
0xa76bda01601ebdd50512c2103a329db572d7a77a,1
0xa8e54b46ae93e14eedae486a9efcd4c7b5a5be20,1
0xb0bdd53b627d7e61cfc5c13ef110e47e210fac6f,1
0xb7abe0f0a1c31a88fdcdef71033cf7ae7d12f2d3,1
0xc2e7c3a5675ee1308d56f5e4fd614007e0fcc63b,1
0x7fcc2335d3d04005720c7656758eaa8825298bb8,1
0xe29bfd5761a18b5c3ac4a4271eb7fadd4c7fb942,1
0x1643635228eda7c2c82f05b520fe755eabaed547,1
0xa3207a0aec9908922b1ed5ef60a0c73b529226c6,1
0xefb3da5189a6169a61176d1357579e135a1d1187,1
0x01f4ab9ccf822e74cd514b1fc16068e749d37b1c,1
0x48be4681972473b498e8b686d38e04826c26fc4f,1
0xbc1eb4359ab755af079f6ef77e3faac465e53eda,1
0x197fe3ee16556577180f6578050802106e8bc446,1
0x5b8ed97b1e85ea4e5e96c3a6e00b0835b087fce5,1
0xd7192081e5f481364c190022f0012a729fba37a5,1
0x2fb782b5b34b8e1ccc622966d57f33c6861d28fe,1
0xa7d90dab198886529c97afdb77007a0eb28a185a,1
0xa4c0963b434e752180741253f70c2433ee71aad9,1
0x0573383fcc26eb066010d28d96ab02f7c5cde67b,1
0xe50d9d1d59c96bab775b733d17325385d1c66d60,1
0x0db7b27b7a3ea8035d3f66f3ba7532221ef06abe,1
0x12a0fc764430a24833fde0310fce8071e1b5da08,1
0x21804e35a54aa4820e6cd409d70926a63dba3e45,1
0x33a5ad54163a345551a12b6ddb8fc955cecd5ab4,1
0x48238faa9bd6d56fb44a32dac6185f04eabf2117,1
0x53cbd34ca41a2373dc329c63dfca349d90139e27,1
0x9e3df7c61454a7e2fbb1f215dcb0efca1da8ccda,1
0x6846a60d5d1a8b6f2d1d7c1378b3dcd5c506bafb,1
0x8da03feb7174b4b2a6b323f3dc40d97f3421cd07,1
0x9f49288c4658660c82dd98019f600a3d35969fd0,1
0xa0ff0e41d6847b1fce33a721a766e9e040027e6e,1
0xad5bd06f5fb4633888ac7506ec0c87eb99998653,1
0xb33fb83c645ac2a12b138636fe59604312092484,1
0xc13d5024c2ee14c5f80847afd09275f8b550a135,1
0xc2419841dcb9a0f8906d06463ae24e00e1470846,1
0xc7ea6791cc150a5326d55fdb47e31c16d8bcf17d,1
0xc8725543112dbfb55d54edcd9c9da2239ca1bb92,1
0x0b7576a64a0f4b4924d55ed328ede4979446521b,1
0xcf6492639384eaf2dfdfb62c22c07928693c852a,1
0xfdfca754ba734df524f7a72e336aac8d159c9d96,1
0xdafa9e3dae493f0b9d6872eff4fda0f40d1b7488,1
0xdfd818378e60a1b7e26cf165cc57de8ff0a65478,1
0xe552cffd10056aaf9a2153dccf9d14bc71f51345,1
0x0c844ba95ee1d4a7c54ef35435775e2d5bd2a3d6,1
0xfdb325752f9793ae7fa4aecc641cf5386846f566,1
0x4e8849962c43d9d7540f64b24bf76704926926ea,1
0xc6bd194286802c5975cf681201e41f21a4e256aa,1
0xdafd126712aacea92eb9fda9f148d949a3453faa,1
0x982d3c5223f6b5794fccb3208eb164d042cf2526,1
0x0f0eae91990140c560d4156db4f00c854dc8f09e,1
0x62fc78469063720d0ea442baf2984c20b50f0c05,1
0x78143238df750e9d9f1082e12ed56f2bfa332d65,1
0xae0d16586e5d60d334624c115216a52b9b1a0335,1
0x56a061f4ef706e1f6dcdbcf7e10e4340c1d99bbd,1
0x8abe2749b67ad7debb7442c46ea4a0e003d4852a,1
0xa73769aed346319287410811639ac3bec8464d55,1
0x0f9c4213c040a39db2ba6f833472f739e61710b4,1
0x32dd9f6885332ccf8633a18cb0c2e25e68fe03d1,1
0xfa0371c9bd1729f67d84bb374c867e837cc6b84c,1
0x4c3d85e7fc0c91215eb6a4186592a41d975d2a4f,1
0x4fed7d0eb3bf1bf1ba69320962c81b132ad4474f,1
0x9d36ee50503d0928d213926c1ecbab626a36e4af,1
0x646ef8e3c8e79a10daf8f32621a3e468501cc3e4,1
0x6df000635d86613626c5208d7c9d71b84e091220,1
0x72bc237cf598505dc00d4fcc23b1663e206455a9,1
0x78a4b60e4e66a4c2a6d9535dbd037121e5788d9f,1
0x9045ede9bc11bc1148a0743ea518e3f36f62bb23,1
0x1f535963f70aff4a8d9911d3513f819ba5703b43,1
0x6b728afb80ecf886fb8e0acb07ba13a85890df7f,1
0xc26012491b9dfb2e6f2cb0305673e212721d5950,1
0xcfd648eb66b736351f48dbd5a1752708371c10f4,1
0xeed78b401a2866587d4307b4d729dc6b194579f0,1
0xee58519040de3504932f4c79e1d056ef1b42a026,1
0x2380ca49ed8e933c97905977763693e5cf8770f4,1
0xb1709b9283fb61d223e8ed13f2739c0f2e62af58,1
0x2410196751681c71a9b92096297f76a4d1ce2813,1
0x2cd00bdf1605046cef0f50420831bf3b7d675882,1
0x6ecb6038d923606b3540c4c6ac267c73ab7fa3c5,1
0xc659fd78a395d70ec69ff034b4378a712e7edb64,1
0x039649f7c2f548692184da3fedf316f58e8356c0,1
0x09b059de568c4c16a862a68379452d9e7ff38fb4,1
0x0d08c74268c1260d9b50175c41738e1a45819700,1
0x1187ec27eb94e65717af65f3ae8c326bd8bb47c1,1
0x9fe6eb793adc54267868f310a5f1c029ad85526b,1
0x363c670c29b5f5098ff33a819b6069c33f3f95b8,1
0x4e3cc03eb2be6122f2316b84d1c7edb900e90dba,1
0x57dec6115e561f3de9fb7429cf14de429713b3d6,1
0x5b1022d859a46f42fcf24bcd8f5ab616e52b4800,1
0x63f11d2060d147e75c2bfb83dbebe155b4d06b66,1
0x66df459f74e7c4c4f3bffc96d99681592bbe63a9,1
0x72f52de160ece454a2d75a410f85f4978045882d,1
0x799c5516c59312f229af008c3e09eacfc37dd5b1,1
0x86ff945e6dc2470317ca082a01de7d24188671ac,1
0x88f038389cbe95a917042bdb0f3afc434c680edc,1
0x8a0c391ed12dfbb23d4a926a7c7353dcfcca8a47,1
0x8c4138dcead987bb50929ecfbeb39ef3e28b4c76,1
0x1e868e0f5948fc94ed99dde0d0aba939e7677b47,1
0x99c7be4c85c4e9d26b7cab28a4e6dbfc8bc19178,1
0xa4df50f02a778bf281ea0db761900d354449eb17,1
0xaae8c50d76c76fb8947c9a203103d28b55862977,1
0xb099a3c3043b262518d9b6cd4d5c9f589b15e2ad,1
0xb8dfd425f4d6227036d5342cc4ac2b90826e1b05,1
0xc7e8a6abb9b5c76c75c9bb4f77715793f7f8205e,1
0xd361363a6401870ff8a23b7c77c004aecb8c8b84,1
0x65082e943ebbcb02be9ce8fe42617a8ad8be33e6,1
0x48dc9c8dff688b55debe12236d95b77123781aa6,1
0xe07caa87dfc96fbc74f4c113270cd385574d5bde,1
0xe7985c511d1bf0c7668757650b974513628dea7c,1
0xef2aa50b46d5f78a80fc96385275a8dfd82ead8c,1
0xe47f7f8e61709cb13ed6d7328c9d4e83ba22f2fe,1
0x91ff56da465f9e7d32200c3042087db23ef2410d,1
0xeb8661e8548dc074b9ff411080fdd9a377e6ed1e,1
0xa6b880ad5e007ce8bc681ca974d79ce58fa0424a,1
0xae220d647426e368ac321efec83a9d696bf84e7a,1
0xba2e80144fe3ef8881fc5a816bbc607768e91321,1
0xbccc968eeebffc2586a50eef0ee1cf12273c9604,1
0xd1386560f0fa070b6b79e9968e8197cf17f3b8ae,1
0xe1759f0cd1358c049e7f64c26e13de9492f9f888,1
0x07219c7136f49847a6be9fd1ce27f8afd6a074db,1
0x301cc218009608e59f9647f4b7dd8a49be8493af,1
0x13c39b3e6e6159bc233fad90825f1f9f84fcb102,1
0x1d25029d92a7051f46a13be9a512443c966d3542,1
0xc4c4aed3871be9ebe51316e2ac888635ff633106,1
0xac3927dfc71245ec0ecc269d5cb20cee12cabdc4,1
0x2db1307f1487c2586473f570ef6832d6873a0053,1
0xb5ba25231cb906e68e4bae0e7bbe6ecd972be883,1
0xbe7566c8aaf281bab17d7b284a89370261ff3b84,1
0x3e998c50b1eaf1577416e2bf31a76d09a48bc3fb,1
0x4525b5402a6d9eefc656e828b9391aa9dff2446c,1
0x60e5299f49cdbc13d152323105af462071b22c87,1
0x35837d1f64e15e537bdc4adf151f20ea624632a9,1
0x66fa06bd24294ab3bf123153e49b9065cb7672e7,1
0x26f8fdd4f8cbf0ca1087e4f0b9e44930f5f2f159,1
0x6d8dec3fd68d94a7189a98346ea52b4d32e00012,1
0x71e22168b702bcff528b8974cd4b723250b67609,1
0x782ff3f609427680db175365c24c238f89fdd276,1
0xc61ecacb2f792c7f440f5c8888356ccd2cee1f6f,1
0x7a3c82c6b4ad6ee11ecf7f395431ed1135d6e46f,1
0x7a71dc357646a8149a920dbd26f66f07769f01d9,1
0x914b1b26f461a8797d94f06ed41e01f72b0484f7,1
0x892eaf46a9c1cb75c3f230420dcbee6320c26932,1
0x8ca7e4a1f59495107bdc4c7b246691d89fd3a939,1
0xfcab2f0f8e64bbda95e1c65d368e6cb22bc5a808,1
0x94b6623e1b6d36a3f9d9e4c156f6937206edb256,1
0x95d41776812c6ca222dd5fdea56c065b55ff7655,1
0x9bc66bb0f94a38e55809dcf7eadfd6bf98d6e184,1
0x6fb4eea73ecb50d1d7a060c957967d0a7d379a66,1
0xc0bcbc0a91cd42e4808faf190e0ad6e9a6c027cc,1
0xc7c6eec4978799e6a53da79b540432820a349d0b,1
0xc81a59ef64dc572bab1011197f26e6a2959b1f0a,1
0xe3013b1d58b257684ed9862dbeef81d863e2e0f3,1
0x00af1f05c68de87cef3880012feaa227e1d6280d,1
0x24fbadccd6684106e24065694ac87b0e98819235,1
0x5d20e6c0db887b5c3281edfce5bb7677565e2b8f,1
0x271c6f480aeb26672b915a7b33159ce8f1e97fd3,1
0xafef3bb7fc3cd8ae083672b65f79e6cefd4ac619,1
0xa081ae42802e0be86f5a6dd9274adf50c9986a1d,1
0xbaea3cf94abd0d6e0f029ef5b0e54e9424a72985,1
0x9c335e4d8cacda86647ff4497789019c7a762a62,1
0x0ce390f18af702cca546297845a4a51d102123cf,1
0x488cbc938350ed55e5e7be56e98bdc06eda00695,1
0x13bfd26cf7d981aae5f8d4d88af4b34b4b1d4da4,1
0x1d522bd33cdd1f60be71b0b7b2efe4e9f20a5263,1
0xb2d1c70ba70243634ad656dc96531e17b0764c56,1
0x215fc4d12967ddc2432a7b8936f2849740edb7bd,1
0x2500343bc827272c5e1843183ec42dbb032ce0ee,1
0x2adfc86a4e073169ac5f8c850a9e80c90383f3f8,1
0x3368b4733a4552b38b7d81c215d88cac4c78d8e5,1
0x1ce71c7f6bf4d1c439615c32727c7465912fb7ea,1
0x3ac61447a75149ba67639100ecc92c76fb20941c,1
0x3b0b262b187001522c34edcafc378500133ab230,1
0x41e12756498322b479f889af2b2f4b29a85d5605,1
0x488db5b2f8a9fbb9f50ac113ce9f88c721fd4eec,1
0x632734882ed0127fbdf2666478df42aa916bdc84,1
0x69cc363055d8c3d5e211865e805e145ab9208d57,1
0x75850227f61183759cbbfe2b3fb196e798ce0b95,1
0x8a9d3812020d70bd487c79f2ce471ccf87e17ad1,1
0x92c75284b0d863165a8b33e212f02ffeecb2853e,1
0x9cfe0d47672f0d9891dc312d242349d52d8aba8d,1
0xa10378da8fbb61b408e7816b3e85bb003c485787,1
0x3f457ead446a52db61801803338c3dcdc68c712f,1
0xc30e9fda779efe2081dae6529c0d07fc16769c8f,1
0xcf803a49f6e37b92a4040e397b976939dc5d9841,1
0x011b84f40ee5933a2e1a7c987f970dc5af3ca49d,1
0x057d1e845402b371eb793135f877966b47577e28,1
0x08882cd344a56c3da51a19def6cdcc9b290e7c80,1
0x09309b99f3b43648734caeeaa752f77c679a2918,1
0x09bc19cd33faf805e55b708c2db3de87979b3950,1
0x0de511b4dc18865439b4464600719e00d3689e33,1
0x0e3c735708f660b9d29b1f05679c13f72e14c0ea,1
0x8695a4f9d2345fa0e2d87a0ceaa9d5ba48e66cd3,1
0x0fa67a849aac4f65e365783f498ce00a892913fe,1
0x10dbaa70bc06a3d7767b9b7c7fca894bfdf163a6,1
0x11083529652321166af1df9496a35a32e68f56ec,1
0x147a689478cdd24b5452271972e18eef05ef359b,1
0x15698a313fce62baed7a64dba44849977d98e8c0,1
0x188386d433e070826ef3a2ca5d9edf595aa441de,1
0x1aa760cf97f1389e03a2c8b4ae7aa1d748d1b666,1
0x1af43286a8a0a71c1dac3bda62aef416fbb2e041,1
0x1cb89e486db5774ba084f683796286848df489d0,1
0x238edab30142a77ff1be2ce3ec42d5608d283434,1
0x247d9e1fdf72941053b633e5a5428ca8f954e034,1
0x24c238108f5a770663c4ab4b004ad5dc6f2d64d8,1
0x27d4fee2fbe69bc02be96d1e146abe0a29797424,1
0x286182007108fa6307c0bc4d4731f34543c64848,1
0x296132e19ae5737400ca45bcc8c8555982d41d53,1
0x2fbd96729bbc8b02c3084583ada26fffc15278f1,1
0x307fa253ab864cbf57483415909b37c36df3b8c8,1
0x319cecfcbeacd0e23d14deca54fd614e92b5d643,1
0x32ef2c81b440b8ccf683d18aefe1ed002fd1652e,1
0x39531d59fb7f1bbb0d47ab8b4fc6fa640f888a85,1
0x39dfeed68d0c848f3927cf8d01663ea639ec5b3f,1
0x3e89a0f26657013bf251ced30d5d198c3b0d2466,1
0x3f7dd0b106b10d06bb4813715b4e24d9e626dd64,1
0x412d974ca20038402a4e50d586fee6ba6a9279ed,1
0x4145a736eeb23174f3874fb9d3418f4acfed6de1,1
0x41aec789f14e50b2628fc2fbcc29f909d9a97236,1
0x47a266e4dc05f69f4e6166a013c300f7af5ca1de,1
0x4e2c1c305d33c79614082ac0bb8ca7c68d8779e2,1
0x57864aa393ebe7b561179451472fe8607bc0b420,1
0x5aa71418ac6238c78ea9a032a768dbbbf86bfeca,1
0x5ac9982211070c077213471cfbd496a7af34cb14,1
0x5b1c25d61edce8decfc0b03a2c7f0d7917a8032f,1
0x60d307a8726b8184843b87b2b4a0f0b36a6a05a0,1
0x621ec0c00b1f7e1e95cf656d58ddf853b14ade46,1
0x648be90b4d68b723b4994fdce2b9de1ba3607cbc,1
0x64932f86d69f2717307f41b4c6b8198000583c63,1
0x64ac2084601f8cf846f359ffd956adb5a34c6722,1
0x6767b1e546dcb7499652a1fc4bd6f1e36992623b,1
0x69a463ef66c4966e8ce368ee050fe2d0c79deb02,1
0x6a5ad95a3b0d6d4739de4370f51c8670a4d53700,1
0x5fb33d75a1cfcdc922e736c06e01c1505b4643db,1
0x6b7a91c6a6832bc3498883ff65268612f67c8119,1
0x6bcefcbea097bf082b3b98224a76b98a12161512,1
0x7485ac6d8534691993348d51ab0f131a19fff763,1
0x7660f818934c9e703bcad4de31c441f6efcf02e1,1
0x7ac4c950e7d8975e18e6626931c9f6e1b38f2683,1
0x847affb5db7197fc6219cfb3d1b2404583978d75,1
0x8888888888e9997e64793849389a8faf5e8e547c,1
0x8c4b231131a9d2fb0c2eea463769abf08846568a,1
0x8d900c8aca5b3846c9ad2cbf916f20babd95f406,1
0x8ef33d3c463dbc5f2791e8f82bb73474652901d7,1
0x8f06975b0c3cc46087134339fb22ee2d46d2106d,1
0x90198c48129ac7564933f8bab85669e303ff6b9f,1
0x9283099a29556fcf8fff5b2cea2d4f67cb7a7a8b,1
0x9a659894e5d115846767db0e1685744c452e7a6e,1
0x9abefc6735a44c866eea45aa5bac508fdc36cf47,1
0x9d0a873785c4914144a956e70779f7d413df904e,1
0xa082c343cc35a7c54db225ed74c4c02d0b56149b,1
0xa2daccbf8cf2243c724260cb72972d206f2fcba2,1
0xa2f26a92794488a6f41970108e267e1d67957652,1
0xa3ba318be80e54611062ec946e0a4569f61a91f3,1
0xa5b17ef8bfbb9a1e9c55a5c21c52f50a9d9fee6a,1
0xab8d0a6784ce6b16da622c9a3a63f611c5f24cf7,1
0xae805b9eaa5a04f307b439484ed881e75d36ac73,1
0xc430dedeae7690bccdaa97af3f4be07c1098983a,1
0xc4627e5c93b5ce0697186ba3b9fb322c8d4c2e1c,1
0xc5c37585bfe5415939b90c4613537c9a7be13918,1
0xc91998c7ba11436c6d847e2fc51784e05a9bfca5,1
0xd36954df517cfd9d533d4494b0e62b61c02fc29a,1
0xd36d0ace6b18f13760376751af10741336131ce8,1
0xd514dc9996c400b58d5654bec86bcef6200dafa1,1
0xddf14fa3e1bf3881cd6ec491f0ccf3d1389a78d4,1
0xdf4329a7fe5b265ee0fd7315432bfed7498157b7,1
0xdfba1c121d57d317467dcf6eba3df7b32c5c736f,1
0xe0753cfcabb86c2828b79a3ddd4faf6af0db0eb4,1
0xe0b5129743059da34d9f2044dfe2450dbedba22a,1
0x942d970e4bfa175e2af0cc63c2db2d6b3e1f44fa,1
0xe496a4f9472a4935ebf4ff78a18ae21e2728ffaf,1
0xe55a8a47e4fa55557a0cc2f535595ba4e5aedd27,1
0xe6ff1989f68b6fd95b3b9f966d32c9e7d96e6255,1
0xe8e974b98c320741adf9235c0a5702eb8e68233f,1
0xeb7921cda81164f7e711ac0bec1a9243fd10a815,1
0xee5818e898015cb7748cdd13005c8c5ad70cf483,1
0xf0c11838870ca444f5dc0ba0271a36bb9d9f81ec,1
0xf2285af9aac7d12574784476b9bc43f8adac034f,1
0xf253c885f7e5f2818c03547b16f5e9068d4735aa,1
0xf33b55c5c0e7bb08679ed4d712d7cec38f3d19e4,1
0xf4fd230e3a0c4bb518185880290bb6131e019e31,1
0xf8ad3f88b0e0d177aa8c5e6be1e13410fd41cdc7,1
0xf91a1142d9e4910fb5e6ea3b965440a1dcef12fe,1
0xfbe02db58e0e0e02ec8b7fac182b0bbfab81d621,1
0xff9ee049afa0389e6358a6a20548dcb0cf7a12a9,1
