0x00a7f53d5a574a71ad23fb85f18f3b4c5a21ef54,1
0x01b71498cde91a613eacca67fa46463b0dad724f,1
0x052564eb0fd8b340803df55def89c25c432f43f4,1
0x08d4c631940a224181e70b6c81a1fee6dbf3251e,1
0x0aa78b747dfc137ef96b428951ebe32f9ac4efa3,1
0x0b7d2c4f89d1cbb290af0733e1241ff1d6fc72a8,1
0x0bc7815f29ede74742d7377821506f705cf0d809,1
0x0e7a408a775af29310970de51b59501e21eee87a,1
0x108289ecb4830e7de08dc8f9e58526ddeccd2d32,1
0x10efe7195c7ca47b9b1e2da423fecae8527f5dba,1
0x1622325033583cb93e3ce3019fa00d1038bdfc18,1
0x16dac3c8f74191c405b73807652ef5dbdec7aa23,1
0x17e7202da7a6411c27db0b8ec0d0839bec645202,1
0x1989e01962646dff41d4994a411de9621bba5580,1
0x1a051968e421023d61a0afac659b6916784f251f,1
0x1aa760cf97f1389e03a2c8b4ae7aa1d748d1b666,1
0x1be8214a3e0528623e0e10af349936b642bd3767,1
0x1d3dd4cc14c9bc93bc8744559be4ace760f7a1d3,1
0x1e6d8d1a6076916d38b120740308d07c01cdb2c7,1
0x1f57b7cf79f16e1a4e54d2bb881851679370be44,1
0x20163ec2afd9698433a031b0a7dcd70ed77ba8c7,1
0x2249f5016b1b7a306c5e98765bf94fd0a70d8b45,1
0x2336ee0447b55103e8c01cfca82067445d8fa571,1
0x25a82f100d42c88b4e3ee8bf206b4d06d7a79997,1
0x25d50ce5c3c2962b1eb22963070432c8ace816b0,1
0x26088bd0575c0ac94946fb8dfa0b240c42283e42,1
0x2c1725bff8496ab8098406639ee34e5b015f74a2,1
0x2cc21b6ce4f88835e87d624e8d7f61cd6392cbdf,1
0x2cd00bdf1605046cef0f50420831bf3b7d675882,1
0x2f1f1f7008b57c7421f39726a0d223c5b17e35dc,1
0x309ba35771337651a771c502f7b9cf8aac866cca,1
0x324e9e6e602fdf1f7f50decea6cb83fff575020f,1
0x32cef996a8901743d26a900da9f042689334413f,1
0x373db7e01ebfb92d9095ae6b8f6e3d24ce6f4d4d,1
0x38167714e4bd03afc946e1fa8667269e48420a09,1
0x38b2d736e41a273d607b24e888a09473226c46b8,1
0x39cc9c86e67baf2129b80fe3414c397492ea8026,1
0x3a2c6b9d1548d752b85a17bb8cde226ee70980e2,1
0x3a4c619284748869eb3ab16494b461256b72f875,1
0x3bfcdda69bfef9ab5da3c3e75c0ff0e0a3074a5d,1
0x3f7dd0b106b10d06bb4813715b4e24d9e626dd64,1
0x41e12756498322b479f889af2b2f4b29a85d5605,1
0x43176751abfbd7a39549748aab57641c26df7129,1
0x48ae825591a926da5f49aca43608f28fdf37210b,1
0x48c8bd589e8b81cfe13403ec4884f71e676961db,1
0x494d36925644a66737c3cfe8f6d1ffb8768c9941,1
0x494e6fd90217d3b19be362a4a698c760cb3caaba,1
0x4aadfd4c8cdbe3a18ce88e36407517159c675279,1
0x4b46f1e241838a910945a3fac242ddf6f5d7c041,1
0x4c4b8d30813a59ce6a3e590f745ab9815a206858,1
0x4e3a10f142075389848ba955ab6282d9338839de,1
0x4f36fc5b7d34fe98fc81e5a8e2c76312a4d53865,1
0x50f27cdb650879a41fb07038bf2b818845c20e17,1
0x5304c4954a557be473d058bee7f62ff3220da5bd,1
0x54ffa6d7d9315081ab40806fe2b2aed7823c7987,1
0x55d4a9e5cde6fbe40991e7570e01899891f6b0d2,1
0x5ab5844dd55ab73212d1527e4cf72fea884e39dd,1
0x5eff35d620168bd496b39243fee0afdc593e972c,1
0x60e5299f49cdbc13d152323105af462071b22c87,1
0x6194bda4590bbdc6a128851aaaf34802dfa8e4a1,1
0x621fa2a2dff1012ce2989e583c407d060ef59754,1
0x6368ce2750325f5002587c70c8bc298b4df61eba,1
0x6523ae151fb606439bb75855c6ae966b9251981e,1
0x66d3c53e61be58c558ddb2f273271f99cb7673fa,1
0x681a64617e1083c36cbebbd8ac9e64938d3c2591,1
0x69419b29e25dfcb0f1f27906cadfa332fc145d7f,1
0x6bdead6b984d74baee2da16bef7f58319e659398,1
0x6c447537ed9c6928492e0f2882278ac530892ff2,1
0x6dd97134b53f40d239842716b2cf0179a11876e9,1
0x6e1510ed41ba743344e9ba80646194351cca0c7f,1
0x6e3258ce4ecbb70e3cb18692d24e82b675d2e2cf,1
0x7165a04c41c9e5e67d4850eab1dc6ede84d117f0,1
0x733983a4c7e778ca9f57cac6ee361c4a9b24e4b1,1
0x746b46d87543eaf779144c8870888119d6ae0c2a,1
0x75750d0bba74ecb961fa588873a0ef69c54361c1,1
0x797a47774c061c45ee94232217bfceae6ac937c8,1
0x79fdbef5ce6d2302db090cb75de318d2c3edccee,1
0x7a926e039b30b9ca5a0499e6a8b1f7fe2c30aef8,1
0x7c5504688eb4f81ed558550066dc218ffee1f6c8,1
0x7cd9ff84abf2b23e825154aca2a62fafe185bd5e,1
0x7ce2c24fa9447da94f15d9255c5f44bfdaf8dc07,1
0x7d60a758f47822ec591b24df5a9d58fac84cb07e,1
0x7f261cf6d968de4341183aeca33521e2c3a19bd9,1
0x808421753a181e96812796b7ab43d3f356cc5a77,1
0x81d4f31946c4ea0cbfde9664170a100a866c316f,1
0x834c771e04770b1f54fe13d258e5a640d78fba29,1
0x843f2e3d685caa87ae089c1b95cec9f43ee65afc,1
0x849a27048de274c084f42551f395823f8fa18f2e,1
0x86cc7ad354441bae1304f55c1f6df8ba98d44af2,1
0x88d8fabbb70d3854b7be95a0237d957cbdea24c5,1
0x89cc08700dcba9d4bad5295dee2a111b90b39917,1
0x8e0f943577527f5e21be9ac1ba99c027360a300d,1
0x9197f339cca98b2bc14e98235ec1a59cb2090d77,1
0x928ee99d063ba6839c30e663822c8cf6c6dcda02,1
0x931f974d02d25beb1f2f510fa051f81fcb8837e3,1
0x96545a59ce81bb6acaf95957ea09cf577889112f,1
0x975fc3062c790429e40b1085728b3938d5bcef72,1
0x989a5d65720e62d80299747e5a95024ff07732ff,1
0x9d95d36f15c3cd3028d53a58ab6c60a1a7815179,1
0x9f83a2a2b6e0b11a24dfa39817dd248475174a83,1
0xa081ae42802e0be86f5a6dd9274adf50c9986a1d,1
0xa14213bb6f4e324d5cea5606f1b5a4af12d9009d,1
0xa22414e4af5767448624017c7e0151d22490412b,1
0xa4b20acc360e5bd3cc073f5292b4612055b30dfb,1
0xa4df50f02a778bf281ea0db761900d354449eb17,1
0xa723bcc05f4e0f739d572e7fdff0b23af977a8f7,1
0xa8207370cd7c6b87aa427459ec439486f3dfc8f0,1
0xa976fb8ed77bc1016a06074ff5e3e4a5fa6161e0,1
0xac707ee01a605bfc712536d703e5e790357c48e5,1
0xadffc7ff3e937e3d7a34e989fac05fe06cd0fc99,1
0xb099a3c3043b262518d9b6cd4d5c9f589b15e2ad,1
0xb0e297eb644eabb16eac74220ba406b11edb2cd7,1
0xb0f96a681e2e1bcbf40f99f0e48b8f3108089cb2,1
0xb70ed8c7effec5173f7377178bb75251be182f21,1
0xb8bb2fbad09c68aa90c8ad6cbcf33987bb7add38,1
0xbbdd72fcce73c2626719be00259ddffef0d5673d,1
0xbccc968eeebffc2586a50eef0ee1cf12273c9604,1
0xbd79b7e0cae4500eb02e6f212ddf2681ac8fb6d4,1
0xc6d4b36751233d1c509bc94bdaaa8133b3a281f3,1
0xcba2e4e7e929579101c428bc075ef864a8085b36,1
0xd0afdb750dd8c5c6a82a17e90333944d1ecdfcea,1
0xd2a3f9c6fbe4c13d979898e603d64561264a6b35,1
0xd36954df517cfd9d533d4494b0e62b61c02fc29a,1
0xd5a0ba47d5217418992d6887b3bf044961cdec35,1
0xd63929e5f4c6e82f683d3a5f260a393d47e1cef3,1
0xd66a2ac715fd7628bbcbf49ac3dd4a0f3a5b847f,1
0xd6701a92ee4e8df99a7ff1a453abba8da84e0c98,1
0xd8c247ee44dfc6898fe4e224979f64e367d2c9ea,1
0xd905de91f928b20ea0ccf455e5ba07eb6373955c,1
0xdaac4e26f11223cc043dfd8e3efaf72333067339,1
0xddc27a0a0c24d60b607dbc7b008f2016585e57bf,1
0xddfcb75f00f2cea10097a0ecc44a32a9c4b62cc9,1
0xe02a199b22fa76c823b066370f715b8c9db430de,1
0xe4000d4f3f0e59ca00b803f54784fe0654a192f4,1
0xe7380b7be1ed475de78b07033a8ef4dfb10205a5,1
0xe7410f6f1d5201cb9ef70cd49c6436fce000b492,1
0xe9b5a2529ad21454cb5e4d172dcb4bc501789463,1
0xeaf8fb108b81d6d32f3a6e2643957f705cec2f0b,1
0xeb5d5bd750ba52b8ea39d4dbb746fa5cf981aa17,1
0xeddfd770e5aa54d25d7ecc0670bbd9de2d9ae1b3,1
0xef6914f95fc782a5397cff1686873da77fdeca8f,1
0xefea7c883b74ef2865d953d8fa46d6e654b8ffdf,1
0xf020a364d81900e8fe8f0e53b0267eb88d0c05e7,1
0xf06fc22f0f9d15a271e18aa216fe183e20a7a092,1
0xf5851672ab7fc8729de7472dd273066b5e3b4de5,1
0xf916b594fa568fb4cf5ca7f0ebeb11ffd9e296c5,1
0xfab0b832caebe5b628bc7ef381ec855f6aa4cf71,1
0xfecf9b009af216056d27759c1489f00fc62428e2,1
0xff41da21ff3c36ed08b2640d499b6943b881ca35,1
0xffb8a15dc8796af3e7bec74e528f1bd810b854ed,1
