0xaef0f7d5e749bc7dd4303ff5990d1190a3e33969,1
0xb0cfb62a1342a097d5f408918e16f351d107b7db,1
0xb33fb83c645ac2a12b138636fe59604312092484,1
0xb40969f60bfa246a09593099dace2ddd543254a3,1
0xbbd38f1c8cc4e8f1c4444db21f4bfe2f6393d9ce,1
0xbccc968eeebffc2586a50eef0ee1cf12273c9604,1
0xc2e7c3a5675ee1308d56f5e4fd614007e0fcc63b,1
0xc8c1180bcf6ad041244963bed23ce25dfc6adbf0,1
0xc9870f60415c62d998dfe3ded15aafc015f45acc,1
0xcb2e86b62b822faf4f50c3251981695d5058317a,1
0xcd094518f2d30fdd8c7911636bd8b52bd5303066,1
0xcd486efddbca4d4ac9504f4272a7148376b36e94,1
0xcfc386cac57d1f35db92f285f7751d2ba185b910,1
0xd1386560f0fa070b6b79e9968e8197cf17f3b8ae,1
0xd26cfc32d233fa6842684551b8f356df390acd67,1
0xd6f47c87f7046c1dfb7e9bdbd7bc0a6c0498468c,1
0x3c8a67ff9d751c3cce50c9acf617959396daacd3,1
0xfcf2c8a6b01af46a4bfcadbabe49b98294fce61e,1
0xd981a38d80de1c1528349b841833d3a9a745cb37,1
0xdbefee517025559e7898d3a48f18221c32d3fcf5,1
0xdd0a979d9a277144e73e05aab18261f71ee020a7,1
0xdf36b093cbc06522b68105c3d9141db188e980b6,1
0xe1759f0cd1358c049e7f64c26e13de9492f9f888,1
0xe262b5a7fa6d23be9007eeb93833d2e51d89834c,1
0xe388a6d5d020333ff9b1638bfeb042510ece6b9d,1
0xe50ae5655d227767ec3974a11da7e4f67476b96f,1
0xe3c2eb2e71724aa14b1d13f81448873e983fc25e,1
0xe61c204d9ab083240a7c8522e636298261ff354e,1
0xe69cae620953aef05e9276f35a7d3cb598bf4b20,1
0x5a6b923189d47dd05772cf8599fed7baa4066a29,1
0xf52393e120f918ffba50410b90a29b1f8250c879,1
0xf6b29a05b0023a8c219705fbe550b2999b94b1b4,1
0xe72eeb929e5aa9bb4f6a346376546a19708c100b,1
0xf8fd6a5fa90940432e5c7921e332f0c5d33f2d38,1
0x017347cb75ac8725608e593ea35d83f9b2b3cfb8,1
0x021f4e8b7f8f253b6e2ec8347c0b6d8f73a3ed1c,1
0x05a13dcf55ea6d532f15284f39e02811fc183a8a,1
0x09b059de568c4c16a862a68379452d9e7ff38fb4,1
0x08f8070f1a17791dcfda507d2e1a47bd78b6cdc6,1
0x0ce390f18af702cca546297845a4a51d102123cf,1
0x0e757c27de6feed6d9f43120943ef07d89335483,1
0xbe957a475844c127ddd207b4ff1f63900fd13e57,1
0x13928eb9a86c8278a45b6ff2935c7730b58ac675,1
0x13bfd26cf7d981aae5f8d4d88af4b34b4b1d4da4,1
0x1566ae673ae80725bcce901b486c336e6acef465,1
0x17726f58ba7350a33d08d1bbad623e155fa2daa0,1
0x1bccc3dc32d6977ca14beff7a2130f578620cdb3,1
0x1d522bd33cdd1f60be71b0b7b2efe4e9f20a5263,1
0xc4c4aed3871be9ebe51316e2ac888635ff633106,1
0x2135589bdf50c0226393c48514612145e2d3bedf,1
0x25f89c7874a0bb3473afee0fa1d822f37aabc098,1
0x26f8fdd4f8cbf0ca1087e4f0b9e44930f5f2f159,1
0x317c32ca0309bb8a1f9d8a3e2836544f233c841e,1
0x35837d1f64e15e537bdc4adf151f20ea624632a9,1
0x36ed861a319278e5b6c39028884b0ca93df105d0,1
0x3b0b262b187001522c34edcafc378500133ab230,1
0x3bc161e3a5604165f3165ed8aaaf0d490e559324,1
0x4525b5402a6d9eefc656e828b9391aa9dff2446c,1
0x4527c353ab252ae0d6f5968b17d1fad9d0f5153b,1
0x4672fd2f3f3813ff0e33c74565b404fb0f649051,1
0xfa0371c9bd1729f67d84bb374c867e837cc6b84c,1
0x4cd8e0bd4a991b2d7763d80c4c63dde5582942a5,1
0x4e61548d94c8649ebfc2f5f54d2272fcbc687bf2,1
0x9d36ee50503d0928d213926c1ecbab626a36e4af,1
0x571b8db726c2a29d237f88c9efeb896290bf395b,1
0x59b0c32345289252b7009773a1d233a7e1765c23,1
0x5a2b7964b5d7c71fb502abe009472984be92691c,1
0x61bec61b20631a53d14b176c83b8d47fe711a6cf,1
0x6215e708a7b61f5ed49642f692f28ba09b807725,1
0x632a6a8619069349f4746f89159702f05171a372,1
0x64f7de90dc79d775703bbec66a1591c7a26a22f0,1
0x6876ea9c360e8452c1ae04a62ed5e58c8afe0b2a,1
0x6b6ae848f555f70944bc99d736fe29fcaecf8b23,1
0x6bb59e15545dc9ab0949410cb3d8402ced7fef98,1
0x71aa6c4e87225fcae2df49f977c7fc0d1e8d2112,1
0x76cb3279d4974256a79d3a448794a2f99838ab9f,1
0x77186c9475bffe64f7f18967db157f16f7236294,1
0x786fa67a816c618f2aad3f1660d5bff3e63e8505,1
0x78f0269f5b1ca914c8c58993f41181f89e212b27,1
0x79d1dd0770fec45768a285da42c2521603c9b91c,1
0x7ae3b0627dac32d3ee16c204ef791e37067b8460,1
0x7caa9f43822e288782e3e8797c8a16774c689b3d,1
0x7f8b215572f16f982c626f044cde114152dd0e6a,1
0x7fee3d50ae036f3e72071ddba811f58472995edc,1
0x833eab3f58cf58323b8e133cf69503698c3a21f1,1
0x846e49ece01ac637f57c2fdf3effe476b7001190,1
0x8854ad314fdbcc275eb0d5f4fd6dd86ab7981cce,1
0x88889778402dcf6cf363bb9ac47f7a2d8e77a2af,1
0x8a78a6af778a65307043494e703cbe6fda857c58,1
0x8b17e8b3f8315e73986f0c8370cea4f3a974a532,1
0x8c4138dcead987bb50929ecfbeb39ef3e28b4c76,1
0x8c8f1be5dbdfa432bbfb33d6a13779e889d8ccf9,1
0x8ca7e4a1f59495107bdc4c7b246691d89fd3a939,1
0x8cebf0887979d86ee2c878663af7b71a35d0ba24,1
0x8f4b933491e1319799229ed9d36b179bb859d705,1
0x94338294e572766c29ae74227742d72b5a6f4676,1
0x95d41776812c6ca222dd5fdea56c065b55ff7655,1
0x96fe88a887f91aca95b7bdfd0b7bc045f79beead,1
0x9eb95d2ce7c806472efafb89fc1d03466ef516cd,1
0xa1d2838c2415b612e95cfb808c721d41db3c0beb,1
0xa73769aed346319287410811639ac3bec8464d55,1
0xa96d4549729c2a826237d91b3a3700cad7dfec4a,1
0xac104d56e4f8e0462f8c001ec7dde4c68deb596f,1
0xb01b3a335db49192a31af43a88c458e5070ca5e1,1
0xb1f83385711225cf381f1611ae09d74e8a8d0f0c,1
0xb5beebbfb568be3d5d7afc7c35cac5bc517a1fa4,1
0xb6b4a02dca517564eb98790ff67d42b5b37a3d4e,1
0xb8dfd425f4d6227036d5342cc4ac2b90826e1b05,1
0xbaea3cf94abd0d6e0f029ef5b0e54e9424a72985,1
0xbf270918afe2ad16093ddce904fc358ad337cefa,1
0xc0ced4439c1f0871f16a46e13fbe41fbf61ba265,1
0xc659fd78a395d70ec69ff034b4378a712e7edb64,1
0xc73452ec2a7abc1462959c227b83f3f7547b531b,1
0xc9c5912479830978197f25423530789c16ba9c46,1
0xcb4de7db08b4dd0a9954fcfa0a09762f58436df0,1
0xcfd648eb66b736351f48dbd5a1752708371c10f4,1
0xd34e3c34ae9828dffedb9a2f236af47119a113bd,1
0xd397372037d966207ac6216fb521a3e8e2ebe3e9,1
0xd4100a2e1aacdeb18bcda92a280124a7111a12b6,1
0xd8d97db2a8caec33d58420aaf637cb41058cb58d,1
0xd9390b46a1749dee5325a490490491db9a826d1f,1
0xe5fd5ec4695b93d7e43f5d96657a535e0ff499bd,1
0xea1cb03de4816778e12f6eef40b31e2ddfbe5912,1
0xeaa511b1aa3f49d63af30c85377fe0df3a9a4c38,1
0xeb43b5597e3bde0b0c03ee6731ba7c0247e1581e,1
0xec4434b98d3f95a2ac64f0cdbd876855b8ccffbb,1
0xf33f6c5302fee8dcaf6363f6862071092b3d56b0,1
0xf4406f50666f4373bdad5017a9322f59d5e3691c,1
0xf620422e1e2cbf123386ea664f536d1016e5a5d0,1
0xf6ec5b0d097178a0acf493afdcda2a54545ab0f3,1
0xf6f85d9b96a43c87fd29e2facbf644df6bb029b0,1
0xf81489f074a9f70c294164e07692559269f3defc,1
0x3f6890d70511992e9fd62ccde4d55b1ee5acf4be,1
0xfbb494b311f8790072d6f2d5ed1ab8695ea8890e,1
0xfc4672341c78f1ebc0c23fdbcbb03b61c6f2d50f,1
0xfc84f9ce5a0ba010344d690f849988fa033031a5,1
0x02955d69d33f1d811a8431b237841813f5a07338,1
0x039649f7c2f548692184da3fedf316f58e8356c0,1
0x03ed8e6d50bff0b8c49675f0bba94087d5e579ac,1
0x0af822d4d100ba9dc6da3d97ba1e20d771e58c57,1
0x0d08c74268c1260d9b50175c41738e1a45819700,1
0x0e0e34094e42f47fe25da3cc1b441faf15f8551a,1
0x102f0030206be233046e52ce692736455abfbb1d,1
0x1187ec27eb94e65717af65f3ae8c326bd8bb47c1,1
0x11924c505ecab6a2434bdfe94bc0ff1ca081facb,1
0x13c39b3e6e6159bc233fad90825f1f9f84fcb102,1
0x1c4bffe778cba14d253c471900bd8deec0deb428,1
0x1d71e231861eb42e53473d5946f2c09e178fe513,1
0x229b4025b28e40db4c824cc16742c8f7f4d5e310,1
0x2380ca49ed8e933c97905977763693e5cf8770f4,1
0x270ee8f5a362832b21569a0c1afa38798a9dbf69,1
0x2be9f18c46df11f05b581131af4d339c20c7254e,1
0x2c4423646c318d06d635c168a788c42d8c33d51b,1
0x31109265a787ef9fbf997242e36e9d78e8a61999,1
0x32606c4aa95ea78d7c5b1e0e347e3e9ae451434e,1
0x340ee74b7257c6b11b7bf47fd279558ea9e143f8,1
0x34978faf3a9f469da7248d1365ddf69ac099588c,1
0x36d89738405a8325b7c560cab2dd1b88565effd3,1
0x38b2d736e41a273d607b24e888a09473226c46b8,1
0x3ac61447a75149ba67639100ecc92c76fb20941c,1
0x3d5cd234a502a18cd6d65432259ce0772c1238f2,1
0x3e998c50b1eaf1577416e2bf31a76d09a48bc3fb,1
0x4306a9f32ce8c597b34ee8d580df06cec369cf33,1
0x46abfa031be839b1599513887a27a403e8d6598d,1
0x477ea7a022e51b6eb0dcb6d802fb5f0cfc3b4a81,1
0x4a15e3d354043fdefbb8fa77a55da211f4058190,1
0x4b0c1beea2e8a8197fc48b0425a50a7204412989,1
0x2e6435daceaa1e7e14e0715a5b8648abdebae061,1
0x4e3cc03eb2be6122f2316b84d1c7edb900e90dba,1
0x4ee5e68a8623bb143d2bd9ba0304e2070a8ddc91,1
0x55bae3706b678ee2d5a6d6d2faec8a41854aaf9a,1
0x56a061f4ef706e1f6dcdbcf7e10e4340c1d99bbd,1
0x587d714453eccd6f49818da4c17121c092506cce,1
0xba483602700172b39ae325f0c1b4be666181f2b9,1
0x60ab5f56351a97945b7676661a3e68dc919ac4f9,1
0x60e5299f49cdbc13d152323105af462071b22c87,1
0x66fa06bd24294ab3bf123153e49b9065cb7672e7,1
0x71784687d4c74338bf284bea22956c74fbe6d631,1
0x71e22168b702bcff528b8974cd4b723250b67609,1
0x72bc237cf598505dc00d4fcc23b1663e206455a9,1
0x7546c60ae8d65dc6dd7a0f61c169818059ef49db,1
0x7a3c82c6b4ad6ee11ecf7f395431ed1135d6e46f,1
0x7bc7481751d7fcb76d08f596b03ba1e42378ea27,1
0x7fc3dd768031af344ebd6cc27c449fa57a582917,1
0x83eb72ae306f35252df451823d0ba69788bb5c08,1
0x8a49d188c2a00ebcd2d04bdc05c3a68be3e00b01,1
0x8abe2749b67ad7debb7442c46ea4a0e003d4852a,1
0x8bb8bba1ccb6b2b8a35061aa65dd8e6f369a1723,1
0x8eb9a1d790e68b0c2ad6dd3945466cff8119d743,1
0x915c6cb77d302b8c514561feee12b5cb6532a97e,1
0x93ab3c4e6daa20b2b7ea65754a8c11311fbdba38,1
0x9ad34f43eb204a1aaa8d6aefb49357889b54e1e3,1
0x9bc66bb0f94a38e55809dcf7eadfd6bf98d6e184,1
0xa008bbbf99a8901cc9c27217f666dd6abdffdb99,1
0x9f281c5b04c091096ac468a9388f0ee6b0b8b1f5,1
0xa24111399b765325e151f5f4cd11197cf4afa9b2,1
0xa7a3a06e9a649939f60be309831b5e0ea6cc2513,1
0x1f535963f70aff4a8d9911d3513f819ba5703b43,1
0xaae8c50d76c76fb8947c9a203103d28b55862977,1
0xac1a04679039a1718d3820fbc254ce29269af784,1
0xad74b6eaefae55e9e73e5189e3873ffaa17d45c2,1
0xaee4c04c8ab29fbc397ea89dff2a81558e5772cf,1
0xaf77e6ce8fef4b096e909ebe6c475cb991c27675,1
0xb12897740478eec7b86b9ebf14245cdacbba4f2f,1
0xb6ea44d485a6e1468830689bdde59a2a1810de83,1
0xbd6006b93f10b484d22d5a9d4e17bfd0ade4f614,1
0xc30e9fda779efe2081dae6529c0d07fc16769c8f,1
0x879942200096e17e876cf8484a0f93257b57b9c8,1
0xca0f8d8ec1f347f5241121773818d7c909b58504,1
0xceb775d4b09c2fba2fe51efcab6e39a7da1528c3,1
0xcef737bc03490a4bfd4c85621ca648d6dff1f22a,1
0xcf803a49f6e37b92a4040e397b976939dc5d9841,1
0xd3641bd03a67af07550b049065a19f84333b4b5b,1
0xd530282d853169a23822762af0dcab045d6295d3,1
0xddc9520acb5d1923412674a4ce07bb2e32ff0ac7,1
0xdde27b3ba448e15357183060ae006bb54ebb3d86,1
0xdfd818378e60a1b7e26cf165cc57de8ff0a65478,1
0xe01a97fc4607a388a41626d5e039fdecbfc6acd9,1
0xe3f3e433102cb26a5e8c88308c9308061ce6cf3b,1
0xeb54ad6b8c3e2d43d72b6274627747ce5bfecb66,1
0xeda388f94aea86a66d9e2ccab3c511b217714b01,1
0xe47f7f8e61709cb13ed6d7328c9d4e83ba22f2fe,1
0xf476cd75be8fdd197ae0b466a2ec2ae44da41897,1
0xf5d1654521931b52a325d275f3cafa2585a20b2a,1
0xfc61d7884b047f9f4bf56e984f773f1bd5d51480,1
0x0076256425954d097a4003fa46d731f895cfa829,1
0x01072faa900f4ca3b40944ca815f39837bce193b,1
0x0c358331732fe7c1a19cf78199c87ac9670c0ab9,1
0x0f5d5751d4f300c3d0adbcadc05f0af4f8baf788,1
0x1052dd3882746ed4388b00b0353a69b38f612471,1
0x11f4d765a2c3cb55a9b3aa22f80a3cf4534d4d71,1
0x1778e3d9110a1014685d308be0c571de069e24cf,1
0x17cbd516166720b8c75fe75235ed0218d9cfdfbe,1
0x83f461612f60baf0eab789d7e54cadf1bf81cd0b,1
0x1c5762f9899b46c19d4c9b8fbdd38d35856227f3,1
0x215fc4d12967ddc2432a7b8936f2849740edb7bd,1
0x21b9c7556376efdbf9ee316a4ede0c8257fb7533,1
0x240d478106bbfb613b923be58c9269c7d90a41b1,1
0x2be2c0f632f69d3e5dadb32b4dec2689e1a77887,1
0x9fe6eb793adc54267868f310a5f1c029ad85526b,1
0x29b901ac5bb634cdfc64651f90ba0cc6f276494c,1
0x2cd00bdf1605046cef0f50420831bf3b7d675882,1
0x2debdf4427ccbcfdbc7f29d63964499a0ec184f6,1
0x33a34e27a81436ba9d79276406a285e89a8bd8a8,1
0x34b93462e65303f3857460971584fd0d908f2f45,1
0x3e3721d26d5b8612bcd6504696b82401b9951ba6,1
0x41d3ea0d6a64d603cb8c3ff710f05f546061cdde,1
0x44869eeac5821b8e68f8baaddd18fc24897d98be,1
0x488db5b2f8a9fbb9f50ac113ce9f88c721fd4eec,1
0x493485c7b822d077f14bd6484a5c40f2adc91c96,1
0x5a015b81b58abbd18d0832ff7361c3b4b72b07e9,1
0x5a13b9a016ed13ae3194d061b630704e993788bf,1
0xe6a5f0bb03c43196d43badd08899396c224b8e31,1
0x5458c15ff220bf75b92a76229fae88f93df9c6c6,1
0x55dd27f1c3f571943a5093e5a99bc01702dbe619,1
0x56517e41ef464db3753ecfdd2dbcdd2f045b573c,1
0x60c280724bcfa9fb08dd55ff84c12fdd1d2fe02f,1
0x65082e943ebbcb02be9ce8fe42617a8ad8be33e6,1
0x65ba4f92d7dfa813ddbd849d9faf38a723dd9b12,1
0x69f15ca90038b437a1027f9ea40dd81638713325,1
0x6d8dec3fd68d94a7189a98346ea52b4d32e00012,1
0x722e2e4c15be1fdded3c86f4100bc32b181827f5,1
0x780193b15b2db9b9f4846dcef7ebfb3e2b751a8a,1
0x78fc8aa7bb4ee047257a245ca590fac4ae4aa97b,1
0x7921dcfa9f14dc980d7e8f946b7bd223624c3db9,1
0x79e561168835c783240a0637320d308897bd0922,1
0x7decf7a31168778f311c57b9a948abaa7321001e,1
0x8397e2d5fadaa6e0817e376df5ba1d016a2f804f,1
0x87da297a832706b5115ee1feb47b7fdb7c476261,1
0x892eaf46a9c1cb75c3f230420dcbee6320c26932,1
0x8a0c391ed12dfbb23d4a926a7c7353dcfcca8a47,1
0x8ccb07293755004942f4451aeba897db44631061,1
0x8f3a658a9736530e89c242ef572d7198cfd540ea,1
0x91cbd90345578b5833e2bd53ecd22846234d87ff,1
0x94345607093b249b5100e8d1e499928dc163dfdc,1
0x9481d8bc76fb1b7d2f95733a6ec0b40d0cb1fffc,1
0x9613a1f63bb8c3cfe6eb36cfd7b731e5fd07d322,1
0x20ad79454538ba7eb0eeb1d292cc957701d5047e,1
0x9eaa362844dbe545b63b8c0bda90fed9ea1f5625,1
0x9fca5cb296333aa780d3367951f766ab3d7d4098,1
0xa1fbc0a9ff967ce51b8ea952b35ff7005cd4cc63,1
0x46d43db499b97e4933d43989d619fc4e193b67af,1
0xa3c77d5aff9fbecb27c75530eaa59deaf12e3c3c,1
0xaa1d3f5d45333e40467e989d472effac4da00da9,1
0xb080d7557f5fb2cc4eed68c0a37f0451c239010f,1
0xb6328f4b747b807696da1bb2f574edcbc47682ab,1
0xb848a0b0ba24a233e2f05d0a382e1c2035bfc5f0,1
0xba966690326f93bb2353afb327afba021605209a,1
0xbf949494127d3cd72cd3399d4ab38312757f4d12,1
0xc322e8ec33e9b0a34c7cd185c616087d9842ad50,1
0xabad8d813fe1e034435e2c79694bd0a469e71029,1
0xcbfb9a917c2b45fbd8e820e66602ef26dff9cd40,1
0xce4122fec66c21b0114a8ef6da8bcc44c396cb66,1
0xd1042637cdd71f99f3dc5877030e67f3789e1c19,1
0xd787c0eb515dc96419dfd906b7aa27e8b6209f31,1
0xd81ce8e89dd987c8ab630858c8f1e9df14788c35,1
0xda21d2e1ee1830eebcd5f85e3cf5eb6e23f34f3a,1
0xde23301fed4034651bcf6612a5f89d9adc5b8a2b,1
0xde59d4fbd48fae4b3c20817981baae47f360f4c6,1
0xe4c8335467ce3b1854dd828f14bbb33aa4771818,1
0xe4fdfd7f2b4e4926759f2b1ad403d45a1aa9106a,1
0xe5fccbbc11e4a36a77e9d8e47a9b28ec44e2e2ff,1
0xe64777dcdca11fd8bde96ed05e7560ae789504b6,1
0x534b8531e362da97d808ba2ab3959fa2597bef11,1
0xf041c4f026547f7fbea6904f77bea16997024751,1
0xf0b95bc02c2e391f92a89a7657814453e4f9d76e,1
0xf599a05b4ea846a5afa1db274b508bb1ba1ddd93,1
0xf78f9f879e0c3ca488fb83cb276b0a9bdc42e103,1
0xfe73f0b55ee4b411d7d1e4d5d5d4f8834064e2b5,1
0xfe9a6e87b3910686b9e88ec9418dd957e0028ee7,1
0x9c335e4d8cacda86647ff4497789019c7a762a62,1
0x0387876a09a45581109eecab2ff4ac049e76ba37,1
0x03ee832367e29a5cd001f65093283eabb5382b62,1
0x0c291d5702fbc6c9fccaba72ac5ecf420b802419,1
0x0cbe1fba05102c34365a742af159efc5a93d1a68,1
0x0f3c76ade30adf61b64d01154911308491784dfe,1
0x0f7a8ebabea76a2ed2fda765430c060b6d8c5d57,1
0x18e0f9aadde970d74430cc8636a381ccfcd1f559,1
0x1da0f2a58e65d98a8d04ba3da56cff9f5ace5615,1
0x20251a0505ead51fb2c6ce5c1f399924ea068322,1
0x20542dffc2f7a51cbc087f54fcafd9ffd8b5c899,1
0x216a18af5ff2f703f3561da414e3cecb67785f57,1
0x2bb2ee28a5bba51db2c104b6c36a6907c21d4d4b,1
0x2dfbce5b56fdfca744e5305618aad3b06b1f965d,1
0x3368b4733a4552b38b7d81c215d88cac4c78d8e5,1
0xea056794debdb1060d187e5887f0afdd2a897c71,1
0x3590054ffaf5f06b3ce5416f0c41cdb54d92b013,1
0x36eebc48da111b14b010a97abecf8bb68d10095c,1
0x37cbc09501e6965c97c0e4984a0a371b5d591dd9,1
0x393ac91e5e98793f1e5abad59279e0acaba902d0,1
0x3a30fa661820bf261b39f41a63916cad97b20e60,1
0x3cd378c9b1cb5f147ebf1b2c2564118946ae4ba1,1
0x3f659ffda1f14333696eaf795b14ad9c4cc71f61,1
0x4045907229494a138e5f4b6a32914eab159c1a91,1
0x429683282e5a28b81aab1f9126b8d5e4847dfbeb,1
0xa94d613973893e3e251fa9a6fa48d73b402d8d2e,1
0x47c3c798d5a906f5aabee62b1cbc6368ed1c8898,1
0x4c3d85e7fc0c91215eb6a4186592a41d975d2a4f,1
0x9e3df7c61454a7e2fbb1f215dcb0efca1da8ccda,1
0x567b71b80fe93afe1db3581e6faf5f00fd483885,1
0x58e3d079f9ea4cdc913dccf576361f1a5a6b6571,1
0x5b8ed97b1e85ea4e5e96c3a6e00b0835b087fce5,1
0x6072b510aa765dd2f31975c9aa65dde39fd1a282,1
0x62af590649b7abe80f8c6dffbb92e0875b65e37c,1
0x63a612c0b8dfc559318e39daae6d0c7d09212965,1
0x6430c11231ec6723e5bbe6ab258f184f5af7c836,1
0x66df459f74e7c4c4f3bffc96d99681592bbe63a9,1
0x68cbec6e76a8cc835ae75cce5feff1f36cbaf764,1
0x6a33afbecc701f2eeeffb08c7cd42df0f51f16ac,1
0x78a4b60e4e66a4c2a6d9535dbd037121e5788d9f,1
0x734740c70db02f5710207f1d12df47c710665206,1
0x75850227f61183759cbbfe2b3fb196e798ce0b95,1
0x7738e4dd4fc3b6c95b8925f078363924c0f0b428,1
0x78e15698955c07af846bfb2cf1aa37b2e58bf4b8,1
0x7b343c896f85657976dfc88f282a69fb2e2a99ba,1
0x7cef7db4289005fd56dfa6c73bb2be6ec13bc250,1
0x7ebb94a3f5661645de632feec9e99506fe03f7d0,1
0x7faed47c53f3f3a3c388e72ebf79a1d85308c969,1
0x8181dd699e486493027e4e21bf6d0c7b7c94055e,1
0x8212642c68a030bab8e4e8d43952c7c4c6cf2903,1
0xeed489a100880c2d18361aa4d37b210788863c4d,1
0x82f724dd0547f1962bf062539c33693154cae713,1
0x853c69418605529a68907aaf7789270e3cf69d97,1
0x86ff945e6dc2470317ca082a01de7d24188671ac,1
0x87c840246db41f4cdf1025ba42dd85cc2f24aebf,1
0x8c8fffcfc3fc82a8777886e984f9b32ab91b2a5b,1
0x8f8a1e5113b11926950185d74567dbafb0aece0b,1
0x3f457ead446a52db61801803338c3dcdc68c712f,1
0x938e202f15af8c8a782588262c3ed0565a7f9411,1
0x93c838add3ac72b42f65417408f900a7155e1bb8,1
0x94b6623e1b6d36a3f9d9e4c156f6937206edb256,1
0x957b0cd4e9851537aa7cc84e9c7b22bb68d949d1,1
0x97d635d9b8c4c7e4956bf3e900d3b26816e188b6,1
0x9996b56c2dd22e58d53a10d38bf299fb5dea07a4,1
0x9acb83a514399c9f5201f55ddab61481d0430943,1
0x9baf2d175fc6d5c7f1490069c2db6cb2d9525363,1
0x9c7471c6d03cddab9ef6e1db6ed93fb8f9328072,1
0x9d2fd63c49509e82c7abe56d864deabf41ff4a1e,1
0xa17bfb3a816996ac3a1e26dddcc7850663548c16,1
0xa342e537bea996a2c96864c31dd9b3d9e40eb2fb,1
0x31f7d87f5f6a90f8a9ff6328e2c607b637f9c157,1
0xa883b60c5ead0efd604b41a7c0509c3c6b81739e,1
0xa93450b6e8300071e72a5da104c7bd5ed4e102c5,1
0xac1c7cc22ff431b5fc07c177b629d926a45eafa8,1
0xaea3e4bd4a5250ec413e31b95126f3f997493a8b,1
0x5d63cbbd633bf02a9d22fcba1cbe1e7926a60851,1
0xb29548cf5ab742069387c1f4599cdca5e0273e79,1
0xb4dd7d9bb8c92deb01a78f8816ed8516c6fb5d06,1
0xb5dd77f804e324b3b9ea24ef0f67c0a7b6498a9d,1
0xbba3ced54477c12fdf16d7009771affc7a8c9ba1,1
0xbc3e09e1304a2ed5e72fba9cdf5d673fa82bdbd5,1
0xc15add7eb1ba708bc7189cef6a4c47200b77a52b,1
0xc6c3752bdab737b8cfa174e6ecfa620ec0cc162e,1
0xc78bcf31908f0be36a353960552ae39c1c35c337,1
0xc8a02a285cc8947d608a0603bd46a4363d4a191f,1
0xcf7c7758512aaf43979b64812cb79bd3f60f4413,1
0x7fcc2335d3d04005720c7656758eaa8825298bb8,1
0x69af7c632b913a504b757eac63804edc35c67d15,1
0xd70150a7a5a42d4cd25974dae077a79a1547fcf2,1
0xd9bc1fc51b8d8369980505aa96e975da03346b4a,1
0xd9c00b9cdb1d45cf265d1925eb1d004ee04d9f69,1
0xda599dedef2d8c00c01cd047bbbedc7399ad5908,1
0xdb9986bd0596b8a4873b09b4a10b81b13f2c9ddd,1
0xdd5f934edbcfbdb25ef5dd9b8a3868d3633de6e4,1
0xd59819d9fae77a84c55d679ce7a54aaec2424bad,1
0xe1d29d0a39962a9a8d2a297ebe82e166f8b8ec18,1
0x7a926e039b30b9ca5a0499e6a8b1f7fe2c30aef8,1
0xda1437f9e5d121bee825907bc7bb367fcbb0bd2e,1
0xef04cb0003ca57dc7bb563d5ea3248241b145bdb,1
0xefc2702d50fb43cec83434d205c89124db029566,1
0xf00f1adc558ebe212d80f98e056145ca583950f0,1
0xfe0174255e410defaaf58b06e009e0ebcd74db59,1
0xfec4465b6aeac9c90e552ae7766bdc0ee0d8dbc9,1
0x013cc394844aa993d73ca9a08d89dd6d046f3bcc,1
0x0162f0b0deaf7147d5603d83c2c149737a6e80df,1
0x02009370ff755704e9acbd96042c1ab832d6067e,1
0x02d61cc47cc9a19b2a023c33c094269d9af07862,1
0xa20377b058e3e7fddf5ec14e8f64b17b9c8e744f,1
0x04c95c6f8ea7ff7c3f7a2f148fae75650c5a875e,1
0x057931155d0c6355b1bd108b0fbfe9bc77d59ef0,1
0x071489b287c20c413f28a17729b1c954bc01d5b8,1
0x08d592713ff398b3f6d6cd185f5514396366d618,1
0x0a21a14fe203a267a13c3455abfc9d5f5ae982ee,1
0x0c48a90d2b32ce92a04e4827562dac41e97a8be4,1
0x0c4a911ed6af1032beec7c19225c91a3160e39e3,1
0x0f9c4213c040a39db2ba6f833472f739e61710b4,1
0x134309c4cf57bfa43ef66bf20bd0eeccdeb2d80c,1
0x1379aaccf761490ceba36b6ec572e5dfca48273a,1
0x1469f53e90b79273f9b0e086296460d59a38d4db,1
0x15d7972819b3906fc430b1e7bc26c39e4b9e023a,1
0x185d5f60fb7c59d344ba939361908916cbffe1dd,1
0x1e05dcea408fa504707a17ddb4b28145e762b8e7,1
0x1e0a980dc878e8af6ed79ad189a7334d2cd737ef,1
0x20ec02894d748c59c01b6bf08fe283d7bb75a5d2,1
0x222f2a64f157a2eedad59c50bf614ef00b6bf852,1
0x2257d2af0f1af5ea7de2a01807ab173dcd383ef2,1
0x22bd04906e808196b19f7d10463fe463ed5f88cb,1
0x2511a7ba553130d789b6c3aec620a8703a581aad,1
0x2595aaffb353e812bb5cbb63f7f62e36fe528f02,1
0x25acc72796bdf4579755708fdbc8409622d224f7,1
0x5b8431ee3c8f688ccde440a1a8b76259cf7bf082,1
0x2762c7fe932b8688508fff24ececbbca92a128c4,1
0x28cf5d9d465dfaf5c616958ef8b23dbee567e2b7,1
0x3025430ae8a81cd13e3d0969b1093f8d82bbbd7d,1
0x35a7378f37918969f7a733d46519de9bbdc6fb04,1
0x35cbedc3412d3c93dec4afa60ddf38c2a9c38865,1
0x37dfaa62f0fe5e6ebe990ef1a0722f5279962e37,1
0x3819660cb4d48b192b4973cb8323d6cb1404d930,1
0x38b2739bcb869494cc7953c79c97e3bcad7eac04,1
0x39531d59fb7f1bbb0d47ab8b4fc6fa640f888a85,1
0x3c99c5157416d57db4ac590246bbf528211cf501,1
0x40d775827365ae4d54cbc08a1a1c4f586b2c1d0a,1
0x418ea8e4ab433ae27390874a467a625f65f131b8,1
0x42617123b481f61df6b5b8a6484ba0a4e6929279,1
0x44b1b486ce8d9c82f605626347a7b1f74add11de,1
0x452df26ac6cd770cf2e3a8aede6b9370862d81ed,1
0x45492c6bc6ab97e4320e6f844c560be62737a303,1
0x45584dceb17fa7ff7c182f1cb3d324751a3d427e,1
0x455867c5b24bf1a29ee02e0195b9ff36bea17ca8,1
0x45d2bafe56c85433e0b9f9b50dd124ea3041f223,1
0x4612f6ccdeece14255a757395477907d5f33038c,1
0x46e6aa05e0867d5f0feb749e81e005f5567ab317,1
0x486b93068f8c9f8fc41e46ad22e4170852618e15,1
0xd787001237818c10614bc6cef5d39ccb0348a9da,1
0x50a9f0f42ecde1df805b1ba6e885881accef049e,1
0x52147b125db7595bf949ce28b2330365844dc9a6,1
0x5301661d5a55e3712537949c65b86ea72cf41519,1
0x552f01d67b352aaa38bc675e30ced97f2451df63,1
0x5bcc66606177de24bbbe0baab63d92992c538a43,1
0x5c076659e81dd48a5d73c81168fe739c2ab89087,1
0x6850dd83a896ab7a1b191ee377cb46b708d4e515,1
0x6a9b682290dfd41f19a6211c0b219050affbfbcc,1
0x6c359ab465ec8f893fb6c4243810f4d8933d71b5,1
0xde241a53deef975d8a89507a8baa5eb5e120c649,1
0x7120a2b756ed48b6f433f70481b16b353df58b88,1
0x730a2f3421b2967ce8e9ae1f839839944626812c,1
0x1134528d239cf419f9081ceebc3430ac191c318f,1
0x78089705ed807984cf3edf9149c9369e8fabb9be,1
0x7ad225751ed67118e9f54f87e08f64e43ffbef0a,1
0x7cac437746d3ced9ec6ecc678b42142298e29a6b,1
0x7f3b24d4ee18c5f92cf83894a954737fe5752fad,1
0x8120cd4fd4d867dae6dc1c2e9c504224ed045f34,1
0xad50355d638272c2fa0a6c409c5a8539e713f8b0,1
0x86f0a82dfd9745ec23bc8a72c819193e74962eb3,1
0x872dfa67e260fedcaf5c4b410d47b587b5a71e82,1
0x879a8a1868d620584afa0c9c8807628d553c6bbe,1
0x884b9565d3a9d7265211f9354170a4f12ee2c4c9,1
0x8a58f89cd7a2cdfd167ed99d2ff7139fa723aac8,1
0x8bf048b0a714ef31398097037510ba449b2b99d8,1
0x8c0a11eb047c1097c821c159b8e0c2c5f37f81bf,1
0x8d647485d964421960a202dce391ef5891ea1a7a,1
0x8d6cfe2ff08d8b6766eaef33990b78f8990b4520,1
0x9045ede9bc11bc1148a0743ea518e3f36f62bb23,1
0x957143815f0e1d1b1a31b2bfcded5b416ee675ed,1
0x99980dd0184773ea492c23033e1309609a7e75fe,1
0xd69e257ae6088b717ae6d2ddec9297703b4fb725,1
0x9aa70c212c01a01900b04319aed3b0d85bd0e06a,1
0x9f64e6a575f50d7c8c5aea4be962f86ee2c5ca31,1
0x9f9ca0285dcc35cc6831652e79c029fd0ed4bc75,1
0x9ff3d60cef60e835f142ce5e13a180c70ac89549,1
0xa0b35fe7c9819211896d51b670ffebdbdce67fe2,1
0xa10378da8fbb61b408e7816b3e85bb003c485787,1
0xa12cea84eb9e6dceecd125de27cf2e9701104956,1
0xa1ef5ac40d7ea6de39faef3cda7bdd82e09240d6,1
0xd598e0ccbbc94714422d544f1caf162234c296ba,1
0xaad4210b800f14660ef4068029d428936ebd21fd,1
0xaed072bbd1e541102ad6173352cd72dbb71147d4,1
0xc4c8a90ea9c90881be18384585e916695e40ab4f,1
0xb16525385824e8cf877be513386e75d875043ffd,1
0xb258e243a526e79c4b5c8dd5df490e42eb7927b3,1
0xa256cccb2542b045d76225eebacdf442ff47098c,1
0xb774f65d9eab67c9a587eadb5b79d0a02bfa5c42,1
0xb7ac5afecc5466b4f5888c601c7fc20e2b5bd96d,1
0xb8cd66e54a22887115ae443cfec0b2e484e9df10,1
0xba2e80144fe3ef8881fc5a816bbc607768e91321,1
0xb9fdeaf50a38c18672218a89862e0a845494625e,1
0xba264037d93f4e06d5b19e9a73f29fa64689e1ba,1
0xbb0af8fb13473b81c2b6fe1503a0f70207231717,1
0x68d2b579b842cdb29f25f15591bb0a00f43c4b11,1
0xc11a862ba1125a1bc6b4ff11b2ead6b8e73ea52f,1
0xfb39a75697b375daba7bf3b109c31c4a271abad6,1
0xcdf4930c1e3167faa772fa463ae8ff44d61273f0,1
0xce56a746edaf84e65aa6a2bbb45b2328f6a99935,1
0xd130470e8b4b73d74fb723d5cb8a9dfd83462a1f,1
0xd1e8a92f44bdc83bc620c56a7913fd97de5abe10,1
0xd2f132930ea3c58a389c6ad3a91ef104f95fe697,1
0xd361363a6401870ff8a23b7c77c004aecb8c8b84,1
0xd38a87d7b690323ef6883e887614502abcf9b1eb,1
0xd3b605dd135358ca50cdf59af570ea3ab717bd82,1
0xd70676cfa67abc65a8c39f049d62eea30e3080cf,1
0xd83a5e7bd6eddf35431e0b2aa2680449541e7444,1
0xd86057c793bdfb77bb11dcabfe054ee4fd86ebdd,1
0xd8cbcffe51b0364c50d6a0ac947a61e3118d10d6,1
0xd9688190a9a9afd089633c2d41c6847f50b59558,1
0xd9c09e1ddacce4ee6548b66773bf4e6fe9dd0882,1
0xda7ba2645e540d39c0e4b3c51a17126fff2b7e45,1
0xdcae87821fa6caea05dbc2811126f4bc7ff73bd1,1
0xdd3b7fa020e6cd143c8d855ad2208fb7ad75e8e4,1
0xde772ff7386b83e32a6cadb5cb2d8d9936c16475,1
0xdf4329a7fe5b265ee0fd7315432bfed7498157b7,1
0xe6b4eafd769f2d29ec4bd2f197e393ddb7d75b84,1
0xe8170bc2483571d06aadf73ed5f90e0719c6afa4,1
0xe974e75da812e3764dcc746c8fa82e25fb9f0627,1
0xeab3739d4e716bb07901d72dc94b4139b6968623,1
0xee620a0991d57f464aad452789a4564ba51245e8,1
0x27b54767d8619eed5d7ca9ae857c522c61cd4002,1
0xf0d6999725115e3ead3d927eb3329d63afaec09b,1
0xf4fd230e3a0c4bb518185880290bb6131e019e31,1
0xfa3dabf38f872f50c62c3d39920d173d215806ec,1
0xfa5ce7e0c0892a841ad402dee23f95848cc73759,1
0x001442c1a4c7ca5ec68091fc246ff9377e234510,1
0x00613f2dcccb7ac28fa1806fabb6d6c392417c23,1
0x0150b0ec3c7b72879fbfdbdd79c18a8368b194e0,1
0x01790f994cd1bb4db4a754d7968dd9d72e8784bc,1
0x01d5fba02d3daad61e6c42b2e15771b06d19e557,1
0x02cd1755a3322e7a58b068747713be91948d1e10,1
0x03bd5e165e78d2ea367e316bb4db8da59b843bd2,1
0x040902d25655b8ea4de830a67bd874207e783555,1
0x04d0c64d8b303586af5cf6bb37db16bd7b78c43d,1
0x05ca9d2f618803dfd5f2cc0f12dd85adfa27a518,1
0x05cda24eeefd1f24f18dac398f5a612674d3ca5e,1
0x06dac6a2dcfa0f0dfb3e7e766515eef5b2c6399a,1
0x08627cddb9710dce14c3949ce41278514a82253d,1
0x08fc70adf6b0950749b7647f67616589b1853a53,1
0x0b983c0502ccb2dc598847b467a1b36c1ae8d8c2,1
0x0c0d8f387030c631de001d99d40b2e519cf4d10f,1
0x0c993e78193aa26d26b3f604b5b0121a01fd6503,1
0x0d5668339c3c17aa7f06ba7fe2667536cf15d748,1
0x0d869a936f7faf615e584dba700951b5972d5fb3,1
0x0eb47beabd9ce2cab7cbed57aa6b040975bdc1b7,1
0x0ed39b4c8ca3f0faf74c780e8ec128314ee7f514,1
0x0f0ef9408ca5b0dc364ff5921bf544c811e9c94e,1
0x1010595f96ab62b31bfeac411ec5f8f60db5dc23,1
0x10efe7195c7ca47b9b1e2da423fecae8527f5dba,1
0x11b7b38d5b96d02d6381e646ad8ca55db74dadc8,1
0x123be94bca3e5ae858039112d14c1c740a3989f9,1
0x15237b9fc8c244246abee701f07e42185c5111c3,1
0x1666b49d92d86e280d85e74eacf345f4830e0cb1,1
0x1989e01962646dff41d4994a411de9621bba5580,1
0x1a0335b908dce97a4ed4f265f2b649a2133fcbba,1
0x1a051968e421023d61a0afac659b6916784f251f,1
0x1df24622941c97840ba53e2b165d4bcd0d86464a,1
0x1e868e0f5948fc94ed99dde0d0aba939e7677b47,1
0x1fcaa4d3912461b10442da1724080427c8e1a0e0,1
0x208b4a8ef875a5e4645e23f27343f47fd887d9c5,1
0x20f4a287f781c1a522e918ccfac8e99c40fd3eda,1
0x220da3fc3b905c968dfb20c81c170bc4dce56603,1
0x22ed7a936d3dea108004e3229f3bd3d84c7225db,1
0x2313b25a4bc7300020df39ca9cbe46335d2989e9,1
0x231a99192dbd87752e2f483c0ecbd4b71ea95c67,1
0x244474fbcc4a68b4dc8ba70c6533f0afaedcdf61,1
0x244fe02fbcf4db4ad96063b161f00e444fc54011,1
0x2627641268bed1e2d680d4315708db6cef6c8cbe,1
0x279a84d4d6b1d4b1895086c775db1e91d5849cdf,1
0x2869b11ec4a74be99a8469b8742e653804a47cc9,1
0x28ffde02c49be948a405f7d7ae2ac1612a3f9874,1
0x29cc37bb515745a75eb9ec13d2db1b7bc69447fb,1
0xac3927dfc71245ec0ecc269d5cb20cee12cabdc4,1
0x2c4376b9414fefecd89c9b770416f7516e8af863,1
0x2cb5ae51861a4a6e8568b527cafc3891317ac94d,1
0x2e3c2c418ac043ae1027a2f1bf8134e36cf6f94c,1
0x2ebb29e0eb7310e073b87b1d7b13ea5ac02ce614,1
0x2f44fb58135ae5d3793803c73d471c7cde4bb774,1
0x31aca8a351e67696eeccf0b7af03d41ee80998eb,1
0x32dd9f6885332ccf8633a18cb0c2e25e68fe03d1,1
0x345ece8b7fc0e91a066130e455b951aff81cf0b0,1
0x3612b2e93b49f6c797066ca8c38b7f522b32c7cb,1
0x373db7e01ebfb92d9095ae6b8f6e3d24ce6f4d4d,1
0x37c422cbc2f10d1052b2f85512a5986a49f6ea8a,1
0x38090615458c10d067dc19b5f1ccf7d4b4dd8bd6,1
0x3833a533f811a20b30b9694e8045ea575c0ae1f6,1
0x3837bed4055a7e0d9b1f180f038786e2e6055d8b,1
0x38cb169b538a9ad32a8b146d534b8087a7fa9033,1
0x3927f1b51afd205311bdddeb5646c4c6a309b2b2,1
0x393e408ec32d4493817b39f91f5a0b16e3f248a9,1
0x399ae621f85a6d4407904e94c0a3405be9bf4a1d,1
0x39d3158a7c9d4f8eff36524b9a2065465995932c,1
0x3bd835333aad77686595d734ad5b80934d8b026e,1
0x3bf55d8aad7ca0c5cfe1f697d7783437b9e034fb,1
0x3c554c31c2f1938bdde970ac9add36f6264b55bd,1
0x3f849f47f5b372d80407e442f360ad7b17f5fac4,1
0x41b68202dc64904e09d2e4f0a94879c741f27db2,1
0x42757298759773e1af7199b18f6ad2307dfdcd88,1
0x428ae3bca203569a95065fe5ab0b27e053e83476,1
0x4322aa46ffed67809862da613725728e2fb8eae3,1
0x4328e034e340aae13e9d64c9d7e1c769509cf8e8,1
0x46a70a670933c633b179c43f52d6b9c8bbbded13,1
0x47836f027d427e78c06f24eabfdd1d2089fdfd5a,1
0x478e815c117bd0c33bcc6628d4e30d2776b7b090,1
0x47e054a8fcf3e27a4bed979c33ab65a5883fe437,1
0x4c7f1354ae3d30f7a88c9d972ad7f96b44ce0dee,1
0x4e2f4d43bb625b4fc17daf7c0ecec20bf1c86f1d,1
0x4ea7cc46443cbfd0ae19aec35f08dad83477a52d,1
0x50b88f3f1ea8948731c6af4c0ebfdef1beccd6fa,1
0x511b2eaf8bf2944968374f4d5f705573c00927ee,1
0x514afe6575b5d81cecaa86a6bddf28de2f89ba45,1
0x524b7c9b4ca33ba72445dfd2d6404c81d8d1f2e3,1
0x52e14e8dfc87e8875ce5e9a94019f497b82b3e01,1
0x565465a0e19309ecb839319453e2c83aa0befdf2,1
0x568b491fb2b4b9440f6d05e7723df0060fdaef1c,1
0x58f606e6a973e57165bb07057a75f047f42455a7,1
0x5ab815bb06dd007db0584f64c76e6469e75a6ee1,1
0x5b23c893ab99fa6d9ff3532d10a9019cae06383e,1
0x5b8dcbad4df5e00c20c35a0339f12259ba40f2a6,1
0x5d181a27b5a2f444ddf4b89d65c88214d7413ada,1
0x6456f20453a383004f17b921cd770d187fcd30ef,1
0x6576a26763cefa8f37005c067f7902960dec6b8e,1
0x664f45ed5084abcf2f8e1a95e320b06cc700591b,1
0x668df49e79e6a828b27f455297291a8bd2fe0531,1
0x69217947efbb9684c32bf2211185e6684412bed6,1
0x69a463ef66c4966e8ce368ee050fe2d0c79deb02,1
0x6a5bfd81dbb39d71cc2afe448591a0be421f90db,1
0x6b354c4505f30adb4b70643a7a3e3bc375194aa0,1
0x6b9bcb0b854d7c7430baa55167d367d28a8dbf1b,1
0x72c95a7580c7f842fb30823b8a8c82a4961e144a,1
0x72d2731a30b0bf4abfbd2f98391c5157645b36a5,1
0x735a49fc2a69d8bfd4992ef11f9eb80381db7c38,1
0x73db79faa288b10aa850931d2794ac58ffdf5ba7,1
0x745147f70b5912e6dd134e0502b3914e6f6d98a0,1
0x76577d91fb3c4781d80ef0d8725c015fc44e4ce2,1
0x78130d139ee6c5c1b99a49ac70271fe696dc2b3b,1
0x7853010ab93f48ce78137703f7f0d21ace194d11,1
0x7c5504688eb4f81ed558550066dc218ffee1f6c8,1
0x7cdbb8e309ce7c701ed200be123f16c6f7c9e525,1
0x7e8b97340f2cd42cba3ab7f207235c57cf89370a,1
0x82e133653e5069a61062b28795ef19a99a3d2c75,1
0x82f23de5a474fc904041c357576afe53c30dd250,1
0x846978259adc90d5be03c7f2921af8b58857a1d6,1
0x85603a042455d2f36f3ec52c1c756344aa70c5ef,1
0x8605fe4e3fd84ebf001a88c5264ecb3f98c76fb3,1
0x860f0aa48ec759df1034d72e0311482a8b01db83,1
0x8682a78ea82bd94c3e250539079119b6eef132db,1
0x86b310aaaac3704454bc23d9bc6df2cc6178c89d,1
0x87accabbdedce63379af9d246bb979a3a481534c,1
0xe3064e1bc80dfcda4c2ca2ea0be206d175de4a3f,1
0x88ceca090d7d810f0d3bde0cdfb1cf1f2301bc17,1
0x8af3e5d0b93332a972f02c50767befa71408ce86,1
0x8e02c045c6690749393e9c3b8fd6befa651cb718,1
0x8e2a6185d7c37aaab6375f9737ba0a764cde36e0,1
0x92c70f31efa47bd08b65f36079fba5668f3050c4,1
0x92e775c5c7cee8e2354002ee1f8efe612c338636,1
0x931e8194d361571cc8476b15f8ce2f6e72d593f5,1
0x97294b51bf128e6988c7747e0696ed7f7cfee993,1
0x98172111480cc81621fd8b12bed2fb5095be11a5,1
0x9a659894e5d115846767db0e1685744c452e7a6e,1
0x9af5c0a2eef61a4f6202532bab6a6485fbb6a287,1
0x9c44bf6f8a7291b7a04bebcac7c5cd7fa7771ab1,1
0x9df947cd8a9810964473339c38a95201ecbe112d,1
0x9e027bc1bae517189285a207c69615d805670f7a,1
0x9f02cd48b13e68ba2a1b7a020fb72b0ff83e451b,1
0xa1486dae9f01e7da3bd8efbd12af0e1be1c73b60,1
0xa362a9676db12606d339d10433c1af3618bca1d4,1
0xa3e49fea82d17326636cece9c8c090edf013dccb,1
0xa41cd41474f7b59736da76b7fe12b9b8d9afb94f,1
0xa56b61e5dee77d1668569dadd699f70eab4e193a,1
0xa5ff2bbc712fc114c29f3900ebb81b7713fe131f,1
0xaa43b3ee536455939ac6155993351a9b34f72ced,1
0xaaea41fc69f60fa77c41fb5dc0a7a59c99fe521e,1
0xab81be93f28664daf0c1638b483e4f9d2539446e,1
0xc8e88bafb630d2d9774b0f2badc2d18040e946e7,1
0xaef63b54eacbdceff0b63609623d038195008d88,1
0xb099a3c3043b262518d9b6cd4d5c9f589b15e2ad,1
0xb15de4aeb7a84282aa2541a0bdaf44d18d74060f,1
0xb18e3c41faf4139b89b4ebf1f5ef645a3ad0ec7f,1
0xb209e4bd577cecb120fcd1797ee399ddd6533ac5,1
0xb3007ff3c3f40bdf0126fec7c8e43c3fc50ea813,1
0xb5fd638924ffd3a937f3e9724c46ae505cf784eb,1
0xbb3be72a5f745a5a055dafa72b13a6e04fc5859e,1
0xbb5cad97dc15e8c3fbe457fa65cfb38b2dfd1002,1
0xbb8fafa8a629c4dce022d95e098ccccee1acd942,1
0xbc74c3adc2aa6a85bda3eca5b0e235ca08532772,1
0xbc9aa6262e2b34d5d124bd754d74a8a61f75580c,1
0xbdc765d81db7e0ca47fe6bf57e987966a2c204ac,1
0xbec35e379d6d421293cf55b0898441d24f197024,1
0xbeddf3e43015f5221f5d1ac0fd0d2ab3352d2f7b,1
0xc03e57b6ace9dd62c84a095e11e494e3c8fd4d42,1
0xc53f977136e1aa9031343fad39dcb4c11a1eb3c6,1
0xc66266b53618542db45be7f66dd8212e86d4882a,1
0xc6d2bb825f6f606f786a68344c7e0aa4fa1db330,1
0xc933285888e27624210df72c4d21514e4a2b3203,1
0xcab81f14a3fc98034a05bab30f8d0e53e978c833,1
0xceae52c73db66e280f8d5be3db89dc69463c7d72,1
0xceeab2af38e6b086cdce120c49f93b65f0b92b76,1
0xd112a65b977898540bd433d269ab25d1fd02aa93,1
0xd2f75604358c867c459521c45c2e9c45fbbdc772,1
0xd387a6e4e84a6c86bd90c158c6028a58cc8ac459,1
0xd683678594e7b41281b2736f1beb13ebc5b06ec7,1
0xd89c641cf9cca44a3435895d24494d1bb7d70ee9,1
0xd8da603456bea3f46bf22cea67a510e25d3da918,1
0xda015d7b426755d7c28a8069f1c94321b5e70143,1
0xdcaa90d9f3b75cda80764326f6594b58d0585d21,1
0xdf1cf9e3debfefd56286ef4024646f49cc540e37,1
0x592c6c12c6cf71722880b9263e93b35ff7952cc2,1
0xe0b685bf93818ad568d67692dbb1967bdfcb9447,1
0xe120eddd8a1fea7d73aad75d8ed8406988b2c98d,1
0xe1ccd64c452096538b07fc68e89196fb6309e01c,1
0xe2be03e2afd53fe65c393503c75896089b894dac,1
0xe2cacedac44bd674d9c5e816422cbd603db9cc1c,1
0xe46105bbda606babb797b343b21f930668e83c1d,1
0xe5110e73cc510cb6aec9a71eef74d27bf4f9bb38,1
0xe539a21fbdf04c289c167c3ff2f97754080c235f,1
0xe55f32e874b540f6ad8584a56a484b76cda4a08f,1
0xe560646ef7a69400974d85e818bc0e054bde65c1,1
0xe79c263403b0071093bd7968ad1b6ea94d3bcf1c,1
0xee91d62eb5aaea933efbfd0790613af5db305006,1
0xf01bcb0090cd0f734688ce77ae067da58e9d8005,1
0xf1133ca2ff1b4e5df7121566c0520199f8937e78,1
0xf42dee9230dade4c244b8d72a5f1eb2cb91f242a,1
0xf54d81b2955832474a87a8dada4a042a05b83180,1
0xf5653e48e24e04cc1b14131ab31b776ae8718b34,1
