0x01e92264abaccd5e77be8a9a0ed5f1115fa36163,1
0x05e07f4bf676bacfd8d211895cb080e5711c0a24,1
0x061ae2b316ba7808763be9032b23c0a35a64a2be,1
0x08eed2c77011faa1da376c5fd14fc33825053554,1
0x09881c99a4c81dc07ff5ac9c8f8ceb46087cdb5c,1
0x0daac372398974373b29cb61c31deb11afa7ce23,1
0x134309c4cf57bfa43ef66bf20bd0eeccdeb2d80c,1
0x1536b993645ed5c0b731011f8534554646a9b588,1
0x1df4b6d97eb84c007f52cbfd942c987a72e94ce6,1
0x1e39ebad76f75a514ebe5432f4efa2e8e50bc52c,1
0x208b4a8ef875a5e4645e23f27343f47fd887d9c5,1
0x24c238108f5a770663c4ab4b004ad5dc6f2d64d8,1
0x26a6434385cd63a88450ea06e2b2256979400b29,1
0x297baa7d8b38330349250799af489e35ac1ef9c1,1
0x2d4bbe602c6e868316953f155ee3adefc70d4113,1
0x2dba88cb3b435f99a3e58b6e0fe450e8f1a3f20f,1
0x302522150ef22faafa6bf6530b330b5a4bc38369,1
0x310ffe8defda3b8fd626ef05ef0b34cf0363e90d,1
0x39b0b2bb9c5dc3c63a715c16f9115d456a212780,1
0x3cc8837cd778d12021a4e7baabab0e06d1d1fed2,1
0x3e02aa6b648394769d9094838cdc100962d33e72,1
0x41dd1c6338e5b3cdf9dc69e20dad9834ae36a6d3,1
0x4313ca73355b0b098a78d406b42a0d86296bf0f4,1
0x45d2bafe56c85433e0b9f9b50dd124ea3041f223,1
0x4874211da929dd87e28a4267c4b96a5d0ccf48a7,1
0x49ff66d90c67ca99feaa5e8e473396d5c25aa71a,1
0x4b46f1e241838a910945a3fac242ddf6f5d7c041,1
0x4c327ee3ae154220513cddd0292d166bdb414426,1
0x55157ce961289be90889ebcd7a0494b438a1ff6d,1
0x56d90629aa29830e361e113e53a979f95afe93c1,1
0x5a5f9d7e7f487e71d08df5e0e103da291820a529,1
0x5aae5802046733fa533ae09bf644ce359d83fcc7,1
0x5dd47005f8a429b228a5d30b5345a1b64fa78c0c,1
0x6215e708a7b61f5ed49642f692f28ba09b807725,1
0x6a3d9412a705f5531b029ef4a7b8040e1eb84ad3,1
0x6c2ef68148f96f0ff50499743b8acff699ddaa72,1
0x6cb575052aa5c146de209ab813c3f6ab82424bcb,1
0x6e7cacc6f2b49dfb980663bf2bb014046ac45320,1
0x70e7a6621f4cb3c3e073d0539899f49fc88424c0,1
0x711402390e3d26fd137ebfe72ad3909c6e30926e,1
0x78887448976b93443125cd9ec40a9485684c759b,1
0x78be57664220d2c0b6b583acff9f9d339647a15f,1
0x7ad225751ed67118e9f54f87e08f64e43ffbef0a,1
0x7ca83da48606cbfbbf12af0294dfb7433c0393ea,1
0x7ce30498e564f081ca65a226f44b1751f93a0f82,1
0x7efe40097e4322087d7e262b3798175261513e5f,1
0x8181dd699e486493027e4e21bf6d0c7b7c94055e,1
0x81ad1a19187f0f3444c0f8bef98ea49c1b9fbc03,1
0x88ceca090d7d810f0d3bde0cdfb1cf1f2301bc17,1
0x89eb11795fb79ab0f565342a906ed8491022cabe,1
0x8f9c8d7f8d44fd2486bcf0605efa5fd0c397a658,1
0x8fb17d9e2f2735fa5e5095440f418e4a05ee22d8,1
0x9ab69183b05f5d9ca7e7d88c2081b281f259101c,1
0x9baf2d175fc6d5c7f1490069c2db6cb2d9525363,1
0x9eea866c15ad425aef0e1a0179843a8f98341436,1
0x9f9ca0285dcc35cc6831652e79c029fd0ed4bc75,1
0xa14964479ebf9cd336011ad80652b08cd83dfe3a,1
0xa2e05ee0e72e0226a79d68d7eb7f8425281022b0,1
0xa579f766406d0e18d8c7ff81d6e2db1dc3063943,1
0xac79d2ca0d415dad95090b5b9f5cb5704cfac071,1
0xb406ebb1a43cdc9c6eb5b392c712329c0b84d546,1
0xb7086b0ef4be397bcf06e14e82a34bdab3f6b014,1
0xb7bd84b71fbe6f2ade449508b2b78cae45a18dc0,1
0xb8a69fd9b077b1588cc10d807efc4618df22b99c,1
0xba0b5b765d3d638eb560c7e08fe17f360d8e5005,1
0xbd46f6fa9045e203dfc0cd31d19294dc2011cce2,1
0xc07f2785adfdd4ffe9288a1ab77ed5e147ade0bf,1
0xc23e873f9c9b968ccdff0e413710d865ef18b860,1
0xc455347ff5c5bf06008477864edbeb1bf225cdfd,1
0xd191441efd409fb3ddf1992b0af2f9955d447c97,1
0xd573becb6a6b0a0d43065d468d07787ca65daf8a,1
0xd5755a4276a53ee7ca2703c6e1967af59cbc9feb,1
0xd6ce702632f94069e138d30836194b121f047e79,1
0xd76d392d17379c22ca5e49d167bad1dcaf7eba0d,1
0xd8e93ccf41f079627f40573152bea5178041e1be,1
0xd96a41af259755aebbd7d13afef763dfe8197e04,1
0xdaac4d315441be67b136f163060865ff0493674c,1
0xe1391499f4c04cb574f8acd7e33a25cc4c819bfa,1
0xe25c73435702fed11e9c5584ce6efe7cbff71739,1
0xe373d8e1cdafd885029faefa4b0d66813d353353,1
0xe38e8198a4e87c5f0f6bf96d9d3cd3053010a5f7,1
0xe48ab528f2b51fa68e22d57069cffafcd4aa2b6c,1
0xe8ff464b954d12db575ad0e5e5a7dc9c041ee6d6,1
0xeeb2abcf0ba8f51fbf6cbaf357d4193c105381c0,1
0xf266bd362edec2656ff30d797206d1ca608178d1,1
0xf33654f85ba6b567f8841c8c954635b27e14c49d,1
0xf353b57ffe0506a44950805395e5412f42181dd0,1
0xfbbc953b46ae6ae37392999707f996a868d40f20,1
0xfc58ab0c3d7810b05af4b347653dab8187e22c1b,1
0xfe504884abd05cb7fe828afb689c06e2a5b4fe64,1
