0x13eee41d67b8d99e11174161d72cf8ccd194458c,1
0x147f466fef6bd04617fc0c8037ea01c73bc25a3f,1
0x17e31bf839acb700e0f584797574a2c1fde46d0b,1
0x1a7d7e6abea492e7b9a3cae667f468c72e884671,1
0x1b6265a40839a331ace2d81bc82b6104703c0426,1
0x29273917eb777b8d227e64ea423d07e6246088fd,1
0x2f2242b447a54cb110b8a7991cf8a27054ee6921,1
0x32ffe815277ff53dd2a73557664e229899e6501e,1
0x40d2f4399d23f9afb82d0a6b73055f13208614f9,1
0x420ecd4ec65c0fea87d8dc5d16c2476c42466b65,1
0x47a79ee280b4a6a8d68a3ba16e4082a765a2b20f,1
0x4c8a8c3fcf77f37101d25930e7a086b4e0ec45ce,1
0x52cc2c8db59411310e130b47d478472d9f7e4597,1
0x5c3097e7fd3b97d9fdeec6d378884c892ff0545f,1
0x5f656037e30a003862cf878db24ab5f537177fd9,1
0x670a840848eba22eb2a090fd65e1ff60c3ba9e5b,1
0x69fde561275b85dbcd5081d1121bcae64fb83858,1
0x73bcb8c5e30bf85806aade7fc36f16c6b80fd3b9,1
0x7ca00a09e3b431d48c30e3e6cceaaeaf6385cc81,1
0x7fdab8c244e0b775edeeb9ebb8356b59068c6873,1
0x80a1c9fdc26199a69d190ebc8ad287ef48758977,1
0x88a6f6ac171e24be54d95dfa7ceff80ff185b346,1
0x8bd9c4b5ea8f6f14c9b14d830ddb67f3720d77f6,1
0x97d2b1b4a249ec77d56fd1576546996d14f7db1a,1
0x9b742d1e98e5bb2f4d50f9fbbc047daf288ffc8b,1
0x9b96980c1c018cb617f6653f6892e19ecf4f81e1,1
0xa90aa01ec98f390cb86cd1846f7c0fd342a07955,1
0xab2056903a7b62bac46f45a3d7a70ac799ca88cb,1
0xb31a4974499daad3255206daee7d1f3595fa259e,1
0xb62b86353c9c38665f2a3843ea4eb6f7eef9e5ec,1
0xb735af7ae1a77d1ec764c862c2c09bdbf2b34b27,1
0xb9cf551e73bec54332d76a7542fdacbb77bfa430,1
0xbbc37f68e9876d64b2c55016081528ae0a85d8b2,1
0xbbdd72fcce73c2626719be00259ddffef0d5673d,1
0xc4a72063c03e77893b2f0181ffd22b34cab170fd,1
0xc7a295b1b2df1efb82aa204958b98ac30171cb85,1
0xdffd6968900b3f4f667b69c5f9df65d9d7796a1c,1
0xef15bd3f923245b24d64d6fbf57f036fe650c23a,1
