0x00668bd79ede077b99bbe1c4db59418bc333d4cf,1
0x00809faa992806d58e5e858f22d8c896793b77cd,1
0x009f284bb658c55d292904ee733c50827dbb8e5a,1
0x00a7f53d5a574a71ad23fb85f18f3b4c5a21ef54,1
0x00acf1f79ff43b1ff5b4ff28b537cbf27445869f,1
0x00dcdd43bd25f78ae91c12f3c295dc11d3065e00,1
0x00dec4b9193c7519cdc420d660b7a12559f04c94,1
0x01072faa900f4ca3b40944ca815f39837bce193b,1
0x0116bc6d6248a99cfcc0d644ed3250a7c45b3c94,1
0x013905d71f866961e991a4eca105518234b2cbc0,1
0x017347cb75ac8725608e593ea35d83f9b2b3cfb8,1
0x018f5cbe8a37b03f5bf733016fee38106d39713a,1
0x0231ebdb3dc5fd302c3b7b8e4d9056ba32be79f3,1
0x0240ced4de4edd91884027f2e06a1780331fab74,1
0x025fdd585f03ce846740fe5542469f1de425e439,1
0x027cae2ed1a23350a751452e907b4120330f9762,1
0x0282018582f1925347f445b7a986d336965b1847,1
0x029acd49d3aabc08402c84367c050dfd52b6c566,1
0x02c4769c07a453ea221e403fdcc7a2203c9b1c4b,1
0x02cfdaff6bc6e896f364f93a50559e3fd0a6ff1d,1
0x02eff1f92249f482a4cb6e8f25f6b01cb7381f5c,1
0x02f34557a9d8a3ca751e59fd50d4d066c7a85f0a,1
0x0303d8bbc845047b9af305f776f747ca1e25086c,1
0x03285482fa5114dde09084dbef4e5c4f8034cb8f,1
0x03593a431c7c3b01cea6836c2199c43614e17e71,1
0x03abc3de5f7c23d9065cc5610e6496d72208357a,1
0x03bd5e165e78d2ea367e316bb4db8da59b843bd2,1
0x03d8f62d29cdbfd778e670fec066d575ca87e050,1
0x03f0e71ac43276fcf0b327b1abe8cdf5974aecc1,1
0x04173063c0c491470b735954790f94ed307aae9d,1
0x0441905229e772ed05692db0967749164bc52417,1
0x04547314afabd1060fe6513518584b1ca602b51c,1
0x047cd96372ddff0e38a836d4f6758cc1cf2954e3,1
0x047d7e0a147026e41169f0f168986caafaa0c6c7,1
0x04b5a01e011352624245a5150d7f36e754ef8b62,1
0x04d553053e186e4d58861a5bf3b7075fd904c6d0,1
0x0566295faf52797d4a29e5b78bf28e287e4ca2da,1
0x05703795b917a39be3dcd3b5cddc1d3c42a8107f,1
0x0578aa0595e0c83530dcde1d7a339479bfe6b0b7,1
0x057931155d0c6355b1bd108b0fbfe9bc77d59ef0,1
0x05bcae9e715748f7d3f74338a27fa90158e16578,1
0x05ca9d2f618803dfd5f2cc0f12dd85adfa27a518,1
0x05cda24eeefd1f24f18dac398f5a612674d3ca5e,1
0x05eec49e27704acf5c5ce31ecfcde4e382d78ba0,1
0x061ae2b316ba7808763be9032b23c0a35a64a2be,1
0x067fc0fab235979cb615f46336631288c6e5ad75,1
0x06c888f9d273dc38e962306e3b3ee590c776f7e9,1
0x06d56e3cc5127aba2f0553281aa60a16d3405131,1
0x072f8fd27b97cca4e6aa26dda2eb2636cdc54fda,1
0x074396d67d04c48fdbef50af95df216185b63cd5,1
0x077777f53544c2b2ef753c19e8fc048049c5ff95,1
0x07c4a09ce72e4b763e5e036c4446a19eb2abb4f4,1
0x07d86ecc077579796a5f159abbca9fa5b4f49ea5,1
0x07fbc53d2ffba8a9cfc0aee2ae69fd691fd6d9ce,1
0x08229e2fbed1441773dcfe3093cb7d7d8b0d08c8,1
0x08255e706f23ab1f5703eb717d8cfb5d097ae0f6,1
0x084d8f345501e0a1ba31b9219e999b38ea074931,1
0x08882cd344a56c3da51a19def6cdcc9b290e7c80,1
0x089660619d26b6ca62eacd74e2ddd6089024fccc,1
0x08ba7fbc0aba77c3f8664cc71baee71ef602df85,1
0x08bac1d3c16fe76edba4d41c600462069eee33aa,1
0x08e0a3e752d1338c0f02b986b9504f1009a962ca,1
0x08e146bb525bd8391a4e22e665325de0f499e9c0,1
0x08ee7b575f206d4f5fc16b0c3cb70e0deea8a732,1
0x08f189a5983980cfb5b613065ad5fbf39c62fc59,1
0x090c847ae5623cb7c538be34fe470b0c824b181f,1
0x09404fc75de1417895f6f6ab74f56f0ffc1f221b,1
0x096dd05d5e0abc910d41e080562e7f22b30b1864,1
0x098cbf21f980856ae9a85d23cdf6133a6ee857aa,1
0x09e6267d0cb691fe647da5029d28ab0fd62d9325,1
0x0a2542a170aa02b96b588aa3af8b09ab22a9d7ac,1
0x0a49fbe88cfc413181dbe93c9e3b6184b2264071,1
0x0a6f270ff37facd07aa85e48add3e73bb8101686,1
0x0a8138c495cd47367e635b94feb7612a230221a4,1
0x0aadeef83545196ccb2ce70fabf8be1afa3c9b87,1
0x0ac25e1a3dc9a10ebcb52328c6b8bffd3ad4b5b4,1
0x0ac4423868f07df156826e0349c3f62b95ccacf1,1
0x0b5f5c5ee41f49dfa674f501b2a45a3449458d51,1
0x0b7d2c4f89d1cbb290af0733e1241ff1d6fc72a8,1
0x0c54a765c77a88d9cda0bd7ad9b10422848d92ef,1
0x0c5679186e36be5514146822b9575c8175ae24dc,1
0x0c6306c1ff8f0ca8432b761085d5ce74160a499a,1
0x0c7fd3cefc75842987ca65a65c46c1faa823591d,1
0x0c81f4885b20fdcc97ce679ecfea9b94879f12b1,1
0x0ce6a432eaf0fa856a7c774170999db207748240,1
0x0d0c4c7a76e67c00c564f1a87e1caeb65eb0b35a,1
0x0d49acf3910e9592aab4b2d06ad16613c97e0c80,1
0x0d869a936f7faf615e584dba700951b5972d5fb3,1
0x0da4438a9cc8d41fe9c0c6efd302a173ed967da7,1
0x0dac0d611db5955bbe881cf8d75d4c80271cae83,1
0x0dc7fc49f79b310b3ea8919ea15429d35c565d11,1
0x0dcee254468df83cfe9dfb2236bf253459cdb079,1
0x0dfe9ec2f57c3b95653f47da96b49861e4010b36,1
0x0e0b904e2940a31576326d2f335564b3c85a8afe,1
0x0e372eb8c7abe11c99a76ea2260cd344779df762,1
0x0e3c735708f660b9d29b1f05679c13f72e14c0ea,1
0x0e7a408a775af29310970de51b59501e21eee87a,1
0x0e8397856f6107e38e2d8fbea046bd3047cfefa1,1
0x0eaa21f9f87f78f64f2fb93d99c91beeb275e8f3,1
0x0ef024d299cb56805f2437cd00b8a361a7b06d54,1
0x0f0eae91990140c560d4156db4f00c854dc8f09e,1
0x0f1025f754b3eb32ab3105127b563084bfa03a6f,1
0x0f3c600960b143d46c70b0ec1d9da818a7208f9b,1
0x0f3c76ade30adf61b64d01154911308491784dfe,1
0x0f574d45d73f5c8f4189ccf4d98cd22eadfa9532,1
0x0fafa30d377704eada7a9c83f374f409b3b46046,1
0x0fb3fa40850c1e472b6eced8fb10781763d42193,1
0x0fbf0be174da2a813c1538dfd6ee3c01f6eddfd2,1
0x1022245eb550f9778209ca4514dcb693b45498be,1
0x105965f34e29f55efade78337e3eea727faa8f67,1
0x1064a9f6003cb2637a5fed88501198457fe2aae1,1
0x106a9382e0698db45f9ddaa4b93596b4dd33105b,1
0x106c736b34ea6cca24eb48ca03f8b7b9db4c4280,1
0x10ad157640b203830bcc4164d2b12fbb03b266f8,1
0x10dbaa70bc06a3d7767b9b7c7fca894bfdf163a6,1
0x10f2ab2886d2ffda72abb390545d1bce8b2d20e6,1
0x114837ea03ed4e5bdbd6471cfa4dd80d68563dc5,1
0x1187ec27eb94e65717af65f3ae8c326bd8bb47c1,1
0x118e3472a73e72dd85cff8ff09fd89dd48fc4733,1
0x11c03b0e147af0e527a7f8bdfec94987fc5c579d,1
0x11c1238607556c6b23592aed09e469028702e9f8,1
0x11fa4f109a1601bd1afdb509b3bdb1e23fd6a675,1
0x1234311096a5d59d444d4ffc42b16b0ecb83b9c3,1
0x128e151b59181e923b0fd9e82ee7a7175fcc6c2f,1
0x129c6695dfe7a906bd8fda202d26dfff601f83a4,1
0x12aa1776cc7645d4b5089d1422ef33e19edb30ed,1
0x12b1ecb041e9edf47fc9c9f2b57e9ce262c34e41,1
0x12e4852e642b5a8a5e3a324898734d19e7a6e773,1
0x1379aaccf761490ceba36b6ec572e5dfca48273a,1
0x13a716dd20763000cbf87f999548c3d67f936d35,1
0x13bfd26cf7d981aae5f8d4d88af4b34b4b1d4da4,1
0x13c942e3f8be4faf966ef03e6038b33d000db22f,1
0x141ca06db8315d1ae8e97c0054eb2571174e8940,1
0x1423d7ba74817a2617fa3e69b609a54e4daf6f79,1
0x147328419c2d2c8f626c70f83c9d0f7ef9359f63,1
0x14d808d6e12afab7ff6efbf85f9a087618f35e9b,1
0x14f8c1f8e31cac72e3026700ab61dfadb31f44b9,1
0x1514693f2c3889422cb6f50ff07f8a2f44fb901a,1
0x1527fa3a0778d574adfe714b7e60c7b2a1bf7c29,1
0x15289af0bedbd7ea7f09d7d074e1309800e6f99b,1
0x15326a892b1d1b03bb499777649025ccebb380b0,1
0x15412f8724f267ff0f32331412897180c5aeaf62,1
0x1566ae673ae80725bcce901b486c336e6acef465,1
0x15694ff1ff07e724d8e0282c448c4731205a0f1a,1
0x1593a9b67ed8d80c9e45081f2a30e675d2b3c002,1
0x15dfcc4e6d00539497527ad5157815176dbad0ce,1
0x15e3bf5f0158afd884a85defea6ffa9056ef871f,1
0x15ef9bb5d59fc204caab300d0c23d28da34e3535,1
0x162a64e9988479a960d943418479152c58e0c884,1
0x162bc440bd8474bc5e7da451a7dc0052f93b0c8b,1
0x1635e11ad250443fc3bc7beef75e47a601b25d93,1
0x167e05781fc728a22155019293fce4df335e782a,1
0x168bbc7185fdff0e54fee49720ddc6e7527a3099,1
0x16bd1bfc9117aff9269cf0f824c9622330b98a81,1
0x16bf2b9490348b21bea767ff4a3d3c82e3059f12,1
0x170fb8f8f37776dc48184686dec386d2d1c41cc9,1
0x1730abf8a9a92f8e249b0f217ab1b757dc1c2b1f,1
0x17af4bfcb2e4d9611cd65a4a5c662f95c7167026,1
0x17b1fba30138f5b28e57477cb0b7d06795e2d256,1
0x17b9f89af8f665a736c486190443b5acb3793d6d,1
0x17c5cb83b05e0f8f678b5817a66cdde7328f3aa6,1
0x17e7202da7a6411c27db0b8ec0d0839bec645202,1
0x180b3fc00745c68ef5c6d53b3f9cfa5526a7494f,1
0x18333a87fb0e60a01864a3f9668124fa793951e7,1
0x18876acfaf008b85429a4ca223b8d8f33ebe7867,1
0x189a585e8738693556f90137ec90a52dbb83b633,1
0x18b518f0b00f45e53c650c1a8a560667e81ae4fb,1
0x18ba19ef5c0e060c7c0bb1e622c78d6fa493e2f7,1
0x18e804e61c44fd194753ce89b32a87acd8435a8d,1
0x18eb4aece6cff56f3bd4ccd844491d55b6ab21d2,1
0x18fb2a2d9fa010dbcd33685a86ed209b821e5cbf,1
0x19547b69595092900367b47688efe2b35e519845,1
0x19849f4c8e8a0508da7aec6e7e2206920a01ed13,1
0x19afca36f0cfa805dddb772ccbe5068368222d30,1
0x19f258959630311a21f4d279b6c41371d6389437,1
0x19f605f48cb963115f5d8f8d9e8ec1890877745b,1
0x19fbccbbb66e21c7f6d9a5f8fa33ff61927c3214,1
0x1a1e6d575e55b0daea02ad9c780b0829449a74bc,1
0x1a3bfc4ef279975059221e5285db047905165a5b,1
0x1a51e5e5c4fe902254d6bf77bf94b3e648d545b9,1
0x1aa760cf97f1389e03a2c8b4ae7aa1d748d1b666,1
0x1ac0a9f1b13dc29537767c3472bf5f155b98459c,1
0x1af369bc1069dd286ff59cd69553550c07e0dd05,1
0x1af92375e9284e46137d5eece8045b042465ff00,1
0x1b1a2a712348767fb4bb216c2135742725a0cbbd,1
0x1b2c7f6e379a2c7e19dfb63461e491e82dd9632f,1
0x1b7bb9251a6220b42e920350ac0fa3004b38729e,1
0x1b8d65dcad712e1d0470fa8fd1f00956c2bc43c1,1
0x1b967d5a3a14f661cc3bb0632cda3e152765ea32,1
0x1c22e514203bd6157c7db84c616f3746bd03b431,1
0x1c2530c60db8339639d17a05657c005812e7af77,1
0x1c3f8d46b9db827548078a2e7dd46cb487eed0e1,1
0x1c51a0a1c8c1ecd48487095db040371e3cee7604,1
0x1c9365a7bef98384401d513bbfa3416ebfe99578,1
0x1cf25f9c307c3b1048e9a4ba0bc5053a99386f62,1
0x1d05f69d14519a1c93007b468e30d5cb1f1658df,1
0x1d2379f03f485cf662b67fe763f4bfa2cc595834,1
0x1d3a9a01d1476a1eea9e230cb5ae4ed3ccf0c041,1
0x1d3eda0356e492d51fde4ffb8651c549bdecbdca,1
0x1d41071761c941e854838583d1be87a2449dd036,1
0x1db5628f9443a603615beb064106bb159bedeebc,1
0x1df4b6d97eb84c007f52cbfd942c987a72e94ce6,1
0x1df704319b7fd6ad0db2b08081ef2e9c8cefd8a4,1
0x1e31c76b78ff00e3cb64d41d5844626d991ab9e8,1
0x1e38317b64e0ff5d3c500b3250afa2527357cc0f,1
0x1e4ce54629842c52b11ccde4ffe77a497aa42bf8,1
0x1e6c02d4f25dff92b8355abbac1b9522e0a7e8e9,1
0x1eb322c016815ee5b29c071586c1b75be5934576,1
0x1ee5106b2233169b84dad2acdbf498b29c3c7d15,1
0x1eea95f2d2ed24cd3451da93a69efdd08767cc5b,1
0x1ef710af2d02018cfc96521f83e54a516a6ba765,1
0x1f2a9ca494a1f29a8dd736ff8f589b1f2e9f3a07,1
0x1f2dd54ce97965c6aee5d860118c326d68a21f63,1
0x1f3fd666b44d0f68f50012470595ff36200908c3,1
0x1f4a167fb3838bcb1acdcea2eefe145126c84b28,1
0x1f623ee324ca178941545f01bfccfea38cda2072,1
0x1f6278bd02a577f057f5e17d2af6cf008d508bbf,1
0x1f8dbbc9445f82a2df48dfc4aa80804231b1f9bb,1
0x1f916bbf39ab189a9e3d9e1823a7b1a8e9e5f204,1
0x1fb95fc1bd13db144c0248cf1b6a0f44ceec93d6,1
0x1fef500586a301d843a8049b6fefb920b4888513,1
0x1ffb432ab573f5a556c63eeba9fd5b53b09fecff,1
0x2017a71c9acb99dc8797aa559d8f879081b9f904,1
0x205819b6f631c73c36f899b2f58ef996d713a1d3,1
0x209db432f06b65317b44d18cb665146b37a9b5d1,1
0x20a2cd3502c0a972927e1699def217289e0c90ae,1
0x20d73afd75e18e22ca74558ef967d3f8e6d8a927,1
0x2112134feff010321a1692f3bda6c9373552306f,1
0x21301d901db04724597d1b6012ac49878157580d,1
0x2135589bdf50c0226393c48514612145e2d3bedf,1
0x2141f82d131900acc49eb42730ec8935168444b8,1
0x2151aba37c89da616ea293b46113731ea7aa63ac,1
0x21710fecd114b1336b0918951bb571dd9971db3a,1
0x21abbfa7a1ac6300cd9df848784f0012c61cccf8,1
0x21c39f1318ef23774af1e53d4c2de15c4a4de6d4,1
0x21d79c2be4ab3de2802a60da66f86d497d06102b,1
0x22236c0c2501d5ac173058ef0e151b5e21d116d6,1
0x2249f5016b1b7a306c5e98765bf94fd0a70d8b45,1
0x225173c40445a3f3665a835b0ef088ce55d1d007,1
0x2290f81330c51d712416ec074af282ba3a10ce3f,1
0x2292325e3b5b7506da6e78c9e4510b0e5537ae09,1
0x22cbf92936f171e073350eb771d6f0c8b38330e0,1
0x230d0096d6a60c6fdaa65b6d0370a6ba2b96fbea,1
0x231a99192dbd87752e2f483c0ecbd4b71ea95c67,1
0x2336ee0447b55103e8c01cfca82067445d8fa571,1
0x2357feaad45a61ee4f663c203f660580430e75c6,1
0x235cdff363f0fb7aa3b41a6a5a714fecdfd814ac,1
0x23711364e014ab455dee32f02e6d2ae7d070f9b9,1
0x23830f2c4a3ca2363853964f2a449d13339da888,1
0x23a9984e767d321c49f0564e59edda2befbcf7dc,1
0x23bcf6b5c991067846f8def2b9aa8a0d07b1abef,1
0x23c1913f025018ae07ec982315af08ecd5c867fc,1
0x23fed2634fdc629c1a82eb6ed3391efad2a58670,1
0x24141a358980b41084a487bb39c5e0a95b6e6559,1
0x2428470da5c7a8559f11100c91019a81bc89bd99,1
0x243a39267a8a15d145539257d2d5e2ba0ad078e9,1
0x247fa06d93ada5dd3a9fa7f692855c05783afc0d,1
0x24970b51dd29dc2dfa264cd51c41998c68e3d7e6,1
0x249a49d3201c1b92a1029aab1bc76a6ca8f5fff0,1
0x2508b81fe684e5840f3f427d44492714d399dfaf,1
0x252be7f2057dca23b1b34cb7da04e4d1af8ebe74,1
0x25a6a662aa143ab46b71a50908dd8a74ea56cab6,1
0x25b12eea057708adcb521ef7da0d4112523372fa,1
0x25bfb4440eabe6316568c1037ca15de16a3b55d0,1
0x25c13c0f5c957a7c50966de8141b4cd86627dd39,1
0x25d50ce5c3c2962b1eb22963070432c8ace816b0,1
0x260c776f721e6281e51f21aada74f6407ccda236,1
0x2616d8d5075dc5e878f40497a4e45924674440ba,1
0x26273cbdb898fe543bb8b8ef03ac6efaea71a2e4,1
0x265773b798f5a83876aa0a463526a5d86dee5e00,1
0x26a6434385cd63a88450ea06e2b2256979400b29,1
0x27493bf191148b43754f5a1fa5e1da1609022240,1
0x279a84d4d6b1d4b1895086c775db1e91d5849cdf,1
0x27ca40b4bb1416c7217662ab4631930ad0119327,1
0x27d06aaa0bfb51dbb2d415591f5f4993e6394311,1
0x27e121bfb21f631496ad5b9783d049facbdd411e,1
0x280676491188f56fa386d9833d84702ac1e24c71,1
0x282173335ae1f328b34eb9acadc052e59e70a89f,1
0x2869b11ec4a74be99a8469b8742e653804a47cc9,1
0x28a8e6441f7d9fd324fb13b477748b9c30d34f0a,1
0x28ee3a4ae140743a78684f8dd98c128b54c1365b,1
0x29273917eb777b8d227e64ea423d07e6246088fd,1
0x294af89e9c338f5f0b54bdfa7db81af97f6cd24b,1
0x295d960d752771579118c21a3d82f6c7cb3a06af,1
0x295dade584004e8094ea8d03e8c92de23a2153e0,1
0x29bda07c9dd54f3e84dab4a4c3d7d024b9739d9d,1
0x29c02a5e462e187ec7e1c7874d012633f12c89d0,1
0x29e2e562991e4fb58c0545396435d5c121375621,1
0x2a7f630627b6f98a939cb6077a044921393286ed,1
0x2a92cea8d390b44c3c8bad05e2ef0d6ed433dfa8,1
0x2aaba4b94a805f0fea696dc11de324c2320ff4e1,1
0x2ae1343a5c828cbe5c115785408c18aef387f2ef,1
0x2afd8ba65eee777c0f73bb65ef07e1024b627b55,1
0x2b28665699b37021a0d5fdc942fe1cd2da902234,1
0x2b4edbfa4cde362545df0ddfbc2574f4c0ec1a85,1
0x2bad77c1ae11ff611bd23f6f350d23079ad8a6e1,1
0x2bdf9c76fb123f2895e7aaa906b8fedfbe0ba884,1
0x2ca043bf85fe1553bdef8c0dbf021ad6202efb41,1
0x2cb5ae51861a4a6e8568b527cafc3891317ac94d,1
0x2d03a8ef087ff3fae66fadffa30e80572ce8b322,1
0x2d15de707bb3cab89fd365f8cfa544964bf4a3e2,1
0x2d2052be503780c575629a22aa84990f9e38a7d5,1
0x2d225886a42a5e4d1fc6ca53b497e604d174ab6d,1
0x2d2dc1f45802f7a6b3bd87efd9176adca7b3c40e,1
0x2d5313b5392f2709f4d1bed6f5f01ec0badc18c3,1
0x2db0ac6cb953573153c2740502f60e248e2aefb9,1
0x2dba88cb3b435f99a3e58b6e0fe450e8f1a3f20f,1
0x2de20bf6ff647c1a47d4192d1b6d1114024bb475,1
0x2e12f3a30600c82536438051da791e6a8d092d5e,1
0x2e769f9cb238e5d93fbe353831c80bc92ba239d6,1
0x2e7b37dbedeb5176254a807760784e8b5f5585d9,1
0x2ebb29e0eb7310e073b87b1d7b13ea5ac02ce614,1
0x2eea9e62430221a920b8a5d9ade88e8ebc3d303d,1
0x2f44fb58135ae5d3793803c73d471c7cde4bb774,1
0x2f4fc87fac91ae32fba3d9c60364897cbcc9f438,1
0x2f68a3bab7172b3d1b5b23e71d44e220665953d7,1
0x2f80b028a6e5c0d1fa92f62c3ed000af5bae143c,1
0x2f8f6b4a198423d4a6af82bbf150bf523e70b43d,1
0x2fbd96729bbc8b02c3084583ada26fffc15278f1,1
0x2fc6549a67162bd653a136c88bbefccd46942c57,1
0x2feb2bdf85a303f9b13d0fd47dda36c0a82193af,1
0x2ff074271386511555f0682139943cda5fa5937d,1
0x30141c221dbbce1168bd4f1a6d25fd4b10942860,1
0x303052148a78a692d7aa89bad454f3e91785488d,1
0x308bff328370fc4a9683ab9fcd79a21be6dc5ee4,1
0x30cf9db393b40b16c62acb9da863a60082df0b82,1
0x30dec07af807a47c4c5a2ba69a22738831f002b8,1
0x30eea1e603b556eef164b4554bb6e7471b3e70f7,1
0x311d07b222519bff34bd42c032478ea98b5e6eee,1
0x3129648be98ef7c2732d2e0214e724edbd88f1e7,1
0x317c32ca0309bb8a1f9d8a3e2836544f233c841e,1
0x31be70d914ff582b1f10778912120770dfae83f7,1
0x31c72d0d03adc76456d3c14a4fe19f8aa8307c16,1
0x31d173ea66fa8fba38b3ddb798c1c1098f3ae8c5,1
0x31e99699bccde902afc7c4b6b23bb322b8459d22,1
0x31f8e9b0c3da5ea19f06c6df7e88f3c60fdda1b4,1
0x321178d58f8f1e29d2484c87d3428dab207f079d,1
0x32606c4aa95ea78d7c5b1e0e347e3e9ae451434e,1
0x3275d4465a4248d5e2bc1d702557467c24d34bf4,1
0x32d5eb5613f95e95cc295ee07d4431162e765e13,1
0x32ed7ce154b816d2d71ccac6b384a5261aeacf60,1
0x330a7cb2418a2856cf8ec47c2606900fd1a57bed,1
0x33569c101562e1faf5b24581057e5cee4c8288d7,1
0x335e19b3f5dcfa2e398ee7d5ff430a1f8ccc88b2,1
0x336734a67020ee0f36fbdeb32517a5d8751bd0c2,1
0x336bd505b648d378a251f06ec3f6693620913f92,1
0x337101def3eeb6f06e071efe02216274507937bb,1
0x338b3948e0d985fd89aae348757f7fb95f9f8060,1
0x339833c45e82db98f0c98dc8c5e9e687ed11bd44,1
0x33cd762a28bbe0c63aa7436baf4fb09857939e82,1
0x33f99cd0e3c56a6852d4627455296f30f2851772,1
0x34092ce00826da047acac0ddd0b366eda43bf0d3,1
0x340b69daa84271b53a4b31d801ba72d19e6c934a,1
0x343193017fd217d19fd983e31db701385c8504f8,1
0x3432b45b9ee95bd5c31a726b936cf2ec719a2153,1
0x34433cb54d406d231cd511567f33ce1914fc888e,1
0x34477ab85120779e938d63a5969bdceb0c08bb0d,1
0x34582e98f3f7f7864a03c388f14c311d445f5c86,1
0x346b54cdf75cd6dd2f41f5557695f210253a6e94,1
0x34978faf3a9f469da7248d1365ddf69ac099588c,1
0x34c3a1a6a102dc8fab20a42a398acc34b22965de,1
0x34fd55a860f1df45bf006a81c2c3136f48254622,1
0x352c8d4963a7cf2a4ad44b7c9be717645fabef50,1
0x3539dc20e2f5cfa6393de9227ec281290d3142a4,1
0x353bc35becfed0c65bf6d4466bdf6b381cc673a9,1
0x35a7378f37918969f7a733d46519de9bbdc6fb04,1
0x35a791707bfad064e00b450f24b141d1c7bdb0db,1
0x36291c3bc9d09156970daf0a0a205eda9d82ffa0,1
0x36885851f71f09a087039260452e4756af87d9ef,1
0x36d77e6773d7cc278d8be2b18a1b416a8d3de6d8,1
0x36d82162eecf862950080184d71832170e2739e3,1
0x36ff6a01782501553486a4efe6ea6e07f8f3ae28,1
0x370daedbf825c3445b999275e916137d5f4ef452,1
0x370ebb6e69b5023fc68755bb6a1435d084dfe07a,1
0x373db7e01ebfb92d9095ae6b8f6e3d24ce6f4d4d,1
0x37729c5948bb726a505b9633caab02521c67d89a,1
0x378bcce7235d53bbc3774bff8559191f06e6818e,1
0x37ba996dd7eb738af38af7839a17ad19cad5f155,1
0x37c14f24c73a9e151575a0af3dd2dd5cbbca8a29,1
0x37c1e3d3c305acd0fb2c38b88420867d26b5f630,1
0x37dcc02b6a1a56d50a62f584c8c39ff486c1117b,1
0x3805e9b956aca92899ef0c6faa7dfad20b5c5dac,1
0x380886e656ce40bd145a9fb85ac7e3dc51d5ee8b,1
0x381e169fdaa69b0b2ab3020e9b3f9d9cd7e65f84,1
0x3833a533f811a20b30b9694e8045ea575c0ae1f6,1
0x3840865eb893b283c843d32f6f766526b1ab9d50,1
0x387f802c6a9ecffc8b8f6bb7b80ea0db4cef9810,1
0x388cbeec5a031e4aad12599b04a4aa4f088e0f73,1
0x38909c6dd9bb50ffe647b06026ace0c8eac1950e,1
0x38a1b728c1b43c64361631cf7689f6662e26feb8,1
0x38b2739bcb869494cc7953c79c97e3bcad7eac04,1
0x391874c0ac91b5569b5373dd10969350b956c398,1
0x39321c698a5cdea6f041dbc384b7a4181e1a535a,1
0x39531d59fb7f1bbb0d47ab8b4fc6fa640f888a85,1
0x395f2502a415bca4a2f84d73bb8929182a5dd252,1
0x39a167e13c3fa53025069ef7e62c7cc8e8b46fe5,1
0x39ad37f8ff56f18bf9a4837a49ee3831c07538ec,1
0x39cc9c86e67baf2129b80fe3414c397492ea8026,1
0x3a0b104cdf14d3528dd9410d4c95513585a08268,1
0x3a10fd1387555cd75db8142393fbaba98efe28d4,1
0x3a30fa661820bf261b39f41a63916cad97b20e60,1
0x3a4768e9760654650a1f3d2ce385aa96033e8c82,1
0x3a5e247429201d70fae0ff28e41fd8a1ca50af5a,1
0x3a661a18cb0258119636dfdde098648c6ad5ba62,1
0x3a89cd7d1cf3eb657f70954f0011548675c7132e,1
0x3a90face21a9c77ffa0521c734c5e409f6e5b7f3,1
0x3ac2cc26fbb230e704393dc79e97cca47e709247,1
0x3ac734159d2668a95b6478265ff4fe2792ce9802,1
0x3addc2ce68d7f94af141a3bbcb86aaca1ec4494f,1
0x3b3a01fc0dd12698f19959ed0d0d042b81ff13dd,1
0x3ba41a9e97f80fec64ed68819faf12dcc6dff576,1
0x3bfcdda69bfef9ab5da3c3e75c0ff0e0a3074a5d,1
0x3c176a32895eedcd93db8d97682cd08fc1305c52,1
0x3c709c0227a72a3977a6be665a007f90a80f8011,1
0x3c99c5157416d57db4ac590246bbf528211cf501,1
0x3caeac7ff83b19f4d14c02cda879c4740b4f0378,1
0x3ccfce257660249f38c0c5d4d052554dca080941,1
0x3d1805699ff92f10384f6deb5ce39cfbc93021e9,1
0x3d20c3f372207074df1a0ab5272c7168ce23d178,1
0x3d5f1ad033c4e7c6a6d433d50d694c488dcaebcf,1
0x3d7d85485b37360c7ad7ce17e549fba5473a0c0c,1
0x3de4b60cb19faebf58efea6d4cd99fb5295cf95c,1
0x3e3721d26d5b8612bcd6504696b82401b9951ba6,1
0x3e437dc1f56803ac2d9d79fadb8dc561fde3f233,1
0x3e960c18474442fcf4e00ab1d9a6b9b5cc0a9777,1
0x3ec70d39ed50bfc9fcad534cff646dfd798bc7c5,1
0x3ec816cff24f6be50f0e3334301ff51f3f9d239d,1
0x3ee24138a7a6e9f5be87b446b9045fd69589f3ce,1
0x3ee9c72e4fe1e6fceafcda4c89fab3cf98e7c5d1,1
0x3f358b4e54385ba4fc8dd9ea718d360db5c7fda5,1
0x3f3dac9bb1458b644be33718c447128e9b6a87e4,1
0x3f4ac5eacd9cb45a4ec9564b7a49f4950a9689db,1
0x3f7a28ada099123ce1dc8e695f1ead762a239c62,1
0x3f7cf1e0d51c141884d7ef41378747a505f30441,1
0x3f849f47f5b372d80407e442f360ad7b17f5fac4,1
0x3fc145ea0fa4290ff0304c689f78dc8fc69788f7,1
0x3fd7783b11d972801d2dccdf5609fb8842234c5d,1
0x401f8b8348b8ccfdf04bbfb4e3e6df105c9e71e1,1
0x406371fde9671f71a891442d21acddb4d1a976af,1
0x40a193b9e3d9aec65bfcc78ced05d7d30d93bc13,1
0x40b471854fe343ac40e1c130ea7c0382a8d04c05,1
0x40d2f4399d23f9afb82d0a6b73055f13208614f9,1
0x40d775827365ae4d54cbc08a1a1c4f586b2c1d0a,1
0x40edb3a1d959c927b5113b5a4f803443f552f006,1
0x41146e2b9dfdfc47724a20cb86a15dc206c97e44,1
0x4145a736eeb23174f3874fb9d3418f4acfed6de1,1
0x414723d4f305f1dcd71d72bacbb9988f7625ebb7,1
0x418cd73af8131dc641c7a79147ff41741317f9a3,1
0x419beee486a63971332cee7170c2f675d92ac5d3,1
0x422bf362a48c8059b6e56a8bc836da0d0c328557,1
0x425052c13e1785b736e69324be5685e4d396a3a0,1
0x427cb4f9dfaa1ebc8b9a957253677064c147e99a,1
0x428364c1919fd29b620f7f1dae3cad18376c74fa,1
0x429683282e5a28b81aab1f9126b8d5e4847dfbeb,1
0x4299b157abde3ef09e3e2db77ea7cc2a24b30e5a,1
0x42a75dde1981f918ba5a84d340811f72ea18dbf0,1
0x42eb89cb1714a93de52601cd566bf1710941470b,1
0x42f34449209059717e6c48ed0110783a7df82abf,1
0x4303f832a6a32567d8ec01a070b58d8a4f10e025,1
0x4328e034e340aae13e9d64c9d7e1c769509cf8e8,1
0x432bbc3810692e6baab69cbea162bed134dcb87c,1
0x432cda1bdf599ddb69873ced806da13df0375f8a,1
0x432f3b022858c048100ca3e7a26c5f70c18964d3,1
0x43af50aac16c87bc7631d8ceaf66a9874decabeb,1
0x43bf1f6a7beeb1f4b9c14314319ef1b90b5c0a56,1
0x43caf87bb1f32a558a4c89a04a27b66e943c6999,1
0x43d82037c833cd183cedb1aab89e862932b8d1f1,1
0x442465cbc0cd84f93c12cb1134dcdad6aa54f1aa,1
0x443cf9f30e6327fd0454e83c664ce809649c4517,1
0x4470e0f5a0a3969cb0d5aba71ad4e6c759dfc824,1
0x44b0c6997339a3fff42651158d3453615e6e1202,1
0x44b1b486ce8d9c82f605626347a7b1f74add11de,1
0x44b51387773ce3581156d9accb27849a204f31dc,1
0x44d89b36fce03e9cb6a3ef589668f93620aa1ac1,1
0x450a6049e00c72c8205424a1f3d752ad06382fb9,1
0x4536034e4412e42a0470a6143df01206e30c5995,1
0x455867c5b24bf1a29ee02e0195b9ff36bea17ca8,1
0x4571ca8ce79492fe7e2ba3023add71860ca363d3,1
0x45bbd6b9f4e20baa91a9af9e74ffa0b756e624e6,1
0x45f2d5c2ae9042d6b621fad10f0d0734b29681ec,1
0x461b826d3c6108a420ac696631dff5a6a425e01e,1
0x465d06aa6b0dcd4f2d9a38d14b20a042b92efbc0,1
0x467fae905ff273967fcea03f9564c25d02afe01d,1
0x46a2524628486bc88a60d55af4dcd598a5ced4cb,1
0x46e6aa05e0867d5f0feb749e81e005f5567ab317,1
0x473f998299294733187a36ce31257826eea39495,1
0x47450b6044689a96cb603308d8da10f0ae501aa7,1
0x4762b5ac03fc097a500b48cfefffc027e8b37227,1
0x478e815c117bd0c33bcc6628d4e30d2776b7b090,1
0x47a266e4dc05f69f4e6166a013c300f7af5ca1de,1
0x47a3443937af19aca502042617165767b278ee35,1
0x47b6ee319a63fcecf97023bd6f9a8ed71445527f,1
0x47be83cd4037b98366ccaaba4e10b1a5d5486f14,1
0x4839f0a75ede31d26613c7cdccba89be774e9856,1
0x48488c36c8643f6eeb13f6bcd5be8612918c6590,1
0x489f465240db3df46f8a2c95defb68cec589e626,1
0x48af2bd40905f8d48d187ecb3c6bbc19ec21c795,1
0x48be4681972473b498e8b686d38e04826c26fc4f,1
0x48c8bd589e8b81cfe13403ec4884f71e676961db,1
0x48c910f86993e5b090e8ef9f62daf099147cfd43,1
0x48d26fbd89dda10c72cd8dc7b82b9eee0af6b48d,1
0x48e7d74810b0950ef03232468ec294a1a14e2e23,1
0x48f823fd7f5fd781ef2da1a1e53a92d0f45ca176,1
0x4938d68c208aa1f0a34798a4343c584c58d259cb,1
0x4995b2c5ee3783e7a5ad86a58d97e5e34b50b786,1
0x499dbd98f447b660dda53dcbb9376a5165071ba2,1
0x49bc851b355479d1241d86607457feeb9026826f,1
0x49ca963ef75bceba8e4a5f4ceab5fd326bef6123,1
0x49e88c0236734eb01243ffc9e84915b3a2878640,1
0x49f9c2be1aa71afac6f2f2ce5b884d8cda10e26d,1
0x49ffbb2c43ad5298db85912f87e3781fe2ed1770,1
0x4a0d9d160291db0da784c8331aafd112755feeed,1
0x4a10db49d36c39934bac4e882e94d268a67dbce7,1
0x4a5e5cca6415e4b6f69e7a9fdffea240fe1c20b1,1
0x4a6d345c287e3c315eafd0e6a4274a74c6cb9af3,1
0x4a7a76e2c061ac51d7794b2a9003338ab1f13d68,1
0x4a7ea6f1e3504ad963cb0325ef31a955b0b7d6c1,1
0x4a8a1d875587780ac11c21dba479bcbdda794b21,1
0x4b03e0fc0cc982adc25e04bbf2d549fb53991fc5,1
0x4b6d425fae5ef632fc6cea366ff2f7b0d5110374,1
0x4b87dc5f84ad62e94327ddafe35e078d73148e16,1
0x4bada215008b595f9d35379c06bdba0283fffcff,1
0x4bc91a44dc0589226eda736d47c8f3cfe506a328,1
0x4bf613dd8b243d80e13ac3b4ab6838f06acbd471,1
0x4c110ccbf6a4a5c2a6fa702974955eef220c2f7f,1
0x4c7cbba31f8abd69a3a931ea86e721fb9b9891f8,1
0x4c7f1354ae3d30f7a88c9d972ad7f96b44ce0dee,1
0x4cc28b6bc5fd75967955ac7afabe4f07f5c917aa,1
0x4cd2c410884ee586a8e6418712613f3077aae7b5,1
0x4ce8a8fdfd9b33b5d1f3ce93d194bbeb0d9e2257,1
0x4cef61837e4c2186468145e6b9668af92694aa43,1
0x4cfec81930d87c0ec2d38a4819d05a756756d85b,1
0x4d6aa3da789ea162a5978193bd584d3067227835,1
0x4d6fb29c0a7028b26f84b694f8ae4cd2ba90f0f5,1
0x4d9a5247dd5929dad22df9b3e345fec7f3e30de6,1
0x4dad859d49a20aee625c60e78c19f103bb879f9c,1
0x4e12b79845ecd48ba5165e8fc9e95436811c2b58,1
0x4e1829da30cd7ae2f3e9915cb8c9f3f203ac7d83,1
0x4e39795874922b61cf3a6adb3a85d52fa736eceb,1
0x4e74e000b14b37b9ef40007ced68c0187d35d8e8,1
0x4e7511e55364992dd6b562a8b0f186081cabe257,1
0x4e948c19640c00fa1d2538ad3e9da14ab7320a14,1
0x4ec44ce5506aa428eda482dd8f1e11971e54fe86,1
0x4ec4f6f62f766977951733a018395fa8020112aa,1
0x4ede5ce37ce0f792927bcb93863cc2effc39fff5,1
0x4f234ae48179a51e02b0566e885fcc8a1487db02,1
0x4f26685ecf6524d70349e697a50ce8ecefda9c11,1
0x4f494d0f18153cd75429588dc67e0975b67dcf46,1
0x4faeb85b41468ac56640d0f2baf2241a242ee5cf,1
0x504ce3e7a71a4c87506b34fa4848f32d81ba3d8a,1
0x504d1df096b1b19e8d29f08fcc231df6ede9d545,1
0x50ad5d9c4c2d40c31c166e7c791f2bec042e984a,1
0x50b88f3f1ea8948731c6af4c0ebfdef1beccd6fa,1
0x50e4a02362373d9dae47f340c82fa146e1d06158,1
0x50f653a39c9ce64204a82bcab81d2c41d8a22771,1
0x51097fdf7b9ba09e578c4421b99b427097b055a1,1
0x5118e6d7c4653c315a0c013be6a5bd3b5f5d6c3a,1
0x5147c1a9e594041ccdba5d044b6274231dc6ebf5,1
0x514afe6575b5d81cecaa86a6bddf28de2f89ba45,1
0x51661d54e0b6653446c602fd4d973d5205f22dc3,1
0x5167d945bd137eae48fccba8cd999717ea009712,1
0x5170ccf3f96c73aaa1f560912e91049ca77aade6,1
0x51712535d8e3054ef58e2b6f510a8756c86ccd42,1
0x51d9b3b8dd64fe7dd835d3f21e35183841810fc5,1
0x51ec5e1b8b3c4c6bae49619e657f94c4ad577b45,1
0x5200fdc6d083895d7722794d8d002a3f04943a90,1
0x52029325ab640c933e86fea95002c1b9a774a6b5,1
0x522f9800de64f7dc0244471a458116767369a17a,1
0x524b7c9b4ca33ba72445dfd2d6404c81d8d1f2e3,1
0x52524f21eb713231df10792091b7e783c6a30ac4,1
0x5262ecd1843983833b6f5203c835f3053ecb1317,1
0x5278d0fa9c48e7264af23dd0eaf06e75785d7777,1
0x52d232170f00607b555d97b943094b4ba866f0f0,1
0x52f051280e850f32cbfafd8d78c31edec4c3248c,1
0x5322d25a83fedb9055fbdfaf3e485821438871dd,1
0x536d83e66759cceb0d3b5d6b70d61696404ead7d,1
0x539edd96b903c6bfda5a54a28a74a85432309a88,1
0x53b2da71db2e266882a465d9aeeaae3e8beeb9ee,1
0x53dda0a69992b87e51f0f14b1337281f09a2c8da,1
0x5458c15ff220bf75b92a76229fae88f93df9c6c6,1
0x5467aa7f330356e7628a7a16d4bc1c5891081c4e,1
0x546c553b189d5032992e3095df53efeeb027c9de,1
0x5489cd0329ec89e54e849d1c44d90f556bc27c60,1
0x5498f6e2a58b767c3c89431cdb79a8c26adfa14c,1
0x54be3a794282c030b15e43ae2bb182e14c409c5e,1
0x54c375c481f95ba43e2cecd6ef30631f55518f57,1
0x54dcb363205d953d620809cd315640cc36b679e4,1
0x55205fbabda8036697dd087135440dd92df3ec36,1
0x5573f84b3e56ae210add18d898036038470695cf,1
0x55c06d471a6f04b3933947ce0af9211b85f3cf82,1
0x55d4a9e5cde6fbe40991e7570e01899891f6b0d2,1
0x5641519cc28def80d631baa28b949f17a6a22ad1,1
0x56543717d994d09d5862ab9c6f99bce964ae664a,1
0x565465a0e19309ecb839319453e2c83aa0befdf2,1
0x565f34ec537c1e49d7821d713d392027559fe5f6,1
0x567b71b80fe93afe1db3581e6faf5f00fd483885,1
0x5682659c51de85a16f8a27f69339c01e61f9adee,1
0x56879fdf9792ae08e890528815a317ae53bb6ddb,1
0x568b491fb2b4b9440f6d05e7723df0060fdaef1c,1
0x569ff93aec513dac5b818714268c4b1e49abcc40,1
0x56a061f4ef706e1f6dcdbcf7e10e4340c1d99bbd,1
0x56d90629aa29830e361e113e53a979f95afe93c1,1
0x56e507da02d59190a59824308d1f63d40e0278af,1
0x56ee8bd11b5a385d3d533b4c2c6e37de78b2aafb,1
0x57115f7d04c16f3983802b7c5a2d5089a188d76a,1
0x577cb688c7285c88a8770aa67042c94f5d867f2a,1
0x57864aa393ebe7b561179451472fe8607bc0b420,1
0x579759cd7ae72fef8987444027504692b9dc87d6,1
0x57a15518b0ab5309d6459dc32a8acd1e89e4f333,1
0x57a879266c02bd29d11c956156e9a524de4483d7,1
0x57be31b403ed3dcd8033a19d85afbdbb8ce3c3a8,1
0x583b7fa299d2e40c235f34bbb16e7e8fdd6d379f,1
0x58428a7fee1031744fa48f040b551d98b3924e5d,1
0x58452efeabc31eef4f74ae0002fac6cb03c1229e,1
0x58a216fa7cbf9d4f46ce69a4008e628b715651be,1
0x58ac0439d856e25729d24beaef4f50effa00d834,1
0x58d55449e4cc7719970a27bd1be569cd6834483f,1
0x58f606e6a973e57165bb07057a75f047f42455a7,1
0x58f8f8a6c81cec8b2fd3a3999b4ed0a0b2862a6d,1
0x596558fd287175afa7ff695f565f65e38547b0e6,1
0x59689fe7544e73c45c4b6219b1557cd4aee020a0,1
0x59982b331530a6aacf200f1b9cd40cb451609cbf,1
0x5a1848a228391145d5b43e0ed0b52fcc51e2ba75,1
0x5a381564aeda17faf048d0eba3ad7e7015463f78,1
0x5a5617ba16beba3d04ae3c6b1e9d522c1856763c,1
0x5a6c8df7d9acea10512420107765adc4209d3326,1
0x5a84ff45a6400dd3c203317bb1a2ac6ce78c4d9f,1
0x5af981bf8574aa977adecd67e323c1275596086f,1
0x5af9fdc81af83b0c2fae687fb916bcc6cbf13e7a,1
0x5b049c3bef543a181a720dcc6febc9afdab5d377,1
0x5b1c25d61edce8decfc0b03a2c7f0d7917a8032f,1
0x5b96cc343f3f8521748da96584f4a0be07b52b0f,1
0x5be8f739c8ea94d99b44ab0b1421889c8b99b2e1,1
0x5bf6681a73a33a076c5569a4e729f41ae20bd901,1
0x5c3d9b559e5d8f476044d930423a894d30eea5c8,1
0x5c3db84e978a942aec80d4c6404ccda1039741cf,1
0x5c5b6cade3f45fca78aac5a9877f1b73c51300e3,1
0x5c5edb285b7451b2155ec13c5d2eaff2ec6779ca,1
0x5c736d849527bb15fbc0111f4ca13b4cfc1a5c8d,1
0x5c9032bd91b230214f14a94110589fadfc6b657c,1
0x5c9e2a6fec34b510996a8e2a3d1e2c47a382a8b9,1
0x5caa9135d438e512780bd920fbce06a547bebb6e,1
0x5cc1e645f4cfae6c00a4f055c12a3d80fef925aa,1
0x5cccccbd3c8083e3ae3d37df50d1df7f7f944236,1
0x5cfab23d47598464747dfb169828eebde5e68ff5,1
0x5d1622a3389d44acdb31c8c6e3adf349a2f2b879,1
0x5d52310a04cbe56c74c7cd63af6056b9f5a0fa53,1
0x5d643f55b82e89f394c4a688ed6b91eb1d88e931,1
0x5d7a182082c433090596e2ed57d4f88cf6468d81,1
0x5d999a7dcf597169a7f8dfb03c7935da39c163a7,1
0x5dc97f41742524ecb3885ea3cc33439c100acdb3,1
0x5de49d218d11b39b4ad2c3e0687444a5cbc283bd,1
0x5df5078ae2e65f05874e57929ca50e0ac689b378,1
0x5dfa3092be17f441f85a4b3218a7675f0efcf9a3,1
0x5e055693d6fee356abe3ff5960584b839184101e,1
0x5ee1d9f8ef343ed9bfca83b7213c9b384fafc4c7,1
0x5ef082f4897430987db4f182fafdfd7a442b064c,1
0x5f1db8d30744eed120fa29d7045a5d32e34c9724,1
0x5f2ada0a1cfc9dd8996cf4be20b83edc9d88a5cf,1
0x5f2ef2515fec192ac726aa02cfdc2bf823bcf6b8,1
0x5f73b065c8412b43e3db33cad0efc5038040a597,1
0x5f883431d7467e42b1df641ae7b57144b01bbbfa,1
0x5fbd3561c19a53af07db9a376b08e62b75d1ad43,1
0x5fd22779c58f667cde1e9600576529984495604a,1
0x5fea57b6495ef3f3bd38518e03905bee92d40388,1
0x60356707746ea5a24f78cbf6172090fb4ae4d53a,1
0x60a4f65da916f1d23970f460b5ee05ef84e76f55,1
0x60c4ae0ee854a20ea7796a9678090767679b30fc,1
0x60c91962ddd966461f6af39606b40558c48700b0,1
0x60e5299f49cdbc13d152323105af462071b22c87,1
0x61166f389a70d84b0d95c606de3b29344ab00654,1
0x61240103d0ef3bf2b6f34513eaf8cdd96971e8d3,1
0x61b2889889591267229b8d05a7893ebe3822a8a0,1
0x61b4468832a1a78876e5c6f1797b2da9360c73d5,1
0x61b4c75ef32e93d14edff6c1a344ee8d66a35951,1
0x61b50a74376a9cd1dabf20bc922017441f9f8267,1
0x61e193e514de408f57a648a641d9fcd412cded82,1
0x61e8c16a67be3c0d16e8113a688ecfc963e4503e,1
0x61f9dc3a073f06a5c70cd48c7a85ea4203087c9d,1
0x6206d5426af834886d1d424aaec7a1e03478e702,1
0x6215e708a7b61f5ed49642f692f28ba09b807725,1
0x625026d7742977811902eb3559481f9c2e6ed1c7,1
0x6266db517a8d1e2b4c61ecb48cde4d05a5e44990,1
0x626d75920e4ecf153fa8efd61d31dd26d5cbf932,1
0x6298e18c627e6fad358f3e4633fa0fd54a88d015,1
0x62af590649b7abe80f8c6dffbb92e0875b65e37c,1
0x632734882ed0127fbdf2666478df42aa916bdc84,1
0x634ae4b57e6246f0318257743e5255648f9473a6,1
0x638fba3bbbe8828394d2b13f92fba75bf32c8efb,1
0x63a612c0b8dfc559318e39daae6d0c7d09212965,1
0x6456f20453a383004f17b921cd770d187fcd30ef,1
0x646aedb1e877fa189b5aaa6c36009a8970be93ce,1
0x64ac2084601f8cf846f359ffd956adb5a34c6722,1
0x64ed2178bc37031140fa32c74c205fb1428cc245,1
0x6509b2f0b69747590c2d37f019cb5840d82349db,1
0x6510cde6c15a3fdfcfca32a6f3d7f0c12f4e595c,1
0x656e08efe4fb1433781ffdca8411458ffd8575c1,1
0x65806cfaa5fd763d379c92992d4eda2260c39d84,1
0x658e6bb274382615bb0686727fbd33a0ea4d2f13,1
0x6590ceaf9227887c43c6b3eeffab08f326a1aabe,1
0x65f443b15177bba952a419aee1cc219df93564ad,1
0x665654f2d2a151be2d0f8e3697e6ce780f732af2,1
0x667f565a40b7596358ed338331a206d914f6c9d7,1
0x668691a6f759ddb1624bf7f1502cec6cf71900fe,1
0x668df49e79e6a828b27f455297291a8bd2fe0531,1
0x668e961736454a2444adb485340cb7f0844ddd3d,1
0x66a365135c7b94c26fe598142733be1de79d37cc,1
0x66ac38aad1f61e4d50b115879903e1a18ee9b56e,1
0x66b2b05af3a4d1c0f402f14b1ce6340a76ea7568,1
0x66ea2d335291a5afa8d3522eef6adfc3f8746e16,1
0x67cc642f32d724724765dbc40472a3d520b9e02a,1
0x685403a926846d4fd11ab93b75d5fff5a7187190,1
0x6868a6995302c0fa943b250652e08b8c4fac6792,1
0x689a19f57077f682a1d7cc19d9066f1a834721a2,1
0x68b3778679e6c88a19f612dbec9bacc3a4e52d05,1
0x692d1fce318f98865203a256b1024e070295c6f4,1
0x69471066140252f1a7529b71b56cd06b6f390eb2,1
0x69486a12448269156cad5272016ad3144864b45b,1
0x6954ee7ede83ca555663704fe7e2b1528ff2c619,1
0x696f11e949d291743d544eb4447fc3eb4cec4393,1
0x698b7dcb16b624f104b37a2578acaede89f37fc9,1
0x69a21c68deff3a55e7c0a96b3eef504d5da039e6,1
0x69ba1ec4d95e1a5422f5b8a420245f2fa1ed723b,1
0x6a08986aad2967bd659457472fefd9bcbd417316,1
0x6a3d9412a705f5531b029ef4a7b8040e1eb84ad3,1
0x6a45fef70cb2cae8729388ab630d6e8a73252bea,1
0x6b0fb37210fe1cc00b164c8a89dffec3c75cea31,1
0x6b1368d3a890c46ce9b0d6eac4d36f2a432904b8,1
0x6b17e9a9871f354a324b6d141b3a6b2b93b707b8,1
0x6b1d9489208f6693ac85fed38cddd1fcf278b094,1
0x6b4b2cbb69b9ca07328a40e7ffff3870f627c8fc,1
0x6b912a4a8d185e3e6f50c75c9597fb6741f75be7,1
0x6b92686c40747c85809a6772d0eda8e22a77c60c,1
0x6ba228524d45c772d7643bb60c6bed2cd3dcf053,1
0x6bad7a9cc04871d133291d418b28e35569ad56f4,1
0x6bb59e15545dc9ab0949410cb3d8402ced7fef98,1
0x6bdead6b984d74baee2da16bef7f58319e659398,1
0x6be5a5027ebb00c1580627e2e664aed4f0f00a76,1
0x6c1aa1ebfc2d028b609c6c6b3153e8c94333a3aa,1
0x6c24b6319e22965d4361086063dfb8392a06c0e9,1
0x6c40798acaec7502c3d276cfb4e79423571a5b0a,1
0x6c83b447b009ef76812420b936122cdbe74d3d59,1
0x6ca2c4ba3af305b9e68913a5b09b7b40d1f78870,1
0x6cb9275b70a362d8fe5d445268e92186d61ac8bb,1
0x6cd6604bef8786ba11d5b04777916d3ddfa313fd,1
0x6ce4235c42e803eaf8e25ebfb6a6c3b35caa8192,1
0x6ce9faa7d77291eb6495541be1e8adf28f9f04c1,1
0x6d0ae96edea9de068bc0f20250a8b5526f56a077,1
0x6d0c7c6c4ed61a3c599e9b8a37aa38aeb78cb259,1
0x6dc43be93a8b5fd37dc16f24872babc6da5e5e3e,1
0x6dcb2a373398b17ef9b052d547a3785a9ac6985e,1
0x6df000635d86613626c5208d7c9d71b84e091220,1
0x6e1510ed41ba743344e9ba80646194351cca0c7f,1
0x6e15fed85e0f5918a4a8d087f25eb0c3b706e524,1
0x6e1ac9b3f4499a73385dd8d2daed6449406d49f4,1
0x6e7cacc6f2b49dfb980663bf2bb014046ac45320,1
0x6e977c8155d914e7aa99331169939978a4d1b102,1
0x6ebe7f9cda8619ab2c508ba6c8f6675836185e0c,1
0x6ec04c89f16804a17cc260866e8f7087cdeac433,1
0x6ecb6038d923606b3540c4c6ac267c73ab7fa3c5,1
0x6f23f365330cb3a8cea066d00e672fdcb8357b9c,1
0x6f6d59ba19821dc81193a926199278275fcf84cb,1
0x6f6d76c184b459673b79ec4dea24d3a4763b6e2b,1
0x6fff2f340ca2be3df8dbba5575c9029408455bdd,1
0x7006fac41dbd5c8f026927a76252b37ee1de1225,1
0x7026f77c6940f1280fdaf606a8a87a9c8ced1eea,1
0x702782ec4d986dd1d821d71452cd6d10ea5e0ea0,1
0x7051beebdc1fe5a678a8504370a15f9491b30688,1
0x70ea6798510298b2eb333ebe3fd63f5959149444,1
0x70ed6061b74da6a290bc59f53987206a5dd93fb9,1
0x70f1ec364c0f006399c26bf73037e39a7443ea63,1
0x70f4a2ce11a2524b6686963a5de86e336ee56ebb,1
0x7186d0ebafb8103f87cc500649389abdd4e756e7,1
0x71f631b8efe9959f46bcc5b409d74c52a3b67935,1
0x720325f6e2a7d1ded0ba8de8c77a60fca4d292cd,1
0x722e2e4c15be1fdded3c86f4100bc32b181827f5,1
0x7239eebf5f37aad21ca7cb20c882290328c7a8c6,1
0x724107da1a5881c16c8d51be5670092c323534a3,1
0x729fa41c7413def56234fa29a72991b49b9a542e,1
0x72a80114df86c9e16eb6e4f64f27a4c5c06e8759,1
0x72f52de160ece454a2d75a410f85f4978045882d,1
0x7304689aac83c3b236332b0c233878f1819ca89d,1
0x730a2f3421b2967ce8e9ae1f839839944626812c,1
0x7320dfa95fadd9bbc20bf8eca42587c44176e9a7,1
0x7330a6958973739ac030b7e3ed9afbbabbd00de3,1
0x73db79faa288b10aa850931d2794ac58ffdf5ba7,1
0x740c37bb711d6372ce7de36b2c20a8a6f906b474,1
0x7466abc14c0231d22ccca80ce2756bed7c73da67,1
0x7485ac6d8534691993348d51ab0f131a19fff763,1
0x7490aebe717b512c1d465253909fc8262f75b047,1
0x74c0aee5d5ed76d9db8cee696978968fdfa5b1b0,1
0x7537f404ae396bdbdf0e9d79f81940be55577466,1
0x7561e8cbc40c94430f15589ea2dc2ce823c0a963,1
0x75b6950693602ea29252b6534acecaeb9a758f22,1
0x75c84c7b446cebbb3830e3d64a042599b884c83a,1
0x75d41cdb138c4125f89bef198fd3d865c5e42808,1
0x75d7d7972a62b00ff7ef071741c929f59d185ee6,1
0x7619ee03a91ea6b931d9e4e8408451b93115364e,1
0x764abe778aa96cd04972444a8e1db83df13f7e66,1
0x764da1f1d34f4bfb1bd3b8550870bd034b2b3651,1
0x768057610a07396e05046af01e7c9b912e4a81f3,1
0x768f9b057b70d50ed439220a6ba5f3065b041609,1
0x76b588e62f9ce0496861711832567f129959eb19,1
0x76cb3279d4974256a79d3a448794a2f99838ab9f,1
0x76db02500f7631d57bc2dcdca9d4cf782b99e119,1
0x76f499ad599ab376471a62768f1f30a764f2e038,1
0x7738e4dd4fc3b6c95b8925f078363924c0f0b428,1
0x7775658fd5c56dc148ad359c21b49859a769e52d,1
0x77777777174870c5067e39dff228d2db44f52b6a,1
0x777c87cacd482f5f5667859bc0a83acc7c931151,1
0x7829c4655970fa0114ef8cdd857467e894bef334,1
0x7855227676cce7592e4024056ba2073998f1ead2,1
0x7862e990963405616afd1e08cd369433a87adb3a,1
0x78887448976b93443125cd9ec40a9485684c759b,1
0x78a9e315c6d6fe8ea0ee1cc40ead04477f02bed1,1
0x78d9f7747bfb3b06e10e2fa7a99c0209955eda1b,1
0x78f0269f5b1ca914c8c58993f41181f89e212b27,1
0x7937e14b74fcc147d0c27b5736fe65a83e40c85a,1
0x79473b5482ba8de8de5c1e2ad08113e1ec528951,1
0x797a47774c061c45ee94232217bfceae6ac937c8,1
0x79ee25d629511864008077c28682adb2d003383d,1
0x7a000e0fb9f25c03096baa26577141b84ed01da4,1
0x7a01750c2173a6627e622695a97b6bcf5ef1b5a7,1
0x7a3c82c6b4ad6ee11ecf7f395431ed1135d6e46f,1
0x7a54f66a497ea100433cc68fa739e9a16e3ec8bb,1
0x7a7427e8f54b09b41e1b269de54fb8cef6801f62,1
0x7a836cf433065fe774464abd73b5914297faa0c3,1
0x7a96945926435a144ef3015ebd65cbc6102c19e6,1
0x7b1c6f103c0851173f1c343a7e34d2fd1d5bae7b,1
0x7b220358c3ec9ec03b08120dccec56f16fbf33a4,1
0x7b45836d84d9283cbabe63864e953089ff5ea182,1
0x7b640407513bc16167ef3450fd6339803982e976,1
0x7b6de6d09050e49e072584e54f0a648864cc5d25,1
0x7b768c81353cd5ff73b74e72dc7409cf789436a3,1
0x7bb3fad216678a47caeed210123fc9e9e263030e,1
0x7bb718b04e23b7648f146bd5995aec7e70bddb55,1
0x7bcc273233af9ee695b101bdfdd01e003f97e0bb,1
0x7c00c9f0e7aed440c0c730a9bd9ee4f49de20d5c,1
0x7c0c0b80528b8deaf0a5624c42f58d7fa0ea52d9,1
0x7c0cbf95bcfd15291d991c06d4bdb6912eded9ca,1
0x7caa4ff0239ad4fef3dc7c628d7dd749d2e4d453,1
0x7caa9f43822e288782e3e8797c8a16774c689b3d,1
0x7cbfc34a25ec7efe239f779e664875aad696ace8,1
0x7cd9ff84abf2b23e825154aca2a62fafe185bd5e,1
0x7d340cc21c26b843f3f0670b4964e32cd1c4d7ba,1
0x7d462af7fb6aa7b5b91fd5ca5bdabb7fd6124b26,1
0x7d4d3e72d540474e24bfdd19644e8df14581664f,1
0x7d5300e22db1b2850da1beed10a894893731c1a7,1
0x7d5b6c5a0db997e704b72e5acb33a45b50138a39,1
0x7d697d9cb8b054e229eab5bd8f8c2167b4ab9f2f,1
0x7d87e23d7777d4829845f03f31721e10775799fd,1
0x7d9feef5e79982be9dd6742162b45dabefde1428,1
0x7dcb39fe010a205f16ee3249f04b24d74c4f44f1,1
0x7dccc79361b0227a85c2ff788ca240d31f2a78d0,1
0x7ddae9afcdf981729b18ad3ac0fcef50d9662c24,1
0x7df8936a09c25e03a995d5c4ac1fe79be422745a,1
0x7e8fcd1046ae351af66c12b75b051fe550afe71e,1
0x7f7c864dac139b5a36550481180b834ef283e056,1
0x7f873ec58d567e78a2c1dca322cbdb6d490ccb7d,1
0x7f8b215572f16f982c626f044cde114152dd0e6a,1
0x7fb65f3e5420eebf7b84111f1d8b49992c4a61d1,1
0x7fdba82ec2360d4e566175943cdefd8443a77143,1
0x8028bfbbb68ac004e0704161cd080409a8cf2950,1
0x8047672c2df5a47c98c139e8fb7b403a13802956,1
0x808421753a181e96812796b7ab43d3f356cc5a77,1
0x808c920e0c661ab1d9c0e38215788d764b9bacb2,1
0x80a9984edbe6abdec72057add04d14b45c8781aa,1
0x80ce7206da1ed2804d645a91705212ed742f285d,1
0x80d145e566d98459d0d1934026bf91dfaa094ecc,1
0x81615b97fb2fd262e2fa34fd50f1a1191bb01455,1
0x81845ec7df4fa5776998053457b8c4fb1e60cf84,1
0x818859ff6240c09b5ef9cb1f60f6f8555f6bb49c,1
0x81a669f6e4f11d5a34ebaf1d85b38daa63cf3ef4,1
0x81bab6ea2b3b6f2cb249767f7ca253fc5cf0318f,1
0x81d0b349529339c553484f324f0b7dc8aaaf3ecf,1
0x81d4f31946c4ea0cbfde9664170a100a866c316f,1
0x822f229bf739d7489b1c2dfac25e627a68ede599,1
0x82410609593d876761681580cf304c794bd58d09,1
0x824ae3bfe2771151db8c7b7defb96a9f67695ade,1
0x826a37fd4390a3369ee4b51ae23f03a4d6551e29,1
0x82c09bfb5f206920539112194567973b25db4821,1
0x835fae1cdcf149d0c6b73b04ca82e9376e924a0c,1
0x8379ac05ef71f982d497f392dc1a14ee859efd95,1
0x8386262bc928b5c7a0d19496c4921adffada05f2,1
0x8396a631492c60696ba4119c54e0fa616b2ffbb2,1
0x83baef95f31e72010310d48777f86c6aaf5fb931,1
0x83bda4c6d6238ff9d6bb955344e6849ac1ff21a4,1
0x843e5a575fa950056a890861df920f7f8ebfd4e7,1
0x845f97e61d7e868b49cf3b980557de0860b11a79,1
0x848889067b71a8958849862fa7be9632c524b129,1
0x84df1fb4801e72cf6958a994dc0b690f9e7cb23b,1
0x84faf1f993d2261a6a6dc53047719a5815719877,1
0x85172b5dd7921f187914509acd83d4bf1c5b14b8,1
0x85187ddcc767f84bc40338c673de07ba6183dd18,1
0x855ab77e437a45d814b7b8bb8b8be38334fcdc4b,1
0x85654d98c5bcdaa28ca6012a338b44f60d08561c,1
0x85c4a9895fbb640a7a9bdd9fce9f00eb634520ea,1
0x86125855ea134f1da31015663fd3c19a657a8d16,1
0x86286d93d79a9e5b78de97cbbc8dcaba0f2489fc,1
0x862eb245e19172dc3da2e16248ade9deba757004,1
0x867db38c83f4287a71ffd0cdfba6ffae93150ff7,1
0x869c9fe2eeb90de5da26e115c3e3dadb7c461f5f,1
0x869ce3c7415f06db4ff6d599d629c1a9c7c8a820,1
0x86deaa62535d64670c2afa1dbe3eb3cc5f418e9f,1
0x872dfa67e260fedcaf5c4b410d47b587b5a71e82,1
0x8753982d800bbbf1faf478ef84c3e96f2775d3b9,1
0x8772481791d3b8650ad0299f1a566085f1bc6f1a,1
0x877d45306e8c7506e9a20c9b7a79bdda97c4e7fe,1
0x8788a09c09fe22fae8edea716fe770563d2da37f,1
0x87b2dc356091c794490cbbf661384c7e6343ea61,1
0x87c6fd1979abb85c430d89fa97cd731b440687b2,1
0x8808528b90944d93fd2b5c79fac546259eaf7d1b,1
0x8811a003b0a2b311cba5da4626a8143fae7a5a28,1
0x883ce32e186c69559e94c8ba276bfc4322fc194a,1
0x8854ad314fdbcc275eb0d5f4fd6dd86ab7981cce,1
0x888801e8331d0d6098d53a5571e9444ec351d888,1
0x8888888888e9997e64793849389a8faf5e8e547c,1
0x88ac177f947a71975266a90dc995c5634557b24d,1
0x88bd0324fc0b474b3c5860669492a1b75ecb565b,1
0x88ceca090d7d810f0d3bde0cdfb1cf1f2301bc17,1
0x88d95780c75db73bd6d527be913dd6b3cb1a201b,1
0x88f038389cbe95a917042bdb0f3afc434c680edc,1
0x88f09bdc8e99272588242a808052eb32702f88d0,1
0x89119dac068cfc98bf2ffb7d15948e0901d997dc,1
0x892eaf46a9c1cb75c3f230420dcbee6320c26932,1
0x897e842a5f50978f5cd337fe41e6e37099239be9,1
0x89a4ae46cc3c08d5c04174a9b1542004a93fae8e,1
0x89bb71d271e19b3309f817b48be7a4c46435079e,1
0x89e5d091b22892a510700f56438ca23e424a4260,1
0x89fad20f29de44b28c66abcd47113227e8308479,1
0x8a0a569b2937ecc360a686386e34df83cd2348a3,1
0x8a29de9f06083b85571ee3eadf65f1b5c8bb1df3,1
0x8a3c11e2d92b21f17ed3dd0f86207c1b0ed7671d,1
0x8a5bed2ba1994ab1ea48d825ba6d0275bfc7ca78,1
0x8a738c9224c6c4a35f6224a40d83dcf1aa1aa52c,1
0x8aa551d28e00ab93aa7e58c6474e5df8f34d65ac,1
0x8abe2749b67ad7debb7442c46ea4a0e003d4852a,1
0x8b095365e9831412147b5dc07e644dcf87325106,1
0x8b0996bd9573299908b7114ff55b1fa96ad86423,1
0x8b17e8b3f8315e73986f0c8370cea4f3a974a532,1
0x8b338b8380755d416d892a0d7793bef75f6105ea,1
0x8b3477ca7445ec524dd534fa4a596c993e93675a,1
0x8b3b6309f228177c2ae5f61a8cf6e1af84aefa66,1
0x8b6a3e1f151fbd8a45539e0942918e63d35c6cf4,1
0x8b89d26a2e79f34639dbe36617db8bf14d0d2b38,1
0x8baf972eef3effd5959b9d8e27e2289dcabde3c3,1
0x8c005e7e9d802dfb1e48074af7d5797303076ce3,1
0x8c01de512c9fb73c0e9fccdc1ae4d2644db65030,1
0x8c48b40dba656187896147089545439e4ff4a01c,1
0x8c6bca11091c00cf68e3aa1aad1538a66bc7e565,1
0x8cd40fe6b8c6e663096668cb6fe47687593f7d99,1
0x8d12c02671848b17c18322027a2578ea7afbb702,1
0x8d900c8aca5b3846c9ad2cbf916f20babd95f406,1
0x8d9197335361537fb0cf95d256a9a0aebe6030c7,1
0x8da03feb7174b4b2a6b323f3dc40d97f3421cd07,1
0x8da92990720d08c64f8528f0e0b45d2362a18baa,1
0x8df41db2282b455e9768a927ff22f2c65ad5c55d,1
0x8dfcf8c25dc71279e16bb5f19a0607b60f98cde6,1
0x8e2a6185d7c37aaab6375f9737ba0a764cde36e0,1
0x8e5f71dc1d9b1dd976137d61fadd5a4318a8ea39,1
0x8e611b4f46a353aae8fa55af10b5cec24f5f1db8,1
0x8e82a5b8f8f0b86ead15a4e56dfdcf2418ffe647,1
0x8e9be9e56975feb2af4ab5c609343472ebb80bc8,1
0x8eac39817aa7a1072c6e81859aff383f534a4105,1
0x8eba867e62ca60a885c72444e0676641dd0b942f,1
0x8edbc8e6fdd1288f835f60c163da1554f79d0a56,1
0x8ef33d3c463dbc5f2791e8f82bb73474652901d7,1
0x8f3081f152055a51da9ebe47316d6ab559d6a77e,1
0x8f3a658a9736530e89c242ef572d7198cfd540ea,1
0x8f3d381a2df65b5b35496be5ca9e48ba4ffad34c,1
0x8f54249ae4c8a73e92d44459e026c9197670f3fd,1
0x8f56edd3f43d85e24238e6b209f5cbf743fb6475,1
0x8f77e5212ad133ac1ba5f63816719202234fcfcc,1
0x8f95801d603842c5c60f74d01f76257dc8d2b446,1
0x8fe8cd04ad2cffe0d09cc45386659ccf4dcfee48,1
0x9052e1b507c2b00ad3acdab4e47eb2dcb98dd59f,1
0x90a076425f93346c02260c8159e1fc74044e27a3,1
0x90a38dd336e281462b7e01bb6b63d85be22f6a6b,1
0x90dbda766db1337f93dca6ddaba7f4405ea57718,1
0x90dc1cd8da9858a8bee4436cc9761c3c24ae77df,1
0x91006ced6152bcad20decc9f4c1158f47c512331,1
0x91198e5b88051d7d61ae43f322641e6674697af7,1
0x911e63cc9d7fbf4ce3f793bae9c3d75702b0fecc,1
0x912a0422dbdbc1022df26ae78f11de51ae989d75,1
0x917aa1fe4ee8154ce8c4eeb8f4768ba615245799,1
0x91aca13b42ac160c9e79a3cdcbb42cf68c1f15b4,1
0x91b26fffffb325e13f1ef592b0933696098044af,1
0x920722ab0afb4b3e65329edab2efbe6fcba1b15b,1
0x922d1874a9984cca520a6c078f9856a158442f57,1
0x9274f2f89fbe5dc00c21c628e46a18c7187c14d7,1
0x927c34ba85e813c4d26cdafde939370087c373f6,1
0x92a7bd65c8b2a9c9d98be8eaa92de46d1fbdefaf,1
0x92ba8c06142ce9f805a35898190cc53b3a809ab7,1
0x92bdacf2a74f437feb842e75d4117f5f829e53bf,1
0x92c095a206e0e5bef4831b3f36b5f51cfb3a90a0,1
0x92cfc1c067ec6259b9019ce897d9035a01b1b750,1
0x92e1327d2153d06f89b07b453820c0d825186bfb,1
0x93091fd134f939cf81e0588c4442a5e162985e1f,1
0x9337a9c93a43b4aea78ee9dfafe93e5118c79451,1
0x933a8e83f025a069938a520bd1547d3f2f3a8795,1
0x93549cf8047b3e305fb10df7110da213e9429f9c,1
0x938a0af4b86057489bc651dd02c080890d8ed5e5,1
0x938e202f15af8c8a782588262c3ed0565a7f9411,1
0x93a635440f2d8e303177f033b56408ca03e746c5,1
0x93b8d71f1c3370aff82bfaa1b022fd36975f45b8,1
0x93c730265d9b4e5f3216e799ad1619928be5423c,1
0x93d8d7cdff64d4a31ea2554a3735e58fd69f052f,1
0x94008f656186c115a9e7d4eddae1e79088421360,1
0x94022df1d740bb94342f2ae82817eff3352bfcba,1
0x94042981fbe827237acf0d49bbb51fa8c1c56aa1,1
0x94336be72729c375132b268f582ce6f7a70ef4df,1
0x9445046c9b69afcbc8979e609c6dce33b4dc2f0e,1
0x944f72d4bbfb493090c8d17ef19bfe49ff26bdf0,1
0x946e2dd8d7fd6126b864428459e62d6e8f910051,1
0x94a5705a0f0927099638fb068c6e3ad77501d837,1
0x94de7e2c73529ebf3206aa3459e699fbcdfcd49b,1
0x94ede2010554cca011c8bf52dca82dbcf2f8f2ee,1
0x94fe8cc0c077fcf55bc4cfa7c45b547ca3638f1f,1
0x95722d15041f50fe9135962cc87042b4d6dab382,1
0x958914bc3fc61629dcc5c11ce9d2e1dc254f3e57,1
0x9613a1f63bb8c3cfe6eb36cfd7b731e5fd07d322,1
0x963a3ab2248e8a70869e1c8eedbdadd67b006518,1
0x9649e370ee6facc62e1849eab6f4be7a2b5f4a13,1
0x96ada25518aaac06c412143a57cca5c5af17ec0d,1
0x96bbb339d42cf476e1e20d637bc382ee3e65be45,1
0x96ceed8be02c2f346c8fef7d830a24b5ee2a435a,1
0x96de627be6262ad2e19553824aad1af6ba1ebe9b,1
0x96e8682a8a418e5d610090285bf9d6732ba3245a,1
0x96fd61202a698ee3eac21e247a6b209ea5ffeb91,1
0x96fe88a887f91aca95b7bdfd0b7bc045f79beead,1
0x970324b1ea88c20a2f7e6c557409cd91222409b6,1
0x9746f004a75b79f518271e94170bcb13a2c2a559,1
0x9798ac85850fe198fb3733b088735dcac5fd6ce8,1
0x97a4196f5b9c25cf32cc85545109718e2567b122,1
0x97cadc16ccae6c31727327029a4fc1d153d8fb24,1
0x982d3c5223f6b5794fccb3208eb164d042cf2526,1
0x988070d1060fd2c826ccbc9b1446296a96fa75ad,1
0x989cd4a3a88c86300726edb5d5516a517ed47599,1
0x98bd03c7202cae140810febce681563b17bf91fe,1
0x98c55d87f5bc731d5e241e16490f021a39213c00,1
0x98d7bc088fc1e7a2f9b3536fcfbca405f902467e,1
0x98dc82470cd96449eff7a21837644e8a0b83f40e,1
0x98e639b648144a51b3b8bd88810f272d79b8695f,1
0x98e9de3364f73824b06fc6531c42b85e67a4a98c,1
0x98f1bda2d45ffaca73fcf2154e9e007871e14934,1
0x990e072209125288b18f1d5fd1db470597dc87fb,1
0x992077b523edf4ee9850224a7fb9f4499d073e1a,1
0x9928bb679a7159421dcb634ab155b98a53dff4bb,1
0x9969db4034a136650cdb07955cdf5635499a4012,1
0x99768daa30519851f224d0e4e47546bd1733c219,1
0x99980dd0184773ea492c23033e1309609a7e75fe,1
0x9a442c2920b70ec87414319ac93d525b2f7719d5,1
0x9abefc6735a44c866eea45aa5bac508fdc36cf47,1
0x9acb83a514399c9f5201f55ddab61481d0430943,1
0x9af0faeb95cba35237fcb51046449c97596afae6,1
0x9b220307d270fa9cbac7d6a41758274704aec977,1
0x9b5f50146a361f82b1fedf63c5d04d4918a730c3,1
0x9baf2d175fc6d5c7f1490069c2db6cb2d9525363,1
0x9bc2879384ec9543718c93bdc769050286f91281,1
0x9bed6e8a49d415adfeae4ba4d0ef2994049454f1,1
0x9c66af993ef78b57cbabbe0847b77928dab308dc,1
0x9c6b08515b6414ea390f9c3c3d72b14146618e09,1
0x9c844663e064b946d7bccbbd3c16aa6d16241ae9,1
0x9ca69c07e04315a8b0dc95156bb038609564a0aa,1
0x9d45c8492f94687ec1317ee81e2b8647af5a1759,1
0x9d45e039eed486b7ee52df94450eee9c1dedf315,1
0x9d9103b2951450fad4884c0f19a18e5f9cd4171c,1
0x9d95d36f15c3cd3028d53a58ab6c60a1a7815179,1
0x9da490d0c717eac259fc4a9d3d7ffccbd348fda3,1
0x9db32b92a3026544c8d5ec2222700bb0a4d5a901,1
0x9e1fcd7cc0fa12e74212488fc5cad56850e20542,1
0x9e811feb2c58030a9f7c48eeadef4e56ce45810f,1
0x9e8b401a1173539a92e640629c0e004a9803dfb1,1
0x9ec11f051e8cf2b3a4ae9c8d93e8729cc3b966b4,1
0x9ec73d0003b49cc7a889f4ebbd38e192ee3a4620,1
0x9ed96691c75bfd0f738838ad3516071b33bec557,1
0x9edd54a2ebfa3c78ca1adc104a1d3b8b6a6a1370,1
0x9ee370a169196b497e50498cd4ffcbff190d0f9f,1
0x9ee9a7e08e78d6a9cd9f47ef72592791c0a5d174,1
0x9eea866c15ad425aef0e1a0179843a8f98341436,1
0x9f3456016d3d5d7066a8b7d2138515d733553cb2,1
0x9f4c8e21a79ba14de15300c48d0f42e87e45ff08,1
0x9f8cfc509cd62841d8665f6e14a29d14392b3ca3,1
0x9fce6fcdf1f17821deb1a7e078c3c7941ec465f4,1
0x9fdaf0bd765561fbd609ea28ea67a39054cb28bb,1
0xa0312ca5418a7e7a3e7caaf7cd0a333fb77be0fb,1
0xa033962385ca19c7a7109fafee356daa7a9291d3,1
0xa03d04ff89308adf54badf18b46fee9980093524,1
0xa0c1bca2da31d84180114965d2f80e37b63030ec,1
0xa0df120104cc8796af1377b931b30279b2a01ae8,1
0xa1114eaa6d983390c49e9e29235c75f516674643,1
0xa14213bb6f4e324d5cea5606f1b5a4af12d9009d,1
0xa14964479ebf9cd336011ad80652b08cd83dfe3a,1
0xa16ab54e2a9d2772a476e966e2904e4af3067c7f,1
0xa18aa7d05f50b3c013c3de9ae63217a78e40859f,1
0xa1e9ef2d3e5f9e4ac4b0cfe912e07cb6bedeab6f,1
0xa20416801ac2eacf2372e825b4a90ef52490c2bb,1
0xa21e8556a8d69a8168818f16d9495f0c0efdd987,1
0xa222204acf1be4077d34102fab38a759060b77c2,1
0xa225158ea124f311cd0d50cfeaf3407b9412b077,1
0xa26e13cfc426d42480bec7874e27cd1e1089e32d,1
0xa28e586e24e6d78d05e822188ddc118ac2fb034b,1
0xa29f7d70c623e8cef9989d7b063212fdeb3047f8,1
0xa2b1692289b1891f6bebfac54a3ff1192b7e9e0c,1
0xa2b55ffb7ada20a70a1e6e79073f2f4d6623d72c,1
0xa2d1ebf3b7d49cbc5b171f4466b7a90f75bd597d,1
0xa2d51b5832d7f5972e82ad985c408134d3473817,1
0xa31c35b347aac1b4110841da7179ca55e8029918,1
0xa323a54987ce8f51a648af2826beb49c368b8bc6,1
0xa342e537bea996a2c96864c31dd9b3d9e40eb2fb,1
0xa352bc969fef8b6938d74b388062f2220ae437c9,1
0xa363c861be084d6684476c279c84673a4e253474,1
0xa3c523365e5604ad806c1c599c90aa9ebf7a3277,1
0xa3cc58eaa3800dc163726e031a2da49a9bb64eb3,1
0xa40c49ade6c72324821dc073a968bdc114bcb0d9,1
0xa452af567bf7dbba6f60452fab1e8fdbd4caaf5b,1
0xa4766aa40e3f8c0e5f4d95be05a222a574f98f10,1
0xa47d2e68b8964a4c139dc552509ed06c926d5f88,1
0xa47f5dc0ec3c1711c26197043018bb03ed40b51c,1
0xa495e370e5987babb57580319c2ecb8e52a1239b,1
0xa4b8decbe1a2d8600dc5346c7e3be5163a7d984a,1
0xa590dc6ad3d5f6c3ce4de04ad3575788085ce56e,1
0xa5ab762aee588cb38d00ff162bba990451de71f3,1
0xa5f09c6f40aa9b8f7ad70d64c42e20df1ad1f0f4,1
0xa5fc9436df21125e88a2f73089bd17dbafe46e74,1
0xa5ff2bbc712fc114c29f3900ebb81b7713fe131f,1
0xa60f18b7653d363f12a263de60c4d03e12159d15,1
0xa62c919b2b8cb9f2297f3ec7ee13265faeff304c,1
0xa649af880ff7b21f79d0893a6849cfa2b264ad82,1
0xa66a1574769a28f9a450313c9dd3a209c89ef1c9,1
0xa698cade532bf7491f0f887284f8e10e2de97198,1
0xa69f1ccf023007165dbf15b6ce96a6ce043e10a2,1
0xa6c579879252d8abb6e9150e4aa0196ba81c7b27,1
0xa6dd6053688e8d89aa923abac0e4b3a54fb262b1,1
0xa6e2ba249678003918204b6730ec39976ec1d965,1
0xa6e50c3d38b21a606f919d3eca0b6e9271704fce,1
0xa749aede014231311b1d7272ad64909721f085a6,1
0xa75dc095ed4ad69b088c3eb8ba2f93f1aa942b6f,1
0xa78b54a5486ce07838c1511c5ad5f72df2ac833a,1
0xa79e8dfdb24fca84c23346f89c87d7a8b82f7359,1
0xa7ad4296d9f41434d1982a4c4cd98df88121858f,1
0xa7e40b2aa3496ad3447217d9aff26514a7bc829e,1
0xa7e41ebd77d94b5dcc5e95b66b694f575dffd3c8,1
0xa810ee0b25765421f1772428e6a5c5357cf55183,1
0xa8207370cd7c6b87aa427459ec439486f3dfc8f0,1
0xa83fa9c834bb5abe25f9c56eb5845b3203df94f2,1
0xa883b60c5ead0efd604b41a7c0509c3c6b81739e,1
0xa8879c580a54f190ed53b43d30de269097ad7543,1
0xa90ed8870669e53c8fefba6c8a1150f799793e20,1
0xa9237c4eeebc879208e59c867cb6d7cbffc1df30,1
0xa954b7233974944a681957de8385b46b855ffd41,1
0xa9bf4a4959893641031b206765e592ecd7a23aff,1
0xa9d2028fa0825134d1155bf41f17c04dc8d182ff,1
0xa9e3eddf2616b3d2b142f439575a7811e54223e9,1
0xaa0445568a566fcd905b49ed6d91a47edd15519c,1
0xaa1de591879f7061676f4831c2e9d89651f7f6c1,1
0xaa2cfa73b429d1189a8d72d0d9a7b1557590eef4,1
0xaa95257bebda7f2f46284d8ffb8b69d00e4abc53,1
0xaaedd94c92e7079e22786e5931235622b68520b4,1
0xab5f32d395b515d132d5a1f1e3337f4f679d13be,1
0xab7244011d76fe5e94a3ebab59715272f0150a7d,1
0xab7473da0af4658ae2879cb641d82e7652721486,1
0xabb20917a30d3330839e20432fb6c656390b8a52,1
0xabcabea6ee52dd5a53a3a80bf94215ffc42ec77e,1
0xabd5a552615b981575c579f1b10c2aa686e3ce51,1
0xac01ad9a3e3c3448a5a0e6fc798def034a01a67c,1
0xac0d5877c4ef92bdd2bfc1e0ec9d5333085b4654,1
0xac104d56e4f8e0462f8c001ec7dde4c68deb596f,1
0xac2d7e0ed8cccecc3ba6a6280ee8848bd3c93ad4,1
0xac4dcebd7a69144a9593f3459bfcbc2db4ebf09d,1
0xac88715cdfd26f3aaadd0e17ce2011728f1c5748,1
0xacd1e1c0c86270019db017708e8936f54d78ca3e,1
0xacd2a5145014bc96a0bad0dc0a087873dbea7969,1
0xad2d6387a191586ae552756ba3506747ee877fbb,1
0xad4002c4d4a34675a1887bd36e11a8372577a2f6,1
0xad43d2aea785e775bd38b5bbf4c5808572758373,1
0xad5bd06f5fb4633888ac7506ec0c87eb99998653,1
0xae1788699d4c34808d1d56479c618f2c024a5b52,1
0xae235cca56d4c715303ce00fd3ba124deb28ffa7,1
0xae2c29ae99da10b81ae3350603a12052952f16ce,1
0xae805b9eaa5a04f307b439484ed881e75d36ac73,1
0xaea3e4bd4a5250ec413e31b95126f3f997493a8b,1
0xaecd7d2826354e5d197ad4b80acaca5f3cc88823,1
0xaee4c04c8ab29fbc397ea89dff2a81558e5772cf,1
0xaef48e7fb14048cc2438745165b6f72157d89cac,1
0xaf803180a4e75eae08697b36fa0bbce292fd3949,1
0xaf8fa5568931769e99ba860e78baee7f9522e76c,1
0xaf9a1e6a9b79fc77eafa40396e8a15d4d92867ca,1
0xafb1026a04a0988f76145776141e67f205adf689,1
0xafeda1c2e9f4d5c375591489a5238f6ebf3f0b51,1
0xb01ec69454206dea9832eb6868733e406c91ba05,1
0xb057e81a8a3d4dc12294c22eb1cdb574dce96bfb,1
0xb05dec2370a17478e726452bbfcd093f64f5b900,1
0xb066a5b94c4d1c7c06610d1628375e5e4b265de5,1
0xb07c70eccb3373e9108a436cc1028d2ec6312ebf,1
0xb0824a58f3d26b6df4a037fc85b548f2a6eec096,1
0xb09316b71c0ae83f1306c5a8dc67f32450e0adf9,1
0xb0ec14d96216c2ed030eff4841a641170468a971,1
0xb100f7df956cfabf3b81887efce032b617a06850,1
0xb14c35b69ca390c359b75a6cd51b30429d8024e0,1
0xb1b7c542196d532dcde45fbabf1aaaedab620357,1
0xb1c1997d94039adb2b62e3bdbdb77edae7365ec0,1
0xb1e9f7d2c285ca1446355f267c021f5bf0155749,1
0xb1f7d890b786e73a01ad4cce1693f1db3d3c9a99,1
0xb2682c854a589f4a034f67bdfb60dd8de6026adc,1
0xb27ef7117aa0b6aa34e051221a1932de261426c1,1
0xb29548cf5ab742069387c1f4599cdca5e0273e79,1
0xb29b1936c11b77cec6061a9daf765ee2666c8f77,1
0xb2b559ac997331e2228bb17f2eb73f12f5f9668f,1
0xb2d0b3ed71d3221319bec07db8370b341594cfe8,1
0xb31ef912c68b1f52b693d7e23dfa4a7f22f209be,1
0xb320c1724b25edaf4a0f23471da5c31147e873cf,1
0xb33fb83c645ac2a12b138636fe59604312092484,1
0xb39767c3bcca52417d183f54f06737bd6ed207d0,1
0xb3bf133950d87f84508fc64735ed40a4f2797aa6,1
0xb3c2cce69df693ce8a3c220d6ff33cb4ee358714,1
0xb44c873fedf6606757a3b76f56604806ed620d49,1
0xb47368845da07a6590e02157a0c7a4f3682dc646,1
0xb48abc0d58d2d0dfbfbd60bd87c4b3fceaed0350,1
0xb4cb9505397a55870234b11b622f0fe7cba064ce,1
0xb4d502361a3c6f823eeb9a99af09e110382206ee,1
0xb50495766a322b105aa8025dc07cc75d9403bb5b,1
0xb509189877c46f92cb784d59e1fb6dfc03cd7ede,1
0xb524ac0d100f6d35a82ab5a1c78ce2edf5bedc39,1
0xb5363508582a631413b8b9c99f836f4b673988a1,1
0xb53ee69b92ad6d12e6f3b1f849ad3e706e31a263,1
0xb5c626461b1c53fb3b0956c39e2a0c3d04e7d16f,1
0xb5ce9f0158b02bbad38eb706bc3956d5b8b55288,1
0xb60049ca9fcda3764adc647d70221cf3bbeca9ed,1
0xb62ea019c3ecf647c21b3d394f373c4089e3e4d6,1
0xb63ff8a10c4e456fb40bf88ca513ea397485c49e,1
0xb6649ca4641bc8b06d078bfec82e9fdc737a8187,1
0xb667344a59c3b1e2ca997dd5fa981466531eea88,1
0xb67a577a1855dc3a43df1d94b05a8f5d29570f89,1
0xb6883c21885f5091f5064f4e29991bd9cd046473,1
0xb6c7e0fa55656ae6264134c366600e71972681cd,1
0xb6d67e7aa69aed737883ef83416e5a694e09c7e3,1
0xb6ea381cac9da2de47c6a760445bbeab2b1db480,1
0xb6fc3c8f4e5233f2ee2ea1ab84a4d10c61f6d215,1
0xb6fc90c84b3f3acc84973123c45c93b7db8606a6,1
0xb70c3049982c09c18dcbf8596ccef6f5b3c239a3,1
0xb70ed8c7effec5173f7377178bb75251be182f21,1
0xb7187511a0a0f5a63a538b7bc0abdd1a01979848,1
0xb72f37f5bc3efea93904883cd609b14fb13196b3,1
0xb742c00783ca98be2896eccfc0d2ed6dc8e87c7e,1
0xb774f65d9eab67c9a587eadb5b79d0a02bfa5c42,1
0xb789221616c7be137f33d545758f5510591d725e,1
0xb78e8334eaccea894bfc11eeed1514e1fb78abe1,1
0xb7b104178014f26739955526354f6e0ea9ccb19b,1
0xb7fafa52585882ff727db81c1275103e18a81b6a,1
0xb812b11e5bfbeda4f33da7d96ecb9bcaf8276d71,1
0xb88f61e6fbda83fbfffabe364112137480398018,1
0xb8a1277b827d69ff3626f0853c370ebdfb035ac5,1
0xb90aa714bd30e6f135ec15a0cd2605af1590d184,1
0xb948ea974cb95c9c73c51deac5d9e4464e769a44,1
0xb965603c7d99ce1dacd91eecb8ca9c0d061b4c60,1
0xb98be1aba8ae2adef0daa18247273fa06021daae,1
0xb9cd01bf2680bedd1bc41b66d27840d06bf4beff,1
0xb9ef0e8383eda06ff12b274b961febb0cc97840e,1
0xba0b5b765d3d638eb560c7e08fe17f360d8e5005,1
0xba42943cbcc7b3f5b76d06ca9a444f913e09201a,1
0xba98ef31cf6fa06cfa5489f73e2ec94bb1319b9c,1
0xbab9abed42ad306ca536be9f095d41cb9ec26f9d,1
0xbae03fcba11825f680927750a33532e01fd60c3e,1
0xbaed105af8c00f5a512ddbe79d66e834707857ab,1
0xbb0af8fb13473b81c2b6fe1503a0f70207231717,1
0xbb668420d8d8fc286f0d08a5e083ef26ec372fe8,1
0xbb6c4b3e0cf16e8e772fcb571901e432262de72f,1
0xbbd0d639bc42651de27d9beb5999033b4d59e67a,1
0xbbd7251832250b37245eaf22818d8e4451855471,1
0xbbd8be55502d819351a1eeafd85df26d71407e40,1
0xbbda7a73b7507e380dd145d6abadeb628c77ac18,1
0xbbfc2c92d8cb89dcf74f6bdbb8053b5c1714b7cd,1
0xbc05621ecda247ad30de99e5efb450b6ce704ce5,1
0xbc1eb4359ab755af079f6ef77e3faac465e53eda,1
0xbc2b2d169a8e81e833a7cddccae075d12fa9c1a7,1
0xbc30e90dc528ece58c1a51b6fb6d572838416489,1
0xbc5a7cf988f7e7e8f3893cd0ee1d0786cd4af889,1
0xbc8e2212599d8389338db5c77f218c396525f767,1
0xbd0f5d4be49f83fc26925d454533da2e2504da6a,1
0xbd3fd7b44ca24741db067ace1decee9b164e31ca,1
0xbd45c0c21ad360df43ac5c5f84979b988eb6b74e,1
0xbd46f6fa9045e203dfc0cd31d19294dc2011cce2,1
0xbd5224f9509c0f4cfcc99296dd72196661fa8d40,1
0xbd6c1f8d5692d49325fdf12daa00dac59224de08,1
0xbe4330e783938e2edceb015ffdff582ec73c126b,1
0xbe527aa383c9979d0133d27b8ea1c43b694d6f9a,1
0xbe6a5992d259990ddf43dbd681568db292ba47d7,1
0xbe7a50c84d5abb26f6657e745b0e2d0503f14699,1
0xbed504b31411ca3eee66fa3b55088a6d5b6f8174,1
0xbeddf3e43015f5221f5d1ac0fd0d2ab3352d2f7b,1
0xbee1500a2fcab995558cf0cca86b986b06f7cce4,1
0xbee66ea0eb74cf2a3cf30f2d955b4cc047d2c78d,1
0xbf057af2c08cd61c9449de0b3efe826a438f2393,1
0xbf06d42287bafa1d13121e3116a6a9f5f1266181,1
0xbf1be8861bb200002f1fab3f7482bc85e4110e24,1
0xbf3e1e5f10787af677ede40b6692ca6ae6d627a2,1
0xbf879dfa3ae386ff7c071f8c3e3e29eedcb94a36,1
0xbf949494127d3cd72cd3399d4ab38312757f4d12,1
0xbf94e22ce9f77633aaa26443d7e67835e0b7f1a3,1
0xbf9d462c9c6880d44001bcb8ca4a38a351d583d3,1
0xbfb7969e75ee4e58620f74135d167f5bdd60800a,1
0xbfc956645c65ebc3fc7010c057feafde57ff05ca,1
0xbfd90a5fa214a5e868bca65fd37b2acd7643ec85,1
0xbfe856e4968b0a91b61342c8fdce7e0376ba1894,1
0xbffb4e94d9de289fc7623ff4f65a45a4d442ddf1,1
0xc0e40065d60328f33269d3b4846dbfbcb2b12045,1
0xc0f2572addf922cefd0e370cf021bf85b54d2e8f,1
0xc0f628e4b48ffdf40d899a4815bfea125da976b6,1
0xc142995f05436c91bba172b7d17522a301323236,1
0xc1553aca9feb623ecf04ab7c0eed91a73db40389,1
0xc159972adbe3aef355d3ee18d12291df8413ee17,1
0xc18120b4b22c78ea55f8a7acbd7d7082d3c73a2b,1
0xc19ca6cc85de33ec664fef9595905b8e57dae13d,1
0xc23e873f9c9b968ccdff0e413710d865ef18b860,1
0xc2419841dcb9a0f8906d06463ae24e00e1470846,1
0xc25424d003da3d80024e1ec27640e8fa82fc02cc,1
0xc2543fe877e3cef40ae489d247dc605ffac4399b,1
0xc25d23d642b05b9546d85574b53f8b62b6b11a7b,1
0xc264880fad20d56eb6c5c18bcb2f3d50f72c7663,1
0xc26b13bd421873ca9aad82dc87b5880d636b881a,1
0xc2a33dc82d21e9b354cf06579872cca592b820b1,1
0xc2b3cb204e96270d763c70c75ae1a77c739b0e6d,1
0xc2d9eb979f4679adc0a4328ac5caa096a03f18c3,1
0xc2dde986f8320ec8682de98cdfcd23e74b091b23,1
0xc2fa34a6fcb085f5e0295f233fae7fc90fbafe85,1
0xc343b96d534ec8144f212a689d619d4571283219,1
0xc355bb2414889837c85c314e6ff5a4b6fdc7554a,1
0xc3be75af49a71bd36b08c513cc4520b5e5290928,1
0xc3f1d077fa590018d3924ce8da1a085b4eae506d,1
0xc439d5db5e5945ece1cc649fb72c036419cee1b2,1
0xc4627e5c93b5ce0697186ba3b9fb322c8d4c2e1c,1
0xc53f977136e1aa9031343fad39dcb4c11a1eb3c6,1
0xc542492296d3537eb3fd16fd775bdf7ab8721c7c,1
0xc589630a48c26920bd1deca9dd522aa547380f4e,1
0xc58f25e4df227990cd5d20ca4a9918586e1fe356,1
0xc5af7c22ce278cc5ffc008a59612d4db8bd14c7c,1
0xc5f3dd117335cd7c6a6bb58cdfe21e7b0ed0e42e,1
0xc5ff9bb746a3e54f72853db38e81522df7d40680,1
0xc68bb9728103765ace6d43d98bce3281af3850cb,1
0xc6b5163a2897a941019d59beda657b3550a260d3,1
0xc6dc2af0602f9fa024a49cbe8a18ac4293af1a3a,1
0xc6fece04694a1abc42f757f03a2a6ea51f0989a0,1
0xc709c2e280f246123d0bb72394bc79f10fbdab4c,1
0xc72c604a60fd660256be2d7f4ebec13ce7f50daf,1
0xc7382780c13d05fa6ed857fda3fef3d1b9e0e00d,1
0xc7385fdb1174a95fa43d8f77e4dd283c6cc4bbb1,1
0xc73b8bc73a63c94fc7c5a54d026faf7b540cf113,1
0xc73c4eae45adf120a37075492e0ad9971a5c0207,1
0xc74fe643cb0a42f93ba085afdd5a5e77cb2b540a,1
0xc76ec56cd15a7fc2ca7d1005710c06ac6e5b28f7,1
0xc771a024f3c7ad7391dc9443f6af94268a3862a0,1
0xc7c6eec4978799e6a53da79b540432820a349d0b,1
0xc81635abbf6ec73d0271f237a78b6456d6766132,1
0xc818ab7e7f54c32d243cd7edc469b60cf13b22d5,1
0xc8585c3638c343043ccebf12bb4652bf44db0d59,1
0xc8780bf4dc27a310ec708794b9f40553cc545da0,1
0xc87e9dff30a7472329237c4ad222b35b529f0fb7,1
0xc88d3f26925697931b4efa72a3a8752a551568c3,1
0xc8e871fe50cc7408a15793f4848891456091224f,1
0xc915d266472685f1ef2f974c5f01b4915f0df46e,1
0xc93b3390679481a31aee78b12f1a17b600f2248f,1
0xc947a80884c307bad745c82c078099725bc005a0,1
0xc961a72220979b08e2356fb271083cc3e0eb82b3,1
0xc968fffb7c3dd8c870d7149f454c4730844a60e5,1
0xc97a112ca84a12cbdb7f47384a38e19c8622a6ac,1
0xc97cc6cc4b07ad3f5919165c99ce43437d6114a1,1
0xc97cfd2c3a3e61316e931b784bde21e61ce15b82,1
0xc9b6321dc216d91e626e9baa61b06b0e4d55bdb1,1
0xca11d10ceb098f597a0cab28117fc3465991a63c,1
0xca288359ba6319c7e7c7377a670183acb3781cda,1
0xca2db534a407cb75ac2bb333083b8e78b4f6f8fe,1
0xca339bd4739227f71b646f8b23ca098c86f6c3a5,1
0xca3dff8c740dee29528916eb049cea48f500d387,1
0xca888337597ac67c0333de023f304fa79a622cfa,1
0xca9bb916074c6a51281a45cb9b4123a41f79cbac,1
0xcaa95ef5bc0f724a76bd4ba66ddeb6d50da4d116,1
0xcac725bef4f114f728cbcfd744a731c2a463c3fc,1
0xcae82145072f10ee8decddb6689987b396dbd879,1
0xcb09bb4a927516ec89f3e64ee4de2a35f345dfb2,1
0xcb4de7db08b4dd0a9954fcfa0a09762f58436df0,1
0xcb8343b134d73afbd9fb94efb71b4276e80d02ac,1
0xcb90dd8a79be00ca9ab62284978cf881c2899346,1
0xcb9f87919b6818ccf3e8350e0ee2e13200dc8fe8,1
0xcba2e4e7e929579101c428bc075ef864a8085b36,1
0xcba35e68a8e99cd32a31e37aa2e57e2eaa727c1b,1
0xcba794653c56b28800ae4fe5c2ea2c89712c964c,1
0xcbaddb16544a736b48b455812d28ee71a54ad6c0,1
0xcbb10ea89a9616174981a1b5a95aa9092ae4cf23,1
0xcbc7e8a39a0ec84d6b0e8e0dd98655f348ecd44f,1
0xcc2e1a8f4ffe542d6658d5a5ef8f5653ceca3b7e,1
0xcc4405ee3ee4db06e96b8cf74f7a55b7a9d194f5,1
0xcc9c0559240b89379a283f3801d280f7cc95b8f6,1
0xcca3d4ece24a32ae1b037ea2fe14fb78163bcba6,1
0xcd094518f2d30fdd8c7911636bd8b52bd5303066,1
0xcd4d5fd34c73e9ab939288f5e569c6d9cfe92d1e,1
0xcd8937c7e01c3a8ea832fcc98198ad76a052d2d9,1
0xcd980b28732be9ddfaaf2b12b292bb07ebc86889,1
0xce28c87f3c9dc0dafedb3471318bca748f1e4479,1
0xce56a746edaf84e65aa6a2bbb45b2328f6a99935,1
0xce8383f451ff2b94336fba4370c92d3b871e97a7,1
0xceeab2af38e6b086cdce120c49f93b65f0b92b76,1
0xcf281a48bb4342e7fc5cd5316d9bacd0e413e935,1
0xcf7c7758512aaf43979b64812cb79bd3f60f4413,1
0xcfd648eb66b736351f48dbd5a1752708371c10f4,1
0xd00911c7f9e5993ea0cd28cb615c6b21a0101666,1
0xd010e20dd739c107e592a350d17c981073605a8b,1
0xd04a168be2dc7e756ee916aa7525076dc091357e,1
0xd0c877b474cd51959931a7f70d7a6c60f50cdae7,1
0xd0c9dfd3dbba87736bfdc4d688bf739b33773072,1
0xd1042637cdd71f99f3dc5877030e67f3789e1c19,1
0xd11d1c63911a42a2435256c013e4b88313dee2e3,1
0xd17a5a250ab4369b6e1ceb1db5f950c2dec0d9f5,1
0xd1f0c92bd9b149b5681ff2ef2213e4322033d0b8,1
0xd2350c37a02b40f8a3bcf94da9466fc418a5f409,1
0xd2839e6d35efae479bcc932fe2779f97a24177af,1
0xd2a744047bb754040911ae14cb5bfe289812e9a9,1
0xd2cb3ccc522b5d36a20334d101791eb3c3384281,1
0xd2ea8c9440b63fa16e0e82ae96b80ced580bd8ab,1
0xd2f295776af09d33e0653cc4d0eb9aa716b4944b,1
0xd2f86cbed86db85c859903ff5f110b15d95b1350,1
0xd343b8dae88e117d25c181317cf6811166911b11,1
0xd353a1a0051175b4ddacc8e6e6ee5f3976b907e8,1
0xd361363a6401870ff8a23b7c77c004aecb8c8b84,1
0xd37697f3c50d7108fef25d16cafe229753224a05,1
0xd37905283adf21d3e628b423cbe20c4583ba9979,1
0xd394cf7e0c9f7c89f81a2870c576c1910974047b,1
0xd3ccb3b46f51f140097e09164befaf72d48fa1ac,1
0xd40b63bf04a44e43fbfe5784bcf22acaab34a180,1
0xd413f436a036b9773d7adccaac10242e27b9da74,1
0xd42d08ca1a876ac9bd2bfe631ee7d997cae39229,1
0xd53de8084e9316323409277afdeeffa8a96d188f,1
0xd5755a4276a53ee7ca2703c6e1967af59cbc9feb,1
0xd58a246e385c67d87df565a3a65deb98bc27d871,1
0xd5945859c46417ed351aee063b980979115bc152,1
0xd5b1bf6c5ba8416d699e016bb99646ca5dbab8d7,1
0xd5cdf048c1c6616dd3e757ad277c1bdda6be3abc,1
0xd5e83f5fca5854acc2e49fd7b9b476c1d1ffa96b,1
0xd5ff53f48f14e9409b581e41a4cddfe0e97dc724,1
0xd60b8d278a98e068eaf3508e95cf1b0089961288,1
0xd63dc86e7fdbe5923481b96beb2a5a79119e51e7,1
0xd64110f209e3f77580b72a96ba9be29517e41221,1
0xd66bf38e7c704f0cd7910773f5c8cc3098b6828d,1
0xd69e63c3223f881a411a9264f8ab6adbf6b3b48e,1
0xd6cd34f0d27d3942fb7aab193566bd76f694bf59,1
0xd7060289c22fb47569aa287ed4130a553f1c086d,1
0xd72c8dd33954e8aa53d5c108906b751ce4b2382b,1
0xd7be5692548d971eb47dd7705df2998a87a2c86d,1
0xd8032e5bf3bb016c7195d1d494c9222832ae5d06,1
0xd803f85b52e359ca7151336be08c7d22683d0a7c,1
0xd8261516087b76e1027019da8756d85d8ace7b1e,1
0xd83a5e7bd6eddf35431e0b2aa2680449541e7444,1
0xd905de91f928b20ea0ccf455e5ba07eb6373955c,1
0xd909cca5566e28b185c8ac0a62187de9e3695736,1
0xd94faee3abe47dae9a6dcf2837b0afd843eca95d,1
0xd9db485876cbb4c909ff87bd3b63ef133b3b1cc2,1
0xda5f988e5fdc51f1a5d72cd6924671709615af16,1
0xda6ab7d0a045a8b7dc25f8a50b383af7ff49977f,1
0xda6bf1dc76d4f166472cf329ead6a19d19be72aa,1
0xda834e5743899eea822f877d3dbf1dc18489583f,1
0xdaac4d315441be67b136f163060865ff0493674c,1
0xdae3dcf64f91ed899de50b8d45d6cab7cdf12ff2,1
0xdb416840b876a6cfd878ba6af02238d146dc016f,1
0xdb5cf3013a437ce5437b241b9f39b04f5d0bbb71,1
0xdbe37b6be9e4cd306b1ac5e6ec79ff67032d69cb,1
0xdc6babb7e90b27e3f6be77d35eb03aa612b92efd,1
0xdca334874727e8f67070e16b20e8f02ffc4595c2,1
0xdcb4482bf49a5e5faff49388b13f6cc512cd87a6,1
0xdd0a979d9a277144e73e05aab18261f71ee020a7,1
0xdd0c246165c8b4a90bc5a446da9ee0908a45966f,1
0xdd3adf8a817421dc7a7434c9cbb148601396ac44,1
0xde1f3ca8d0666dd3d53a608a9da1c4d472d135bb,1
0xde35d5d718f5efa776494cc4a50e94cdd6ee2890,1
0xde40d2cb9db9b1cc295e18fb2b12612a66b5c5d6,1
0xde4f118110c2e20e5a8df899861ef5aac3aad287,1
0xde5c0e4c290e444fcc507d621658a21e720ff0a0,1
0xdeb4c5add00ed94bac132593bf982116a2d7a9a5,1
0xdf5b0e3887ec6cb55c261d4bc051de8dbf7d8650,1
0xdf8b134fb7743acd805ecdee11335dd0cca921fc,1
0xdfd17960bf6a6e5b661f502321370691920eab45,1
0xdfd3b58cfc180168faebb6366b98aff25fe1f8f1,1
0xdfdf1845befa1dce09cd171b7b79b460e49cf80b,1
0xdffac8814ba3184c79fa2f6c465feacffa0a3a6d,1
0xe04e8afeae36d99dc370630f1333d43f87f52173,1
0xe061ea94f07de987a55a49067b0d7ca3feaffbc7,1
0xe0719af1123a4f6beff552d5fb963cb278ca1ae2,1
0xe0753cfcabb86c2828b79a3ddd4faf6af0db0eb4,1
0xe0cdfbeaa6964cd87055832cb4ee928450189f31,1
0xe0e31366067277dde4a391cd5d77f43cdb9ffa6d,1
0xe15a6803c22a7e7ca21d0d3b479b19168859be1a,1
0xe1759f0cd1358c049e7f64c26e13de9492f9f888,1
0xe1d8a566721622f88b38e4b81e6424dd19822f90,1
0xe1da9e3ea9efc074ebffd4d2bed209b370705188,1
0xe239488f1efc96a27408ba60c102103d4d1909d6,1
0xe23b25a8056b91f38c2ca29afc95d4d52d8f05df,1
0xe2880a450f9c565e01a91e83cbdce2b695b7bc18,1
0xe29bfd5761a18b5c3ac4a4271eb7fadd4c7fb942,1
0xe2a323110f58ee47cd6ccdfe303ac75aa1748cb4,1
0xe2b34bbf669096a794397376fb0587e98eb81016,1
0xe2b76c9f15a1e5841a91b404ab4be1c3e5d19551,1
0xe2c45347b759687c3bec81ec7d08ffb7192c6911,1
0xe3422762384cc207f4691289c975862aa777e5a9,1
0xe35e2e4624987575dfd263b124a3999e180b8b89,1
0xe376591652012958296193ce1dd13d5607071964,1
0xe3c8cc0f15eea9c22ce51af8c2ec6e1978389e7b,1
0xe3f3e433102cb26a5e8c88308c9308061ce6cf3b,1
0xe4000d4f3f0e59ca00b803f54784fe0654a192f4,1
0xe410fe139e986ed5242e19b53806a9fa5ff1fd50,1
0xe41fef6d3b5f174ae306b17e80e023915d9ac093,1
0xe428d30c12b2b976d3681a17a9db4a185b17db2c,1
0xe434f59930e9cd2dfd2235ea86c9bfdb44f5bc0f,1
0xe44946a036d9c1f8438d4d2a33acd969d8c48706,1
0xe46105bbda606babb797b343b21f930668e83c1d,1
0xe46b3c084a97ac37c49b8c4cef15db1b30e639e1,1
0xe46cfb22e798a1b9c0b1fbf103d21cd015866178,1
0xe48765a07d401372d6cb6f0fc243f74c2fca34e2,1
0xe4a09ce96251532ab44883f3e8de1e546c9e48b1,1
0xe4af07d3b6d97fc4289ae193313e06e904f3fccd,1
0xe4b4bab0fad75de00e620deec5af7c137040fff1,1
0xe4cbda373d6a445f83fc9125c6230ba58bc08320,1
0xe4f3e4e4fda830f067e3c09ecac84e06f0eb7870,1
0xe5050e39addf3475f0d7ebb17c6bde117f0590e2,1
0xe51d10eac2e892662cb1ca2902daca2ba2825442,1
0xe530507083ecb8d2b474b96544216e0dc92b1883,1
0xe53c5b4f841570d193e05a27bfafe1c554f14875,1
0xe53ebe8ded621a3e5a1789bbd2605378f8591c87,1
0xe55a8a47e4fa55557a0cc2f535595ba4e5aedd27,1
0xe55f32e874b540f6ad8584a56a484b76cda4a08f,1
0xe560646ef7a69400974d85e818bc0e054bde65c1,1
0xe56c4f6bb5e63b86e7927a772bc6635875ba567b,1
0xe58bc0de746eb83efaef6eebd55e9ecced6346fa,1
0xe6069d4a8a9a7b32539dc8c5d3a557dda6f3a832,1
0xe628e7eb5807f73a555a41867af235351d603e2f,1
0xe63428be7f7f2df427730768d91f7dcf7cd10477,1
0xe6666ba861c4749e316756e3f599676d1184e77c,1
0xe6b6ae90219713832ab18d61da61c9aecd7287fa,1
0xe6d50cb6e7423c742f409db65f19518018b45968,1
0xe6e4d92009406d08851c2e65ce6dd324ad76a87e,1
0xe71775afbe475bd88d44e27f4bf1f94118e33e6d,1
0xe72c4bea4b5f5caabeaca6cd38894f8ede1f2e16,1
0xe7380b7be1ed475de78b07033a8ef4dfb10205a5,1
0xe77a08d1513974f9cc89fd2eb043eb68355eed20,1
0xe7811da743bb6cce0c49e1d362b2e9120360a373,1
0xe781fe7a6f65ee6b3efe66ed8f7f5c1e9f01cc55,1
0xe7a8a504a82f0a829656261a54d0443f85e19604,1
0xe7bf954096508f883aaa8c4c9bdd616d8ce881e4,1
0xe7ee5a3a7e0c9114a0d39f53619bad9ec7466068,1
0xe817ed328e561507dc84d022f42b46f92e003002,1
0xe82d3382efe2798d4abd2d824824990ccb75e4fe,1
0xe83105d4e5b144e388d7d35c65c44e0da8c8016f,1
0xe87a10d5b212d169ccbc9a50cf5e23dd3da27cb6,1
0xe8c4156a19951deff3203f116fc63274da746baa,1
0xe8d842d44703de1b1e8e0dd4c7156e45efb55ed6,1
0xe91d95ba259c6d8001a06deaf02f811baa3e2dfa,1
0xe939ffad55b5959d744e7be57db90d0bcbe59595,1
0xe96ead0ad625122677684448155ba4ae2700814d,1
0xe974e75da812e3764dcc746c8fa82e25fb9f0627,1
0xe9d5a03e6b2d7644ae73a07c866966e4fd92a4b3,1
0xe9efb8bf023567849a00a87a62d3e4a4ee0e3342,1
0xea40a159a1430a9422f1a66f11ca9dfea76d80e1,1
0xea6a4c5514d847c1a474a7b61d305b7ec11f1373,1
0xea764c590589a76a54e76d5060ccc52a0af1431b,1
0xeb10f919d15740e4d1a695ff2ff5a239850b351b,1
0xeb1c22baacafac7836f20f684c946228401ff01c,1
0xeb43b5597e3bde0b0c03ee6731ba7c0247e1581e,1
0xeb44e719bde774f08fd35a54315f08a6006cc9b7,1
0xeb6599cc9681724137c24bd04add50fad0bab11e,1
0xeb665a2a0e720c7bf8e4251dda40047cfb81a307,1
0xeb697a943f4edc306de51ac5fce1366a30496e2f,1
0xeb6ee7076521f9ef9da69705426d2335f27c5168,1
0xeb9d9836b14bb9eef7cc0f40f87f83f6f959cf52,1
0xebe4c00073f1061ad27859478adcb4f5bc8ca67c,1
0xec034c3abd17fbe51b10283d0902a1210041fc77,1
0xec3be799c9217fd27eef5b7120554d5430eaf65f,1
0xec43b0d285d6aa9ee12a53a595bac77d6b930ed7,1
0xec47cbbd9e05f8c4d587eb604f41740b0b2f33e4,1
0xec5293d6d757089797e36db3889c5f5e9a449607,1
0xec9460a75130da847cb86207c20b91dbbc9b0eb8,1
0xeca1d7afef958a3c01a0f2255cc97eef1a6e59ce,1
0xeca588e75c8eb0d2322f52c2c90bd525c5a5d93d,1
0xed1e25178d7a6438c356d3459fc3efa9458ad52b,1
0xed20bb4772f9eab584f5f7fbc3e601431c881e96,1
0xeda4aeabae2d559e7c5aed03cc288bbf44a03134,1
0xeda91b88e63dea1efb3d53bc3c7fdf7551b7b726,1
0xedfaed62db466ceb580a7804affcc65184a4bc46,1
0xee0d982d26d7bf4f52a62a06d22eb7c00576cbb6,1
0xee48b89fa6815a6e046971552a5b08e1ca659974,1
0xee620a0991d57f464aad452789a4564ba51245e8,1
0xee791b90b9d03c177185aa7ea5df8fd855d0c0d5,1
0xeeb2abcf0ba8f51fbf6cbaf357d4193c105381c0,1
0xef1fc81fea415a39631a33d92a8f2cc117761e27,1
0xef44259acbbea2e874309e024ecd2be5893e5665,1
0xef6914f95fc782a5397cff1686873da77fdeca8f,1
0xefc2702d50fb43cec83434d205c89124db029566,1
0xf0199747902c5854fddfab51fe25684f1ef4c10a,1
0xf041c4f026547f7fbea6904f77bea16997024751,1
0xf045e55802a8f0aead20d6f537bff4fd9fc354b2,1
0xf050225c84486b20811eb5a7527bd39a8cd3c085,1
0xf05471e692eac2639ae9e6aac061c2cdcbaf9610,1
0xf06ddf6c7f60b8d17e62efad0bdd3f7848073bce,1
0xf06fc22f0f9d15a271e18aa216fe183e20a7a092,1
0xf08dbb788c290cdd919e1c124f183988e91e9012,1
0xf13db964fef5a68b497e2c56914f0d6d11511d71,1
0xf141a37978d4b14a4a63936d4b3aaac479fef943,1
0xf1495dfc8cf795bdace6eb5559520e91d872ebed,1
0xf14c5facd2a05116ea695bd1f0ca0f27dd32ab8e,1
0xf161ff39e19f605b2115afaeccbb3a112bbe4004,1
0xf17c382e51d9acd6eeee4df02076227c81256058,1
0xf181990c06ce731a418aba46ed95db26f7fba9eb,1
0xf1bd046b98dc7cb13096ef4c880eb09f148a46e2,1
0xf1d48b593f11111db5ce35d87fe9d6a6deeae53b,1
0xf1d83de0ead95747f4ac184b36659c0d538309c8,1
0xf2626eadce87913c29e63b95e39552e1bbe26b44,1
0xf262c25f75e93ddf7c1fcb4bb0d65a707ad6d023,1
0xf2dca9d0652c43784522397c11b19694c73074a6,1
0xf2e1ad6c4e221759a90fb853c69cd7065f413b38,1
0xf2e21450c87701d95d289aca6eef297fa74e231c,1
0xf38f67d8b16752b18f7358ef216a35423e45f806,1
0xf3aacd88b40478ee4b339d336e2327a9a3b42a84,1
0xf3bca892960d23510917897b634ffd3124702bbb,1
0xf4a11c01e5e8244233c5a4e7ff4052781c333e36,1
0xf4a12bc4596e1c3e19d512f76325b52d72d375cf,1
0xf4a2f16ea9ee6b69e90df8d8cf5a5b7622fc89ca,1
0xf4aa005cdd64b2c80e6cbfc30c427f80b5d1f0b4,1
0xf54fe7f5f0f8d13ce9b685b8ad167b466b637f0d,1
0xf58c03997171ec5e5ccaaba7338d0575d5616823,1
0xf5a6058e8a1f72b7a66cb658542a7074b4d1f587,1
0xf5c9f4cbcc1ec49ac6733e1924c9fe810bf45f7a,1
0xf5d4a3b9fb77d1d5600a10e0e1c4efd12f9be751,1
0xf5e71ddd19a51c83926e257c23c693387667610d,1
0xf61cecb051af46421c79b3457f1e19397cde936f,1
0xf64932b6002fd2a465a72564d80422f762aaa566,1
0xf65f78b5fde2b1d29e802480b8398bf7f3b4f271,1
0xf6a050e28c9da904f5ea04226bc43a92a2ffe4ed,1
0xf70d79db1997ca11782a9ff70cad401610976216,1
0xf770e20248ec7cbe10d4e9090931171883d13136,1
0xf81489f074a9f70c294164e07692559269f3defc,1
0xf86b8b8d3433de1514cb36eff3bd6ff8f707c2a2,1
0xf87d8589192348f7c4aa49e7d94f3cc2563379e9,1
0xf8ad3f88b0e0d177aa8c5e6be1e13410fd41cdc7,1
0xf8fd6a5fa90940432e5c7921e332f0c5d33f2d38,1
0xf90a1d5081c7c66d13762fbdb5ff3cd5fde3d844,1
0xf90a677365dcce76c8c02a37d6eeeecddd6f17d9,1
0xf91a1142d9e4910fb5e6ea3b965440a1dcef12fe,1
0xf91bc13d8ca640f623d46a333dc8fa0d84556b6b,1
0xf93a03aa469db2556aa31f0872bfe1ad248f3f10,1
0xf940ee79a4eae498b3f45a0c9354ec05e4af1d39,1
0xf95add02599af4680ee9af9d4dca37c9945fc30b,1
0xf9cdbb069c160b44e76ead9b93360b4a551a42da,1
0xf9d983b7be9d41f8f94180de199a2ba6828ef458,1
0xfa002b52433a68eed6ed254569110a294b5efb74,1
0xfa217e15832061601431a2a365f65393a74dbd4d,1
0xfa45984fcdacbcb2135482f05e7cc024246ee0ba,1
0xfa6bc968cf39a88aa67725463698b6a84bca865c,1
0xfa766f029e703d341cc5386b9a4cf4d52be3b6a3,1
0xfa8a62a68316475762966e3418c7343e2516adfe,1
0xfa9adf59f9b51101425b487ec77f7d087bfeba5a,1
0xfa9c7f873e28f18695ddc3c89965cd4157ffa3a7,1
0xfaa2906a9c23e599e8ef5b7ac2e642b32e867207,1
0xfaa5d029d4085c604f2ceb8a7a028c22e7398be3,1
0xfaa9dccf86f5cd4db872377c18368b5d58bc7b38,1
0xfaf1345b95a606f44e392536d864a5960cd4df23,1
0xfb03b80a8cc225ac92996c54c6cf523a255ddb28,1
0xfb093481439164e493edc309bf3140dd7017fbcf,1
0xfb16d1b7755d976cf84beb7f0b36ddc9c784840c,1
0xfb1833fc48c9511c19d3c5f12e86f7ed28993bc1,1
0xfb87834945db9862f2cbfd3fd3b3493cd2de2abc,1
0xfc0bcb2315629d03ebf10c291551355aee5cfcb6,1
0xfc1dceb7648510b54cd3f0e19288a1def9699833,1
0xfc2ca2de8b849f7344ffd138f10d618597834a09,1
0xfc2ceff32e3a534b78c729fd23973cb9ce98fbac,1
0xfc382669ecf6a4f19efe1e32c64d75a1daffb1e1,1
0xfc7d068f069e712dd35b439bf6ed9df8f58d07de,1
0xfcb33fbe33e1f0f066b41c24d91e994d8fd8e526,1
0xfcbca52b23db28470eb97680d18e988d8b60b608,1
0xfd246baa363402b3d4e43241a1b9000371e02c50,1
0xfd5dc6839fdd1fa8317a52a268956212c2556edb,1
0xfd63dea5d523216b25997dcea086a0d93c16f2d6,1
0xfd9c5f1377692c158c56c150cb4c84ea1226f56e,1
0xfdab5fb8356a9b0da6bd28247989538415f74326,1
0xfdd41f8325e243f200a34cd2fa28594efd5e4c6f,1
0xfe0174255e410defaaf58b06e009e0ebcd74db59,1
0xfe13ee34c8d481ddf919378aab71cca12c64abb6,1
0xfe2037c5d1d078c23fd3412d369b8158246ab71a,1
0xfe2b8dc957459ac2a08fef57576bcb8a89845d8b,1
0xfe2e3e999bc785bb053c85688da6daa4a19eb0f4,1
0xfe3bcdadffe7a328c5d30ac909666cb004a5153c,1
0xfe83a0a06d830e9e2119522538f8b440ebd42ff5,1
0xfe912f7f98df6946f4517257a13dd297723a28c2,1
0xfea037b0b5edcc90c626e2e1d5d792b949888892,1
0xfed473cd045563542414e31af846a43bf58fc59a,1
0xff4b5bd0820dc94b95fdd7f2b82f52205c800d0f,1
0xff546e41d928472bd99fafd30913e41a7f6106d3,1
0xff56d36ff30751e43804dbb1b904afbc115b3b53,1
0xffa4410d9d8e63f255146475f0e3326667996482,1
0xfffa5645921fb91f4328b239fa0646eb79ff06fa,1
