0x0064f02799ea7748a9b51b5e78bcd274d9e7d0a1,1
0x06e13bd0a3cba08e61028f2326b9ea2ca2539900,1
0x0936d312ba234451fa7a90f68c7ede0f4fa962c6,1
0x12cd871105b29760a61f56753d54a59381f5bcc6,1
0x13eee41d67b8d99e11174161d72cf8ccd194458c,1
0x144bf0aaf16debadcd2638f572ebe42a92f5bcc0,1
0x185952b3bb31da0ae18354bbb90ae40adc840c33,1
0x19e7a132bd4b42f580f546197f42e19c42cdfe6c,1
0x248458947c120ca057ec028b3fe7e4b3f26fdb3d,1
0x2a0a412e0a0d436cca7ddba177c4dd9f29801062,1
0x2c8875f34ceb219f61b7453b2c5f100ec2f6ed33,1
0x2ec4a2bcd4f33c7c9aafab7cfa865ec15508bf62,1
0x2f2242b447a54cb110b8a7991cf8a27054ee6921,1
0x388160a99390392278afdba240046b8b5e73f77b,1
0x3df7131fbd4f6b27be8317c69e41817498e1bc0c,1
0x43b0bd27d5016e969193412933387b0dd4cf3e0a,1
0x53006f95def268f88dc1b8216654ab56f3afd052,1
0x54913cc8ea17731d62589039dd0152f306473843,1
0x5de26d392ea46ffc17131042e2584fe6ba46206f,1
0x5df5342342701b8ae5bce28f74ebb73b5fc13a54,1
0x69e68074f1aada957edd39c5eae0069973343f30,1
0x7525e71f51bda1fbc326000714d2fc68ed5aed6b,1
0x81974c1a09e53c5129c6e4f74e547fda0adf4d2d,1
0x82139687faae8a29851902783e02e699de0e0846,1
0x8774be790cb9e12d5edaf2eb8a3f6c89410a497d,1
0x90fa40f24362c24de09b1cb86df9f0b1f1b15a90,1
0x96e861634b4c0e0a9e7c6a65dec549cc2a8a0e56,1
0xa71000e72d38e6a84d7190f59fd3dfc73931c0e8,1
0xa978eadb605761725d11d3b3a4045cf5859e2d3c,1
0xac772daaa5079e005eec3e53314d6d1e9149dc87,1
0xad102dacb54816ee8b128c63b83c7b5fc587f4d7,1
0xadebdeab678647a457743ea3af98f8b804e45c24,1
0xb05b7ea3714a95857e45629def2b9c3577690208,1
0xb31a4974499daad3255206daee7d1f3595fa259e,1
0xb692704d590e224c67fa96830c4b2526fccaf3a3,1
0xb6cf25f5cf8a1e1727d988facdd47f1dfc492caf,1
0xbbc37f68e9876d64b2c55016081528ae0a85d8b2,1
0xbe9998830c38910ef83e85eb33c90dd301d5516e,1
0xc02e6b0d0c1a5d8cd26beeba0fe8d76c5d2f19b9,1
0xc78cd2e1e8ad4a288eddafb139c9d0891ad01ae7,1
0xcaa1c396e70384db58dd33be74b26fb119e98c3a,1
0xcaf3365d474690a1ac6643d3d6ef44cb0c6deec4,1
0xce8ad80ce1a979381d209ac230d02adafb9fa897,1
0xde112b77a1a72c726d8c914c23dceaa53273c351,1
0xef5ab90a44b68d4f5e3f6be6af4bedb12cd2c66e,1
