0xf8fd6A5Fa90940432E5C7921E332f0C5d33F2D38,5
0xf8fd6A5Fa90940432E5C7921E332f0C5d33F2D38,15
0xfd22004806a6846ea67ad883356be810f0428793,1
0xc3c9737cce778d7583f31ae7c4f2ab8782ed51e5,1
0xee05f658e18eb04d250f829b1920c2fbf6907e27,1
0xE16dF6503Acd3c79b6E032f62c61752bEC16eeF2,1
0x9769334FC882775F4951865aA473481880669D47,1
0x3852471D266d9e2222CA9Fdd922BAFC904Dc49e5,1
0x88D3574660711e03196aF8A96f268697590000Fa,1
0x885846850aaBf20d8f8e051f400354D94a32FF55,1
0x61D9d9cc8C3203daB7100eA79ceD77587201C990,1
0xdD6B80649e8D472EB8fb52eb7eEcFd2Dc219AcE7,1
0xE359aB04cEC41AC8C62bc5016C10C749c7De5480,1
0xfe3b3F0D64F354b69A5B40D02f714E69cA4B09bd,1
0x8889EBB11295F456541901f50BCB5f382047cAaC,1
0x0187C9a182736ba18b44eE8134eE438374cf87DC,1
0xbDf82b13580b918ebc3c24b4034E8468EA168E21,1
0xb56ae8a727cf38f1f4716aeda6749d2af340d8f4,1
0x6140F00e4Ff3936702E68744f2b5978885464cbB,1
0x8BA68CFe71550EfC8988D81d040473709B7F9218,1
0xa743c8c57c425B84Cb2eD18C6B9ae3aD21629Cb5,1
0x1b7844CfaE4C823Ac6389855D47106a70c84F067,1
0x76D078D7e5755B66fF50166863329D27F2566b43,1
0xc6400A5584db71e41B0E5dFbdC769b54B91256CD,57
0x4B76837F8D8Ad0A28590d06E53dCD44b6B7D4554,451
0x0c48a90d2b32ce92a04e4827562dac41e97a8be4,2
0x0a98f97e89743406a8611e1b4219a073b60ffed3,1
0x22fbaa2dd20b848084545515fb04b9c846942779,1
0x236a141929db83b3f97be0adc74d92c6bb054e68,1
0x32d53a21813debfcb33a2b1ff2a396bd3a06f818,1
0x40d2f4399d23f9afb82d0a6b73055f13208614f9,1
0x4470e0f5a0a3969cb0d5aba71ad4e6c759dfc824,1
0x48464efe55fbcae8ae0c992b306afcf21d4910cf,1
0x4f7106c4c161e138b1a39f47c91c4f1043437fb2,1
0x53006f95def268f88dc1b8216654ab56f3afd052,1
0x772ad5c5f17c8f1175657b7444553e38152162b9,1
0x896b94f4f27f12369698c302e2049cae86936bbb,1
0xab0e2f3c3c29deaa7c3ca0dacec97a33d5c26708,1
0xb735af7ae1a77d1ec764c862c2c09bdbf2b34b27,1
0xc18d4c2fee42accfe7bfdce98bfacbabf76242e9,1
0xc2e8ed8cc0be70f91fc9aa903d5f4538719d7dec,1
0xea39c551834d07ee2ee87f1ceff843c308e089af,1
0xf15a6b54e68884d27e1bebb1624d70c227b7d04b,1
0xfefc2850b25fe1aa3e9aa154df61c6b9bc7aa374,1