address,value
0xafff424f2821a35265b13278ef1df8073debff38,1
0xcf2f67229aeade145c9beb8508798458798e7b82,1
0xac1c7cc22ff431b5fc07c177b629d926a45eafa8,1
0x177a8340bddc2041cc362aabf543dee4e394e3e3,1
0xf1d83de0ead95747f4ac184b36659c0d538309c8,1
0xea9f3a983d965e582c34eb852c18babac52050d8,1
0x8f4f8916a5c22aa4d0ca25695146e8e4dacc7b13,1
0xc8f8e2f59dd95ff67c3d39109eca2e2a017d4c8a,1
0x387f802c6a9ecffc8b8f6bb7b80ea0db4cef9810,1
0x61526ca189ba3b508780e794667afa0c7c3002ea,1
0x8854ad314fdbcc275eb0d5f4fd6dd86ab7981cce,1
0xf739b48e89ed4b7c2398cc4e2dcd54479b7bea50,1
0x5fb77d2d3b3dd881f5d4bc6da7a0f18fbd694463,1
0x371c4566e886ddff10a888a9e5f26a2bac13cfa8,1
0x5a3a1461310884df894b7e973305f690fc5779d0,1
0xdf36b093cbc06522b68105c3d9141db188e980b6,1
0x808a023b72260170c95d831f589a1ae0dca1e43e,1
0x153002a1aa045a92317cb58893a5e2907ee3f421,1
0x8fc4e14c1c2ab50be594208b0e5f1a22056316d3,1
0x0830337ed8d752b520d5547aadeae4b8d4154199,1
0x76f91dcf2aa8f542a5baf8ac9b06b074d80d4015,1
0x6232d7a6085d0ab8f885292078eeb723064a376b,1
0x0ac30c6aaf2ffc01938d92aca03f71f913636134,1
0xf311b7b3751618d2762ac3ef62e8be61662c2ffa,1
0xf2e1ad6c4e221759a90fb853c69cd7065f413b38,1
0x48b6f46635fcb3559fd37289256ac72c8425714e,1
0xb90aa714bd30e6f135ec15a0cd2605af1590d184,1
0xff890568c9be6a9602e8911fda33cb6f8a6e6f6f,1
0x8668681d2017c2322d7ba37070a8ea223ef3729c,1
0x957f51aa755ca731904871ce7c7cb0510ff25ab4,1
0xfb541dc23e3b4359275d37e9e8ea3dc54cae5ff8,1
0xc79556a222367ecb3c2291d5c6d2b3e58e25fbf1,1
0xe66d15146b16cee22f0231dfdc830e7e56c2d4c6,1
0xfb0b7ab820be529634445a1c8f03711d0410d5e7,1
0xd905de91f928b20ea0ccf455e5ba07eb6373955c,1
0xc17248624eddbd8fa6c0cf29fbe9b4e2b59e6254,1
0x60d2bc84a71af61b82d1b4168c9103ff6c4898eb,1
0x6191c173e855202083455859e670ac16a669788d,1
0x08a474203d14053eabc30a5bf877bd22a6554f0c,1
0xf4dde6ea673fb810b6f503bf441908bb30b929f8,1
0x896b94f4f27f12369698c302e2049cae86936bbb,1
0x10463798b04ad75e0d98f97665f5bb11ce8eda63,1
0xa5214719feb1d07b66292a5d4d0a2712bd048435,1
0x53343fd9e770dc2bb3f42fb562164d78cb9ae935,1
0xf79cb247c5f1e4f4d9cd06757ca2c1ca63a2ae41,1
0xa1168968174d3a4f2b6666051800115d86fdc235,1
0xe7079eec020ddfc3f1c0abe1d946c55e6ed30eb3,1
0xa353401738e7ec6a4db9c0ee4c66eb5252f681c4,1
0x6dce0c9dc00fb34b5e1e932e1d640884f5f1782a,1
0x7865e1795d185e8006820dc8bffd674b4d019eaa,1
0x410a9f44948576c60f94b165f63eb79ce769a04c,1
0xb851c451aa0972edbcc500864d90caa2e6e55b03,1
0x9dbc84d7199c97f9adcc9b57439d69c5ca9ad103,1
0xd64379c6380e08faab950c5e62a7f6295c7f9c79,1
0x5dfc1f36bee4938b3dc8ebdb4c34f64c935fc2f9,1
0xb0bdd53b627d7e61cfc5c13ef110e47e210fac6f,1
0xf2439241881964006369c0e2377d45f3740f48a0,1
0x9274f2f89fbe5dc00c21c628e46a18c7187c14d7,1
0x66ff8f288c413e61c8ee807088ce301c03076e6e,1
0x68fd77f58669f91c8dc407530535cbcc33641b9b,1
0x1773fad6563cd5b6a903e8bf81e9137127f941f8,1
0x9f04e6c3bee2def65557847e9a7ed2ca902e45f7,1
0x6d35392121a6687fe19d6159601b17517f73d0ea,1
0x81ee84d1b0831ef72594af2a0c218e5d04f7e4cb,1
0xfd8835df382b69b3cd498aba0d745fbf6a421d13,1
0xedda20e0cc11fae46747868fcea07e60c9b25379,1
0x57c23be389a66a94bbe83871ead5450272f1efd3,1
0x5aa71418ac6238c78ea9a032a768dbbbf86bfeca,1
0xec6e5577ce4a3882049a4f93b0dec3bbb8b1cad9,1
0xf1e9259db3999a1b28fca4c81f2b1cac5e5e3836,1
0xfc0ac71b8ca9b219b3c74625755f62202d19ad39,1
0xfa24cdb97ec294a82417280c86bc4e5a12eb40eb,1
0xf9ba5a5ec068a347a021efd32977e49a2724feb0,1
0x7c0cbf95bcfd15291d991c06d4bdb6912eded9ca,1
0x62b08bd6ff6b0028101d547ce40e8d9019e0c0fe,1
0xef16d178f36f6cd0c83d3a7dc3719c41c409150a,1
0xce41e7bc61770344a3ced518b2c1627a9ed30f80,1
0x6002ebe4144d7f3b0cd10e2ac0c0f357eb1c1c51,1
0x71aa6c4e87225fcae2df49f977c7fc0d1e8d2112,1
0xd7e32b8a326ffd9e784a1ee1eea37684a7512171,1
0x66d5527411d821cb513f2d214bbbc0ad73586b35,1
0x4e514d9fcb58503dba5bb2b0f477792c03c8426d,1
0xa1b669414d40e68c11652b1cd82381f2a6495b89,1
0x692d6cf19e0c082185e20ff5ea6bb267e7aeb278,1
0x421c05b4934f662ea0f520f3e51d6483b93114ab,2
0x7426b39865d11207b8f795b10d70843fc3289051,1
0x112531fc891a17c9a412c9f61d89b0a152a9b501,1
0x1ede6ed83cb8187fce376289370ec1e67ebaa840,1
0x765718a8e4a5562be34b122af259ce5a71372e12,1
0x455ce1afc1403b728789b4a8c5aa512600b668d8,1
0x9109c5b9a5030532b4f116e055d3b1f1e74654cd,1
0x9cad9ec88699879b16887f501e87d0753445bebf,1
0x317c32ca0309bb8a1f9d8a3e2836544f233c841e,1
0x58ac0439d856e25729d24beaef4f50effa00d834,1
0xa4580851905c60fca8c6a7995036ddcecf060f4a,1
0x7ae3b0627dac32d3ee16c204ef791e37067b8460,1
0x4e1829da30cd7ae2f3e9915cb8c9f3f203ac7d83,1
0xeb43b5597e3bde0b0c03ee6731ba7c0247e1581e,1
0x843708d85621273f3bbc643b348da3a60d5b0334,1
0x4e61548d94c8649ebfc2f5f54d2272fcbc687bf2,1
0x67a90218cc5fc1adde45ad27a257f268023b2ecb,1
0x36ff6a01782501553486a4efe6ea6e07f8f3ae28,1
0x9af7edc48bc8db5e4afd3af95df143ea29e2e2d6,1
0x514afe6575b5d81cecaa86a6bddf28de2f89ba45,1
0x7dd14501c25c221ffe213d7d56d225f4fe411038,1
0x7fc53dfff734d7cb9f533154344e4d569a34f8e8,1
0xe95e35d6e05c1ef8d442ddfe83faa0d9c5c4b143,1
0xc58326c7020f26345f4568cc09daddf019a8e6d4,1
0x4a0833202f399e27d8e6af4388ac36af07f043d8,1
0xddc27a0a0c24d60b607dbc7b008f2016585e57bf,1
0x57bd982d577660ab22d0a65d2c0a32e482112348,1
0x2414db01b0624f877a360de7eda62afaca7abbcb,1
0xde41df3d6734e920a420646a0151ede1be81a6ba,1
0xc2d742fdbb31442b843a098dcec3c20054c28986,1
0xfe92cf32d5d79330081fe4b58f8c78914ecb1b93,1
0xd2f2a56affb67a9ae2499ab9df1689ee78fad89a,1
0x3a10fd1387555cd75db8142393fbaba98efe28d4,1
0xf53af966dab1afaaac1171dd941148384d38417d,1
0xcb9cadd85c510ff5a4fb2d2bb6fb4b74ff3aee34,1
0x665654f2d2a151be2d0f8e3697e6ce780f732af2,1
0x09c9b389c532bc182bdc15ca831edfbcf6beb955,1
0xa8d8342e6c68a10aaa88ce9134eb101d5a9d858d,1
0x8043812aea5a07dd6523b5d83abd5e606422944f,1
0xb960be49f51a6c3234319acc0b9fe1a10f70a94a,1
0xf3236c9d0b623cc261009484db5cfed2079a007f,1
0x0e8caf9eca5e45df0e6f50f58a5bf664db1740c1,1
0x872e5925d1fb3a63176129d9b576dd7c196a05ff,1
0x4d4c0cbb2d169a96a9b20ee4e36aec807a07eabe,1
0x250c3cbc55750a3850ff7846697d225b44ae824e,1
0xb082468c8414f30bae1c3b6136cd5bbdffebc1a2,1
0xbec5d88ef9491b661ef33a596eed6a4e5cdb00cb,1
0x63923511f7b628483f9e160cc173e68a5ded11b6,1
0xfa69519696e9d4abdf7d054c3ba44d32fe350ead,1
0xf0f1a04a214efe01ac5e189e6d9f38cf5d98d84e,1
0x408198596e2a166d80d61ff7db4a8ef5f9e96e79,1
0xd1cef84b84e6d9e024de875d8242193e1b2ac97e,1
0xc81635abbf6ec73d0271f237a78b6456d6766132,1
0x65ba4f92d7dfa813ddbd849d9faf38a723dd9b12,1
0x577b282c846756b7a01bcf49c5a7539922d5fb75,1
0x94f901888cbca1e2e060478f5938971cc1136920,1
0xc47faf99100078461a63864f50f1315b6abbd5e8,1
0xcabd5f77ca9d48f4ef9793f20de42ad39ce93979,1
0x09c52c99e701304332b5998227f07d2648e8a72c,1
0x325b6af1a3a4a693b91cf9a7d2f672cb5e302ede,1
0xec9e512fe7e90134d8ca7295329ccb0a57c91ecb,1
0x1be920ef263005d1ade89ee090782e80a2ec7a4f,1
0x3877b4c39476e3af04cb1ff8003db09f39f068f9,1
0x189375ee21c2fbd04af8f1c71b05f11f157918a8,1
0x52b80d1da1d4becc71a6c07a34dc7642bbd34c77,1
0x954d65e5310607e12f93f6156de92cd37ffcae8e,1
0x13dcdadea84242eacbb956f16fd5eeec593f1731,1
0xd361363a6401870ff8a23b7c77c004aecb8c8b84,1
0xc5aca861be2856d25821f3ef0317950c369044fa,1
0x3f4373afdde3d7de3ac433acc7de685338c3980e,1
0x61b04d2b5cb1f1f8505e7b4e1cb3d9e8a0b15bae,1
0xa75c93e895dc2fb3b034bf4ac59cf85c4c99ae1f,1
0xb394f1aa30ba874df3ae6097bf4c2474b2d8f3ac,1
0xd88c17aad286da44d7216f487b9a65ce1f7d4581,1
0x4efff5ff9daaa5ef9344dbb2efe5de9700760b0a,1
0x788dd831546ea3b490bca5060ba3bd78a46ad9f4,1
0xd4091d661a44648d61bd3bb51e129d0d60892056,1
0xe8bee2f6bf252ed9efbbd483ca4093ace7350c92,1
0x72cea5aaaabd1cc5232bd2117e5d21e83cbd0e51,1
0xbfb7969e75ee4e58620f74135d167f5bdd60800a,1
0x3927e502c865a2c873a735775e224930eadfd2e3,1
0x662e25c81c2000198e2dcce565d2e8a3b670a5ea,1
0xca300722464cabdb4290c4c7f8426c91a7f93955,1
0x4a95836eae95b286e20b3296aa49ae59712a0d87,1
0x8144be01afb047a3e0d17472f65f10b912bb56c1,1
0xb9cf551e73bec54332d76a7542fdacbb77bfa430,1
0x289256fa6de33947fd292a9e94a738c3d986f8e5,1
0x3a78c445a403c72080cf7e29a1193e79656c6ac7,1
0xfc544a5495342a523703655c321fa1eb4a1c3902,1
0xfeb41f7dc10c98fb5a7995fd9c5de7c83e02dde7,1
0xb9459e2778f142996053517bda1b69e5d34fff91,1
0xdebd22d7f63648dfb69bb6e2a4c88264d578c0a4,1
0x9b51f735d58d6ffeaaec31ed5b5d0ad881db6204,1
0x35bb964878d7b6ddfa69cf0b97ee63fa3c9d9b49,1
0x0216ac50fdb6b46f6b74254b84ecdd1d431d670c,1
0x7ae4784a907460858231609f565bd9580f609b05,1
0xd0981e004f98c7e0de915a6b68a73a2773f4ec48,1
0x886478d3cf9581b624cb35b5446693fc8a58b787,1
0x46f7909e605fec492b05265c7c6ecb46e94675b4,1
0xc2eae510765182c15d5857efbc099dee3ebb04fb,1
0x877d45306e8c7506e9a20c9b7a79bdda97c4e7fe,2
0xc4c4aed3871be9ebe51316e2ac888635ff633106,1
0x00ff192363430a35abbf968c535b64147e88abdb,1
0xb196931ec22517b0510705eb56d5652fe73877f0,1
0xc1b0307ff325527511310c7d6fd3248188742f86,1
0x1a9aee029a1b8c69c4404890c85715cc726746c7,1
0xe49adce2fc301a882412a7a6c702f59324d9bb1d,1
0x92c4b46162461c126270348365067d4a4304d9d0,1
0x70da927bc27dff979cff22493e1ba26f3a61d941,1
0xe630ea91366ccadcea6057a12dd5f29f6a1bdcaa,1
0x8037cfedb47d493a391dad76c4f60b8927cb8108,1
0xae72c6a6fad9fa9d82d089e1ebf73b3043855425,1
0x48238faa9bd6d56fb44a32dac6185f04eabf2117,1
0x36c72892fcc72b52fa3b82ed3bb2a467d9079b9a,1
0xc422294fc110d20e70e8fa2e09efb930fd392b88,1
0xe761a9b9c149f6d3e34a295ff4695b729890b848,1
0xbaca88029d2b4c3e7e06af8e5d7df2e3ac8c46c9,1
0xedafab34d7df41ecf39938de47b2308fa923d51e,2
0x75aadbb7c36db057e5ac64183899f118de76df35,1
0x5a7a4bde5ec6064a66504321af27a82b093f6438,1
0xfa002b52433a68eed6ed254569110a294b5efb74,1
0xadebdeab678647a457743ea3af98f8b804e45c24,1
0x0713c21be9feef553e7e172f50c6067c24dad249,1
0x330bce303d27df0eb1b856da3464278db1db1ac5,1
0xaf63db4e76a7cf1920232a748b65d5c9c8689fbb,1
0x8af0b9a9b751e086122bc340188bd9d99b8c7ec1,1
0x3685ea73cd33d0d9815780b8fa8caada4aabfc51,1
0x8da288c9fdaa754f2eeadf8145222bd1cc8782ff,1
0x5feadf8ef647da7f07584b3d33fcd565b79359a4,1
0x18595f049a9c5c2019efda113009b0ec1c89ceaa,1
0x38e23cea342deea0744a4f68780053f347b8bfa6,1
0xe3b41ae8785e4107cc69f988042ff4a66a367fac,1
0xd76dfe29f0371fb0640906c699165b6bab33c522,1
0x2a3de7f82cd829f70486949678d7bcceade5b89c,1
0x23602ca06e977c86339ffddad74966e824ab691e,1
0x08bc9bbbea71d7a2ff435ab288c1ff60af9589a6,1
0xceb6798d609f86e156f36735eb39108af6d9a8cb,1
0x79e4b132776e182c7d2d4322833609cba1ee7956,1
0x2f590363120e610491ce9c29a907fc5729751a5e,1
0xdbefee517025559e7898d3a48f18221c32d3fcf5,1
0xd13e37b2bea300edda889157740fc2a0505b54a7,1
0x98b69d0b81fb1966ebe0af76789425706e5afe7b,1
0xcf2cd14ccff2b399ca3ddaea5bb5c6f6be409aa5,1
0xa478ab5fff1f36ed6c4b83f159ba1970329b02c7,1
0x1288eb773f9ab5fd2368c870f02aaf97a7bfce9c,1
0x7dd5b92716542ab2442030df6d87cec437a51ded,1
0x4dce05ee4a9046d21fd55c15656bd247e874b22b,1
0xeb775bf133c142e873f2ba6925d53107550e8703,1
0x38dff25a32d7281d2dc463a2a0f41af22ad034d4,1
0xb6c189179b204d14fcc0b608bc97243b389b0030,1
0x46bab2aae1fa10a6f19aa522558e03080311e01c,1
0x67a3a43a55bd9cbfa5d696a7ef2d57e9e0869fdd,1
0xbf99363007b348b7a019e70cce02e8ba62e95129,2
0x0a98f97e89743406a8611e1b4219a073b60ffed3,1
0x1920dbcfdf0fd291a71bec0b66e20ff8674b01a7,1
0xd1afbe4da2a5adc6faf30fcbea9e4eea0ba8c70a,1
0x0679f9107298adc4e7cca3cbf0088e875e8fcd71,1
0x55c06d471a6f04b3933947ce0af9211b85f3cf82,1
0x6140f00e4ff3936702e68744f2b5978885464cbb,1
0x2063c384e0cc27d32375fad27111d026e86e111e,1
0x48b858f0b03ffebe47ad141efc4047aaac198d87,1
0xefb3da5189a6169a61176d1357579e135a1d1187,1
0xdf067d1c62b6a94e45ced3f01ebc94ae304cb045,1
0xdac47e0ea5dd4565dfde65080a18e42190600846,1
0xb6c4ce4eae85066f8fc45093d12444c8b89a6aa9,1
0x931f974d02d25beb1f2f510fa051f81fcb8837e3,1
0x8379bd16381620914d8fa3d535f6ca9ef23ece53,1
0xe5ff7a1c22449720e69dcc6c802f0cb6ab5079a6,1
0xf5671d951c0aa6e4bd69a854fc2d15fe707ddd0e,1
0x6bfa6b948af76082f3f2b59a225e2be147c5c2e7,1
0x63f11d2060d147e75c2bfb83dbebe155b4d06b66,1
0x388160a99390392278afdba240046b8b5e73f77b,1
0x149157a39b5966410e018c97107c641951e72ddb,1
0x31a02440ec79306ca8f557d1ab1f5f7f85590676,2
0x542c5648d46462207fba8a4bd7d890b4154b722f,1
0x461123fb3a23b5503c01afdb83b0e4387c98ed4b,1
0xd1042637cdd71f99f3dc5877030e67f3789e1c19,1
0xc04208f289d3842ac168f2c373b3164e1d872650,1
0xde0ea6059f96b4f455923c27671f066365b84a29,1
0xff559fc20d9b6d78e6e570d234b69c18142bb65e,1
0x200b72949bd3db3963f84dd4b8089f51d58d2541,1
0x51db75f734f02f392452d94e06b7b703bf6ce197,2
0xdb21ee947cba24dff405ed5ee33913af4c5f7c0b,1
0xceae4ca7d082856d140f3672780029d6e90c3dcd,1
0x40e6d6e798dc878e12987ed978f23c2391f1f570,1
0xb3897952ce7a4cea159d232dae8d02ca8273372e,1
0xbc1eb4359ab755af079f6ef77e3faac465e53eda,1
0x3368b4733a4552b38b7d81c215d88cac4c78d8e5,1
0x70cc2cd17112b1107917131c2e6d939d0b6df194,1
0x30959097823e37e5aa5aa9839506edd57c45cfa3,1
0x60e5299f49cdbc13d152323105af462071b22c87,1
0xbfbe3d5dac1e55dff6b03602e87594579838f99f,1
0x264fb9ed5553017beaa709e6410364acd8f0ded0,1
0xc9ceeabc1ac7b96fc45a1c94edaa3b10197cedfa,1
0xa21e8556a8d69a8168818f16d9495f0c0efdd987,1
0xacb0ca20d2031bf7b28fddf13709ed13db7361ac,1
0xd8032e5bf3bb016c7195d1d494c9222832ae5d06,1
0x3a661a18cb0258119636dfdde098648c6ad5ba62,1
0x6ce9f49239e8adaf5bda1154262a3a054fad9db3,1
0x7fd1d8e388b29ef0b8a00ca07e2266686a5559ee,1
0x84ea8215947e5484ee59818b789de9b4555bcfae,1
0x0f5ad36cf3bb8e98cc185e7385ba063fe4cb2018,1
0xa94ba6f81ede0d81a5252e71916b5c5567ad6a01,1
0xdba78d3d196029880fb35be407401311d6dfb3cb,1
0x7988dd1dda1f35542a2b8d5f7de575563ebf068e,1
0x504552190ee73a58ce0c9ad2690e82f67ef14479,1
0xa76bda01601ebdd50512c2103a329db572d7a77a,1
0x8f54249ae4c8a73e92d44459e026c9197670f3fd,1
0x393dbc2473cb3fb7426fdc14df243b2f59176408,1
0x8cebf0887979d86ee2c878663af7b71a35d0ba24,1
0x56bdc5fe7f9752e7f5a381e394acfe72a724462b,1
0x78db9fa7214765014732cd9b32947a96473e7133,1
0x37145f730aa36ee38230c49830238beb3f4b3d32,1
0x2be96c05fb7e81b020c42086b69d21bbf427b53a,1
0xe05adcb63a66e6e590961133694a382936c85d9d,1
0xea9fb10809015cfc7712590c71cf1d8f8cc45890,1
0xdf3a3366e40dcdb9de0af5be8037d95cfbc2746d,1
0x43176751abfbd7a39549748aab57641c26df7129,1
0x96bebda13d5d706e41123f463d6d44f56ad493b8,1
0xf9e0fb14d04c3beef990ac5ae80aafd4de0ccf00,1
0x1913e738364ff366807fecbdcdf02b2170c7f302,1
0x3e0914fc2b3b67a476142020b7d6990d01ad234e,1
0xb99172161b5edfb4e01f7ee5feb4264d684541f1,1
0xf1e1c701b49b1dc2405a9e8ef40f9f88802b80fa,1
0xe447dd94b12b61100565d28247765e7a5edfa895,1
0xa10bb823fb55a9199e4f521d0a88993c4cba7150,1
0xc7b72bb1acdce3eb45f9b38f43cd31e4927c725b,1
0x7c741ed01ee259feba4b7f9cac114f48bcafacf3,1
0x194eac8180177c5261df925b872e0b29ced2f54e,1
0x61e5b700f4b20bdeaefe0eaaddb6816ecd403491,1
0x26f8fdd4f8cbf0ca1087e4f0b9e44930f5f2f159,1
0xdf8b134fb7743acd805ecdee11335dd0cca921fc,1
0xa71000e72d38e6a84d7190f59fd3dfc73931c0e8,1
0x18fa4f80a6dd1b7c420fc663ee8f6cbd72b62b30,1
0x75cf6e0dc5294bef8cb5a6fcd23dc9badbfc443e,1
0x0392c0d81934b52f64aa50c2cfbbcf28cd6141b2,1
0x9f35af4727fb91114563d8a8f779a792cb557f3f,1
0x70814fb113d5b2b22902b568b67ebef657d9d66d,1
0x206b0526f4866e7580780015cbacbb4a8dbb8c80,1
0x6c529b261a887a7c70db14108d5ea0ebc3becb83,1
0xa1958a37c21372482deff4618baebbec23c9a449,1
0x567b71b80fe93afe1db3581e6faf5f00fd483885,1
0xd7d16a716f6dfcef1e9553bf12136463f6414f1a,1
0x21b9c7556376efdbf9ee316a4ede0c8257fb7533,1
0x2e55651c54af2f2fb57191290c97887b993ccdd9,1
0x7304689aac83c3b236332b0c233878f1819ca89d,1
0x506452ab0dacf04db0ab1544b6be4019651ada90,1
0x47dc3a7aec5c0e1f4b2c71303a4b1eaa0bee3e4c,1
0x7a231b6d33f1da74e9fb593bc785b4914a852867,1
0x699990a8e7ada9e92c932d6e8fb365024fc74b43,1
0xa0494ebea98f71b0f5daafbe3c7e77d933a85e56,1
0xa530f7739413e787c205233658185edc1e68c25e,1
0xa32c38646299818ccedc6401818c2e1639c39c08,1
0xe0e263fdda4dd2432343b1ea2e49086cc3f22745,1
0x2c8875f34ceb219f61b7453b2c5f100ec2f6ed33,1
0x92ba8c06142ce9f805a35898190cc53b3a809ab7,1
0x1df3381e0d11fd2684a7ea20dae4cca1bebcfe1d,1
0xf9b0ca0da3ea91a40deb0f01b3f3a060d69cf6aa,1
0x9ce3aebe5e73cdd5357aa4561fe1b01d78f89fbc,1
0x27b455c481d62f91a7b55d09cf2e3cd70858ef85,1
0xf30f47323fd81f42ea8d55b12f9c293b3ef49a77,1
0x197fe3ee16556577180f6578050802106e8bc446,1
0x132df84e9ea2f4cca42976b4ce1a8e814e5cb809,1
0x34bdc44a9141348d3b32f2b551a9133215d51c78,1
0x9b82d32d9a43944a40e8a961e967be6856a71627,1
0x3c2eb6c5faffafa66a4869797ed385637a73abb6,1
0x478bb542f7658d635abba67edb987806dff5b83d,1
0xb94a97506e971c69f0a23e47ac7817fe8b15f867,1
0x2cfdaf06e39e5d9d3c9afe20362b725b41f68725,1
0x0c664c03eebcecb6c21e3b3bc77c9dffed5bd694,1
0xe4e2fcc5d9580128b043d12e013da428353bc950,1
0xa7d90dab198886529c97afdb77007a0eb28a185a,1
0xfe8f92770f3d79563a1f2466d80f7bdece0eee1e,1
0x54be3a794282c030b15e43ae2bb182e14c409c5e,1
0x0fca84455846d271216e5bdf0e8a984f535accfd,1
0xfb1bb9d4a4c50457d339a686212a0716ea0adc80,1
0x5d20e6c0db887b5c3281edfce5bb7677565e2b8f,1
0x193bb5dcb851ef8f75dbbd6950c962c3a5f4b0e3,1
0x438a9dde518a5510925289def9815161ff49b00f,1
0xd35fc346e15ba5b446917c9fd23a9471d6144701,1
0x5adbb3c856f676bdb50875366114f7644b82f781,1
0x8bb8bba1ccb6b2b8a35061aa65dd8e6f369a1723,1
0xf2b4a725e943b54cdabada2c9ae2727874a49eaa,1
0x1f623ee324ca178941545f01bfccfea38cda2072,1
0x407c33ac35a9edb9a2f99633243fff10606e97d7,1
0x1201d9875f6114c74724159f4a35b9657f861e7e,1
0xdf38a8b16f9bb88083c1f1edad41c5323d60f8a8,1
0xae3e29b33aa91c95b26d4726eff6663aac6d1162,1
0x3e7d1b6527b3b3555aaf149935f2d029abf843d7,1
0x753f8dab2ce1e6ec33e2967bcdd4974f60025319,1
0x1e3b6cd74d67421f01c588ca0a22809dc34a4c13,1
0x042a65aba09deb2037c2214282bc70747675673d,1
0x992913335d6565b0bcaca7e75ddc98195b98b143,1
0x19d4ccaedd75ef32ba76430af03e27cee010606a,1
0x62af590649b7abe80f8c6dffbb92e0875b65e37c,1
0x5fbe799de139710a2eb644f0410fdffbd5f189d3,1
0x75256a46e98eb0f9c4eefc197eb3dd88d559a771,1
0xaf8c805a51ae53c3247bd6fe571a1c9aca3a2584,1
0xfeea8258077cc06444679958185f4198dd4cd324,1
0x4ce87901d7356250156afd04fef88ea492f53f88,1
0xa6f2088af83fa7a0510a795c695721612c110e17,1
0xfed93f0ad93ff25993274d8245a2bb2133de38c0,1
0x037a3079e857e383454fefbea892fde12a2e83fd,1
0xc33164f7ecc76869fafd44363cd094a22e0c296f,1
0xd3e401814d1faa8ca0419ecccbfee93ac7b15b31,1
0x494e6fd90217d3b19be362a4a698c760cb3caaba,1
0x84df1fb4801e72cf6958a994dc0b690f9e7cb23b,1
0xe05e90015f6577ea1b1eb682ff8e1db1b7b6bcce,1
0xdcefc9ff1e47e458e56959154c1cdcf56003d30b,1
0x1bb7b4f7d98a9d204186b36d3852e28f3286f577,1
0x032ab14d5f69020afc87f43cacc0ef182a750d1c,1
0x66035c088491c5ad0c021a423574a8271be8dc56,1
0x1699f86a565f60fff567f23fc60bb1ef9385b16e,1
0x2a8e6a695441752325f4dba04203bdd95bdb967b,1
0x452f438aad8b675232c1fd7ff8e940d72d8a9f45,1
0x2ac217236e93bd3fa7eb2536c1b69072a54fa394,1
0x1d54cd3ab1b1a37eee51c2ae8680a3ec4f31f54b,1
0xedd1f30d69898e4cb710cfb47c6114d31e6fed06,2
0x7b50b1f2634fa38d078eb067a4f8f22a666b49a2,1
0x650b4b1c2bb3573ce7c11b9baea0012b472b34f6,1
0xbe9998830c38910ef83e85eb33c90dd301d5516e,1
0xaef0f7d5e749bc7dd4303ff5990d1190a3e33969,1
0xa33e5e1ccf57c0caf78ae399061f270dd24ffcdf,1
0xf6109779752d1fdb8b6063a158bed1b02000b700,1
0xfcbca52b23db28470eb97680d18e988d8b60b608,1
0x880c8fb6a59fb13ee7894b4fc18b7cbb529ed24e,1
0xcd69150ece65cf880eaa7b91ca6fbb7d38e97cc3,1
0x3098c04b75c7fecba9c7a80fc24c097995e95681,1
0x1aa1c4fdb3b3de2b005a363281d0419e10d1b173,1
0xfc126db15dcb6ed254a4090d896ebd6b04b21f7c,1
0x819dfc1b757c0ed67fea97e33e70cc4cc640f99d,1
0xf83fc0d27d92233e789e4d13d452d72404be6fe3,1
0xeb0c4e7244100075c227cb60ea8107cae39c3211,1
0x814842750489bb2a6f975a6bf45192d4d34375f3,1
0xca4cd1152aabcb80859add1406ab7ec55e963e28,1
0x47d278101ee9335c3a3baa14fe184f757229a7b8,1
0xe39bd9e3af2054dd193b0d0217cfbd460f104902,2
0x2cabcfdfb87df7e03d5ea9491c1362d8bfc596b5,1
0x12e7df22c809ac3fb4a4fcbda3b492ee9e5bf93d,1
0x5db74687438af3bee7f8ba6f7f0a10be76c02b85,1
0x66fa06bd24294ab3bf123153e49b9065cb7672e7,1
0x0e7a408a775af29310970de51b59501e21eee87a,1
0x129c6695dfe7a906bd8fda202d26dfff601f83a4,1
0xd8d97db2a8caec33d58420aaf637cb41058cb58d,1
0x94f052ca65a34d7f581bba95a749b1cf52689dd5,1
0x8b6a3e1f151fbd8a45539e0942918e63d35c6cf4,1
0xca339bd4739227f71b646f8b23ca098c86f6c3a5,1
0xd1380a4e089950ee3a23d818e24ccbbef003a432,1
0x7e737324cd6702e1b93c9240072ec9cc036dce21,1
0x4c97762d6b0355ba508abd284e55afa4896525f5,1
0x956f7db2fdb52de9453ae184d51d1883b8cd9d68,1
0x91215d71a00b0907ca67b25401172ab18d4b18f9,1
0xa90dc6d356b622b9783f5020722e6f92b663438f,1
0x950752398e94462732a82c2e35d2ff789aff3288,1
0xe2b76c9f15a1e5841a91b404ab4be1c3e5d19551,1
0xe28470253f0c9c7afbae7f61795d6b1ca4644b2f,1
0xfaaf6e583546295ce96316ec26424f37885668b9,1
0x41d5939a4525727cc3777073b40aaac6030a22f8,1
0x6596eca2c999f686423bf30e40ffdb55f6b6f4f0,1
0xe6a5f0bb03c43196d43badd08899396c224b8e31,1
0xb67a577a1855dc3a43df1d94b05a8f5d29570f89,1
0x017347cb75ac8725608e593ea35d83f9b2b3cfb8,1
0xdcab53e3c8a2c37cc5e2509c2db0caa6c04f3ce0,1
0xaf801d0210fe028a04496c4b3820ddf8d0b5bdc6,1
0xe6e4d92009406d08851c2e65ce6dd324ad76a87e,1
0x4fc2d05d6c89c744831e6a6959c56ab050ffce7b,1
0xe7bfc67952b0a48f4ce3db309ab1adda322763dc,1
0xdafd126712aacea92eb9fda9f148d949a3453faa,1
0xe0e31366067277dde4a391cd5d77f43cdb9ffa6d,1
0x5d5fe1910a289b24455af49ee3e41405f94b921b,1
0x0e8b82de86eb0d8dec29875d464a25a4fbdd0e8a,1
0xafa5057edc21cca0a8406c59c76a6ff61fe113d8,1
0x162106a60c744acb8d03a1f41a08cb3adb237d8f,1
0x1e47bc8b6c585dfff2e166257767050666151f0a,1
0xbf814810b44978de273191fd612aa47f7b69d564,1
0x41e12756498322b479f889af2b2f4b29a85d5605,1
0xb49806cf8dcdb108d318d6f4f7ab087851445d94,1
0xd01fa4427a05fd7944557ae94b67d90109fad402,1
0xf6ec5b0d097178a0acf493afdcda2a54545ab0f3,1
0x87da297a832706b5115ee1feb47b7fdb7c476261,1
0x0ce390f18af702cca546297845a4a51d102123cf,1
0xf1e0207ba537cedb8b1d56fc66d52e673fd5bbbf,1
0x20163ec2afd9698433a031b0a7dcd70ed77ba8c7,1
0x1ecded4519a9688ef4bfb5f15811c52f048ba1a6,1
0x2b6565c457d6e73efc15eab80b8ffa34b6bf122b,1
0xf31781b4811b737e66662997679fb07dacf63355,1
0x1471966abfe75cf87fdad8b76d657eab8400f0b0,1
0x3fc9d73f76e697113bae54eea77325fd74aa6057,1
0x25041bd00af867b2d4cbbb5190178f8046ae51d6,1
0x8169cecd991392586828011079f29d05b6a9edcf,1
0x8ba9de821d795dec74f736345a3047c3221aab2c,1
0x76490db4ca34ec8b6d709026f679e5b1ecedb0e8,1
0x11267972b5ec7554fe1b315390c8315f91c4826e,1
0xd0a030f8f91eaec83a31afc793c736fe396cf0be,1
0x0a87cbf5eec20d8d9880ad21f0260522ff5a675a,1
0xaa0ae8cd18c3aeb0bf4e0bb3507b2f86f7021ded,1
0xd8f3d5e9a199a35429870fca8befd159bfe48747,1
0x64f7de90dc79d775703bbec66a1591c7a26a22f0,1
0x621cf04ba3c8316cfcbb027c798b8f93d8f2ec93,1
0x52349a2c4ea4e4b94ada3d75c9d3a318c024706f,1
0x03f54631824fe3c5abb5d9bf50fda18219d5ecbf,1
0x3b23b754a8f59c9adaf721302a40862e387aaa4c,1
0x84cd67d2bcb28694b7b02ccb9736bc9547181588,1
0xe3b1dbf3e1824ec1a736e977bd5dbe53cda4548e,1
0xda23ab0b2636c3f9806a868278d73aef2439ab60,1
0xb0f582963d54318867c7076efae2e9d96c0eacc6,1
0xcf04c33bfea64cf5dd6ea97e2d5620f825b03b49,1
0x4f8cdb39327588a2b11edcebc50cc1302aa87cfa,1
0xd981a38d80de1c1528349b841833d3a9a745cb37,1
0xca288359ba6319c7e7c7377a670183acb3781cda,1
0x248458947c120ca057ec028b3fe7e4b3f26fdb3d,1
0xbe65d45635a400d895f0a2682c4fd3122b10fddd,1
0xf556b3d8304f6c484336641e64893be5e4c75f86,1
0xa7cafd18dd8bc1e23203058d66f89f0f0ee539d9,1
0x20ec02894d748c59c01b6bf08fe283d7bb75a5d2,1
0x74bfa6fc87e23d64451f5bb084b6fbf79f46e495,1
0x76d01054ff91afc2d515f7fea9a3e3313e248615,1
0x03024d05b1aea10b64ff3af1fed6a3df9adeebb7,1
0xd1b3976cd24333c68dc6746f891fc698da1c0a4a,1
0x614a62584658d555cc28b3aabdb691e85e002c8b,1
0xe22059d454c705f70ffe2a5706844a3a27a2bec8,1
0xc68c7771ec6a6e5d67d62aa9c6f22df69865e401,1
0xa9237c4eeebc879208e59c867cb6d7cbffc1df30,1
0x93ab3c4e6daa20b2b7ea65754a8c11311fbdba38,1
0x8613b26537bb5875c27c94b57bb61a7a14f949fb,1
0x4fa03415df7af9ce232195aebbfee491d103f948,1
0x7f6ca49d1e50671a586a76bb082dd6b3f73fef17,1
0x0d69a096b2c66310309f0ead1d6c97c4dfe87086,1
0x03f4cb9e297ea659f30e09341ee7155a7d136398,1
0x9ea44a1dbe393a6d38d5f94ab73207279ac45310,1
0x62c868061cddbe38e01e7a8295fdcec72c10ca06,1
0x017ffb7c9e5aff47d9569265d7c78b2494099782,1
0x4419e53acd2cdac4d34c664c5d1444c5c0211382,1
0x9a40129125dff8e9cb6ca8fbeb07ddc7e4a94647,1
0x2557ff3e05c43f41255a45aaa42b1ffbb35674dd,1
0x75d4fcaffb56055bf9df3574d345473e31a16076,1
0x08627cddb9710dce14c3949ce41278514a82253d,1
0x6474183ade6709a76c3c411157f501d78b4c5482,1
0xc47c0dccfbb4d1c20d53569a288738f22e32275b,1
0x6b29380bb9955d5b2df1624c5c6a72a5e69a6b80,1
0x4c48d00997c6d23d6b47a9ce8caa6027d0068e42,1
0xe776de32c9dc8889e2dcf1cf0606010a51d1abb2,1
0xc22d43928cdbd57b6725e669c1606b18a2bce82a,1
0x1c0c531442d0a7c0ced2dbda9ea02f43a0c0ccc2,1
0x7d93f170dfd65d14d58682678b7a0d171f287c93,1
0x482b9ea86052bcf19ec00a13188abd9522398911,1
0xcbb49b18f2e9d002bd79fc1495fcb6f6f87f1e0a,1
0x3ed17a125795875cc89db18f76b851611636a180,1
0xabfb3a0a0e4c1bc2ad036f4531217e2becd215ee,1
0xc2419841dcb9a0f8906d06463ae24e00e1470846,1
0x2168b2295e912a27c0015bad9f09f090ebce1a99,1
0xc85ad7dd09c9fd9fd0f4eeec27604b7fb7ae90e8,1
0xf42884e0a175a07b82354325d59be7d7d295e52a,1
0x9434c5863837829995fead4d1ad0b03e043f1006,1
0x973a2ace28745ce4715659c60ef70b9e4c044086,1
0x45576be0d36a5b9f5bccc60995746a71a27af625,1
0xb3eb9bc116fcf22c3d6d5f920855d4bf34a9b0ba,1
0x5b33b6f41e87111b7d22685b297f086b5535034d,1
0x6b4fedc18a1e8cc0523e56cc9b45080e1ea00005,1
0x5a98a362d3aa4ddb8df4a7554c73be6a4ccb3fcd,1
0x9313d20e1657ab7fd434943c931f4b796841bac2,2
0x39f3c15dd690163b5d985543484a8b51fb3233d1,1
0x162b2a0d3a1b006c89f2e5c7dde58d5de06b3854,1
0x24fbadccd6684106e24065694ac87b0e98819235,1
0x57a879266c02bd29d11c956156e9a524de4483d7,1
0x74c2e5ebf5b7d9d1f43425c77b4237533dcf66b5,1
0x303a8925d1479a49212e5f7a77396f5fab12db3f,1
0x05d23f26b6dafc7043fe94fbe85379e6bd0bcedc,1
0xcf934852f4a8048b60df5596ed2baa430a99159f,1
0x389ccea690c98a9c2077442a90d796b9e5c067de,1
0xfc382669ecf6a4f19efe1e32c64d75a1daffb1e1,1
0xd9e2ad004ac82915d7472448cef2b182547487bd,1
0xc7d4fa468fa402ee938b7838263dece5c7ee549f,1
0x806dc4313552ace9e0c21834c5c42efb02f7bb21,1
0x2500343bc827272c5e1843183ec42dbb032ce0ee,1
0x58f606e6a973e57165bb07057a75f047f42455a7,1
0x6555f8fb6a02c9c73d55c72959a9e0cebff13489,1
0xad8cb7dd25b6f814bc067149c43cde2ab8eded58,1
0x65876304b2e6da8248094808cf2a2f6022c534e1,1
0x0573383fcc26eb066010d28d96ab02f7c5cde67b,1
0xfc4672341c78f1ebc0c23fdbcbb03b61c6f2d50f,1
0x068ac234248e886cd8287d90fd750732fa68370c,1
0x36e10f7bb46a7e8a9000e20ac6bdc20721d15f1a,1
0xb6ce218c8e618ab1a71f65f329678f84e00a836f,1
0x1e8e749b2b578e181ca01962e9448006772b24a2,1
0xe422e3c0031396d5eae414e6a0f70c5535b6ec6c,1
0xfc7d068f069e712dd35b439bf6ed9df8f58d07de,1
0x41bd1e75ec5b56cedfa18a223de19a0a0768f1f5,1
0x38d779b6dc61acdf864cd289f3594ad05088df95,1
0xae0d16586e5d60d334624c115216a52b9b1a0335,1
0x49d6531aea6dced6595d50da685274766e4cfc8b,1
0xe874ba46982d7cbab5931a50c2dc81a7aeb80344,1
0xa8879c580a54f190ed53b43d30de269097ad7543,1
0x801ac1049467293c3d8564a039c63eb133757e82,1
0x12efdcbbcdd6695109ada38e33c56173c2ffe2c3,1
0xf620422e1e2cbf123386ea664f536d1016e5a5d0,1
0x01ad73aa5de7e7bce4cc80dc9bde0876efeb109e,1
0x618c7671366caaab6701f06ae9925ae682c6bf97,1
0xfac23a2a7102a67b1bf813bbc133478865158c6e,1
0xffe6832850476eb6d5ff184d747ed84f1b686aa9,1
0x52f051280e850f32cbfafd8d78c31edec4c3248c,1
0xd60d11cdea2735b3fe0ce990d37722666df044eb,1
0x42e62e421bedf2469826879ec1a0574d7d3cca26,1
0x99f8f74b1808bd7f1e9e76b7d82151b35dfdd6ee,1
0xd049984645ebf6eec57459c99fce8f65510c0c9e,1
0x065094af6f8e06c0f0530bcf7d589e4d17608dfd,1
0x571493b6bb0b99dda41e2da1774b8c9b5bc302af,1
0x027050e062ab1a7695e2b4ac3b7efa0d251d3d09,1
0x052564eb0fd8b340803df55def89c25c432f43f4,1
0x1ec5b80844ca0fe85b2249989f81a41b072d16a1,1
0x3a0c596a40bbbb558d86b0f692884aadf1dbf20d,1
0x2c45f65d254e85584b47ec82450c91a30cfc6be1,1
0x30f96a8defbfd7729d1b9ca0cb148e0c8460b9d8,1
0x07b7b8a6977cb5e9823167831e8cf3397fc59283,1
0x3d20c3f372207074df1a0ab5272c7168ce23d178,1
0x64a9f2ac5cf796231e3de058f4eb589b45784ac9,1
0xfa0371c9bd1729f67d84bb374c867e837cc6b84c,1
0x60c4ae0ee854a20ea7796a9678090767679b30fc,1
0x37ea6c993c5f42e1fc3455d5781e4a580760970a,1
0x34433cb54d406d231cd511567f33ce1914fc888e,1
0x5dd5eafe84357a8bd7a1ac69f425e11ab1e59bb8,1
0xe5798a530bb7105e148d38ac884f05c28ed8e804,1
0xfe8312a959e031c7d4cbe3f9cdd3ec8726d0d80e,1
0xeb8661e8548dc074b9ff411080fdd9a377e6ed1e,1
0x2595aaffb353e812bb5cbb63f7f62e36fe528f02,1
0x8a9bfdc136d5d1166497882af5d8c9718f27fbed,1
0x5d4e840aee5c438934a4dbf8687d9624bca637d8,1
0xe703f231ab056ecb99c92a1232cc1020acfc72f8,1
0xb3c0bc50b421ba2106b8d358d9cbe13efc096418,1
0x3ad7761cf3ccc95ec5757ad18683c777bfbcf83f,1
0x437c3056e488b3ad705039770a8c9d7446258de6,1
0x7c0aca16d409ad72f1729fdda4205374eb853645,1
0x852c03de41993cf180bb8bba83e232a99e2fe635,1
0xaeace7f1deba36e5fa1ef9d8eed3e666183c1180,1
0x53405304e94d35ebc1218c79dd6cf534d9f70ad7,1
0x399ae621f85a6d4407904e94c0a3405be9bf4a1d,1
0x086d21b3125e01338ed4757b9ce8b7b44130e07d,1
0x70e680b9493685f72e76243c09993fca768eedf1,1
0x2ec31068d6451510841578981081124a0f75cc64,1
0x3d96b47d7743bbf9554d1a44353bac120920a03e,1
0xa8f1b7bee4bb60311511144ecd6dab7b04ef2735,1
0x764abe778aa96cd04972444a8e1db83df13f7e66,1
0x0aadeef83545196ccb2ce70fabf8be1afa3c9b87,1
0x7b2ad6af37be6a77c95556d9453e4877b6a8437d,1
0x080ffeaf914180e18f69092d66de11925434b540,1
0x89fad20f29de44b28c66abcd47113227e8308479,1
0xac32ea503c5e3e03d7e079d7fba99a168fd69b6b,1
0xf4141aef39803327497f6b81a21bb3f2acfa2436,1
0x614b89f072ea263a9387460963142e73548fbaf1,1
0x261b89e16244fa9a1288e75d06544992a7d63768,1
0xecea65d22233e7beed752a06c46cefc6c90a1d7f,1
0x7c397135064965fe5c25e25b643163ec33bb8b06,1
0xc5ed50dfae205376b17875da80b7182cd3717af9,1
0x0387876a09a45581109eecab2ff4ac049e76ba37,1
0x7b5b247c60796faffbbea317692486cd080cfb3d,1
0x134df2b18271238147e7944889527a3b7c6e90a9,1
0x0aaaac358f29ca7290f78651ae9b08285b5e16d4,1
0x3c8a67ff9d751c3cce50c9acf617959396daacd3,1
0x883ce32e186c69559e94c8ba276bfc4322fc194a,1
0xffdfe70f5a4d8cbf8778fc2b7dae8a81790f8fed,1
0xc4c65d75dd6579671db24990bad1f502d7c96c8c,1
0x0f0eae91990140c560d4156db4f00c854dc8f09e,1
0x9d52fd3f58557f3b5fcd2b10314bf566cabca60a,1
0xc6411ff69f1ec6bfb4b082f47db61dbedcab250d,1
0xd41df4a30fbe6b282ed6294a704fb33090557566,1
0x32fe52663eb897ada00a2bfab74c2834ecde0628,1
0x2fb5bf565ca66786bf2c2b3f7f47b5e0c650768c,1
0x982d3c5223f6b5794fccb3208eb164d042cf2526,1
0x24d579be58c48f6ce7b6606a5a8d434ca0f22a58,1
0xd81ce8e89dd987c8ab630858c8f1e9df14788c35,1
0xfb469965ec425d5b83da58dd75a3a77ac06eafa1,1
0xed1e25178d7a6438c356d3459fc3efa9458ad52b,1
0x54669ca58bf3a59caea8ae5135db491e4738f65a,1
0xecbd845ea648f597775ed689673dcf81855dfc61,1
0xad30b79c749c458601ddf4817dd768c0b4fd932a,1
0x7895e668bd43c9623af538f274c06cb22cbc74f2,1
0xec034c3abd17fbe51b10283d0902a1210041fc77,1
0x5ffd8de19910efff95df729c54699aebcee8f747,1
0x1d1617acc8d03bfc2193c285d5d2a0a8a616895a,1
0x196ab3e637219ea9d2efdec0523006af0c1fc8f1,1
0x107752288b215467de25c16119787d715ec8e26e,1
0x740c37bb711d6372ce7de36b2c20a8a6f906b474,1
0x22098012d15b4ff9a2b1da8d658dae8e5d0d3fbb,1
0x7c2f06ab61a94fe9760cc8d9ad35a33c0472cb8e,1
0xb2bc498a214282efa54877ecd082165d4cf86df4,1
0xfb451de6e57f361add4be1a000468a96e3c79929,1
0xf4aa421960cce8cf25190af71acc6949e848fe46,1
0x3a98f478825d9114eb118779a75fc9b0998cb9ec,1
0x1d4b9b250b1bd41daa35d94bf9204ec1b0494ee3,1
0xa3785d2f231808d54aa207a84aee81c85dcbfb21,1
0xb2c21980ddb10aeefa8ab10cf79a036aff89376e,1
0x9c99bf82fc38713c471d4415f66c8336d361501a,1
0xf987a65115b267bc9a16f0eb52b7f7e94e554cbb,1
0xeb0bd6bfa6d109205f857caab59f651fe7631094,1
0xf4df143e90c2095e173f861a22f1e6a2503d06cb,1
0x22024cb67ba812ac6ec84f8e1fe2241c9ece0375,1
0xfbc76261fd55cf91b81a97dbcc2b3f6118f2b935,1
0x0fb7f9eb8e9bee4dd70dc334b94dee2621a32fb3,1
0x9c3b4b2d4101f2280ef9b1e810d618648b410340,1
0x29a8fcdbe61302b42b05da77c7db2ef21ff630ca,1
0x1ad6d0c6b76bb9feccd139c4920eb6a88e6d2486,1
0xdafa9e3dae493f0b9d6872eff4fda0f40d1b7488,1
0xd87ca052936bcc2b6283b87d2f0aa95cf0080584,1
0x0b3e3a27d85996e20b2cdd0e7f1e1208816d05b8,1
0xfcb89bf7d52241add4f474693f2210c5c832f188,1
0x6f113b0c8c7266d7514e4986e3d6aaf013b6754f,1
0x04c95c6f8ea7ff7c3f7a2f148fae75650c5a875e,1
0x193959c6cd6a6b36f150b173383260cfeefc59f6,1
0x90198c48129ac7564933f8bab85669e303ff6b9f,1
0x4c3daaef71d76fe12625e6be29d1c073dbf4e989,1
0xbe957a475844c127ddd207b4ff1f63900fd13e57,1
0xd42d52b709829926531c64a32f2713b4dc8ea6f6,1
0xacc4b6f3ca8d59f631c1148dcaa52b9d7f5c819a,1
0xe04da86529bc2078c8ae3474b2d67bedf1139c95,1
0xda4c79ccfdcbfa9128b1e328f77e5f9c6ad72a44,1
0x3b402b7d44b647367686f20b9905cf4a6eb6349b,1
0xdb897d2dba51155735cfc39b79f3c47380efee6c,1
0xc72dd02e34129c57f0e68fb9e0df1fe185d71857,1
0xac01ad9a3e3c3448a5a0e6fc798def034a01a67c,1
0x82a214b23c0119f0c37be360889927d68c2caab6,1
0x022b266d1aa39725a4e64aee661f0277461e4e39,1
0xa1cecd5e4f6683189c3d4f832a16600c20e5b42a,1
0x23787626349cc170bfc512e5b5e3d3f44e00d02d,1
0x739bff790640f42a1ebff6731907d46effab2a20,1
0xe6ca11a7b413866c6b9b284b5f3af3061aedf785,1
0xe01a97fc4607a388a41626d5e039fdecbfc6acd9,1
0x56c1e427a420119faa74c66ff345544c41cc6526,1
0xdd5cecf2835d465d490f79ad9773a848805a3219,1
0xe144ff7a82ae2d6439f2c7bd2ccb7c1c94344fc3,1
0xdf8465e364c5ba32bdb44d83b302bd163622a263,1
0x3e6b87ff2168d15794a865d09a6716415e7dbecf,1
0x468cbad61a63ef6d753ac395d99ebacddcf437ad,1
0x176ab08b25404b8b09026731c044daeac68164ba,1
0xbc9ca5bd0f07700929f8d538233b0a9e60f4ddc5,1
0x0ce98350b9dea81fe0b47dbc4787a1e9f8f1d7ff,1
0xc7b85a9ccd23894fe34bb5462c4e902742faf22a,1
0x07587c046d4d4bd97c2d64edbfab1c1fe28a10e5,1
0x60acf8d95fd365122e56f414b2c13d9dc7742ad7,1
0x32e263cb9003f7fef329080bdcbc82f5cfd6c02f,1
0x04294157cfba9ff0892f48f8345ea3539995f449,1
0x6954ee7ede83ca555663704fe7e2b1528ff2c619,1
0x7015853f4be641296f6c92690ff69fd36704dc2d,1
0x89d53e8612e8416bf960dc9444ce0e2a0878a582,1
0xb37c5603fb0c6c2e2b62d0525affed9e1e5a6a19,1
0x5c95598fe454882fec1139c3ed1284255b49c8b3,1
0x2a74bd40df54a0065aeed3cd764ac37325938b8f,1
0xe26027e219998c0acfbd00b74795dc850aee244a,1
0xcece625176cead11c8d2dd6149fda2496b0c192d,1
0x0ccbe7a96839ae801e7aaa51a63dc41584fe8540,1
0x50653be1455d3700ba959414ed15a070e5bc098e,1
0xabacabb941280fc5f94a98adf04830d1625c16b0,1
0x343e85ac3009ac01538d4251900ce1a2b7d7ffec,1
0xa73421c987e97278e9d9f7e55c687c2ab114b853,1
0x09b2f0988b6d24336b348c84c2764d2b4f85142f,1
0x3a662f787168e8d856e801c75449876f4da9208a,1
0xff08bbef8f2b6986018fe3bb62850aa7db843b40,1
0xb98af149b33dee33c97650e877a497bd6a934d54,1
0x217aa3ca8d6755945c5702e1bb2bb3e73026c73b,1
0xeecc9f94c674161e84ab0c60c020432ea8f88bc0,1
0xc6c3752bdab737b8cfa174e6ecfa620ec0cc162e,1
0x15fc6728ec8d16b66e7151a4df7261b331ff8b7f,1
0x19122007e1d9b120b167e714b53acdcd80c014f3,1
0x9bdc9643fe2a3bd8690171b7b82d55ce3cc46206,1
0x1ee5106b2233169b84dad2acdbf498b29c3c7d15,1
0xf824ef230b0f7fc9038f9fdbc249717419219e77,1
0x631cd42eb1063d1fe2b49a78744f3094702edbab,1
0x493485c7b822d077f14bd6484a5c40f2adc91c96,1
0x3dbc93aecd50e485ecd2dd6dbe73d1ec19a4d839,1
0xb893ae8a1824604f6df4dfde52e2754921ba1a73,1
0x568a2e5713458a263da2b86cae2f6af0693799fd,1
0x026e3a7cd4ecf91a8ad116a6124880d876af3c99,1
0xc6cf5a020bcfc65c6f8181c04cbb5ef5050fe28e,1
0x3db9ae7d5341249e15bd7d02f248a2377520d365,1
0x77863da34ca9d4872b86fb9a4973792ca6a11e16,1
0x834a9484537c2760ef6d6e6736d1ea800d67966c,1
0xd9270fd770b3e06f7b4a7452f531f035826a2eac,1
0x99e638598db40540b9a9ff3a246f2015d718501f,1
0xc47e595b445844916c4648870efa1736e4844e1b,1
0x042f2f42bc46626f07d400e7aeecae0645e4a220,1
0xc7a295b1b2df1efb82aa204958b98ac30171cb85,1
0x6372d3c71aa13be4942b1c854b01608f97572e3a,1
0xa5ed8da239f400141427800da33b602a039f2254,1
0xfaa8a175b8b0fd2ddfb31347282afcb53870ef1a,1
0xd40b63bf04a44e43fbfe5784bcf22acaab34a180,1
0xa56c04347abee42f663eff9bc2d0147b97c8f782,1
0x80870d798bafb17877d6e82f8a5681515e43c200,1
0xcd8b72710595c69019c109aef5b1b92eea7f995f,1
0xb22fcb2dd68512e65e26bad1240368475604293c,1
0x5b8ed97b1e85ea4e5e96c3a6e00b0835b087fce5,1
0xb6cf25f5cf8a1e1727d988facdd47f1dfc492caf,1
0xa081ae42802e0be86f5a6dd9274adf50c9986a1d,1
0x652e0569f002b06bb82e12a1413385ebf67458e1,1
0x6ac7466fa71c7af32f4ffcfd20016eb4fc9ad879,1
0xbbdd72fcce73c2626719be00259ddffef0d5673d,1
0xf81c1d67b9c1f80eb30c610e2a78c2a1b1fb013c,1
0xcc47fcbfdd6e558fb39cf5ef4d92e59890476b86,1
0xcae48c78b41fcefb2c6313f4b57fd2a3094e0f68,1
0xd6a451d2e4a438d6b225bdcb43450c8604e59b36,1
0x29cd8d94a4e564a6d6576b467ea0bb9d51c9f05e,1
0x76f51986e21495178646cf499d925b276c84ba4c,1
0xa3d998b61e214f5a1963ef52a19706a3a2a136db,1
0x01e2fe12ee3c5ce5056763e7a2380144491be772,1
0xdf95a9ca4f6a7dfe2576ca99d96417a62deb2e0a,1
0xdb486464ba28b4a5cc56e1926ce9739aa41c713a,1
0xe84d612c36ae63c639e7cdbb0aa9ed207e58e658,1
0xd18ef68c7408fa88937ec26e879d100f974b4f90,1
0xd809a687e957761872b440909348fa6547cafabf,1
0xf9d6fce6cce28c0cd62c5caf045f4f6233888989,1
0x1c3c1c24d4cf6b2a73f4bbeee33d9d5ec8048aa2,1
0x1566ae673ae80725bcce901b486c336e6acef465,1
0x2bdf1a698d39a4358e2c162deacc038fadb8a9d5,1
0xce90a7949bb78892f159f428d0dc23a8e3584d75,1
0xe8a05c7f4e9c1aa060cf941dbb50381f342d7d43,1
0x44b4d430e7c56e4ca04c5799e561063ccc1f1df2,1
0xca3dff8c740dee29528916eb049cea48f500d387,1
0xd62af0477b1991197da39a38cbf9c7199f4737f3,1
0x5c99e810eb0d87f17b0e467de52b3b2b4b2a2dca,1
0x1324427e278bc9fc462aea1d7af289c3580be609,1
0xe97c4939f1215a95eaf37516f2407494ee843359,1
0x1e31c76b78ff00e3cb64d41d5844626d991ab9e8,1
0xbdb0dd845e95d2e24b77d9bef54d4df82baf8335,1
0xfcdf3c2b2b6ba00e6db59c70c424b27970ff3974,1
0xb5629e105c28425e5f6e76db57b2cb601cc58581,1
0xc4cf16c4a92c8a147dd21d54d5ea05c511007b10,1
0x4f13eabaf32ef4ad3837ae88fcfc6c69edba0377,1
0xa1ff0c6d0e5995ff859912421b5df89104a32f5b,1
0x9abc30f3fe9e2d8fb49bd9d2376a22da2dfd44f1,1
0x9feba45425c51b03890604d6ad51f4ee7c9d4866,1
0x301cc218009608e59f9647f4b7dd8a49be8493af,1
0x373d419979862c6845e74cee5ae1e075801b6abc,1
0xd35f84a9f82fbec2082b2b6c9afd20b4a8f7c959,1
0xd6ce702632f94069e138d30836194b121f047e79,1
0x3cca02f925ee47a0333d3e40b98956479b580d89,1
0x8a3b8dfe66bc420c1da15af38bf1ad3640594538,1
0x97963380a1ed099905a7f3d8207e650caf2fdc05,1
0xce013eb11d874c8fa60ec9007626e154f33ef2c1,1
0x244474fbcc4a68b4dc8ba70c6533f0afaedcdf61,1
0xe91a7012ec1c170021b9038dccbda484924c1354,1
0x8e6d18a600f8bdf70074d93a7da57932f763ac85,1
0x33e8d10459643faab56f1974291cb603b88a09f8,1
0x8874174a2366668d54fea6343f71709389563c8a,1
0xfea9b1760505fe0ac6ac48c30bc81c9d7431f554,1
0xf15a6b54e68884d27e1bebb1624d70c227b7d04b,1
0x2206445d241ccb7dae93b2d2acfc67f75b90fd76,1
0xa2321ce998844cac8a2f67a481fa3e23e4c6f039,1
0x3bd5e344ac629c9f232f921bafdeeec312deac9b,1
0x4705bc2775cee0fe266dc2a376010c0eb1bcb474,1
0x1c356f1e0eea78fae12c999c6a39d603573fdf81,1
0xf1fdbc2df5a9e999a15589780f39809092d0fafb,1
0x83ee0325fe8dd7d2734c9191bd5f7c532951dee8,1
0x6e63a4caeccb4f341ee9c9175c9cc554bdb6d10b,1
0xf74b25d3f6616e51b2d8be6c8cec54b045229655,1
0xe96eb4507a1d162bbb99301fe592d310e9489e40,1
0x0d08c74268c1260d9b50175c41738e1a45819700,1
0xa5894f85b5bb5145a69c3f4a41bb4918a8463701,1
0xaa677fa158fd7978fa4fb805715631d032175930,1
0x6d8dec3fd68d94a7189a98346ea52b4d32e00012,1
0x1b7690aebc8f986a780a19d74c5a9c293edb0d44,1
0x1e2fa044a25bca1576ed94562db50f51dcc24ca8,1
0xbc5a7cf988f7e7e8f3893cd0ee1d0786cd4af889,1
0x0804f1be8bbbf75ff17dcf9aef7c505c321b7303,1
0x92e23d20fac1e040b665242d3fef2540a14fbbd3,1
0x5467ce96b3d098ca2cf6ffd226c87f1929ee8507,1
0x1a7f174dcd4211d41c7c4d7dbb3a0e4db5780c67,1
0x733983a4c7e778ca9f57cac6ee361c4a9b24e4b1,1
0x41465c4671111a2843f8f43eca53418d098bbe8b,1
0x6b3f465e00baaf9e3478a86e253aa6620720f3ea,1
0x692997405c1cebbc56ff3416fa0b59ab97fac696,1
0xeaf07f7df15553a1dcaf11ad052f8591e221a459,1
0x832408210f74c5cd8ac6fd8ebc92bb6b8a7834a0,1
0x9f910e638591f609bacd3a11f709ee83a3828a8a,1
0x97ece7185467c78293f3b796bde3704421d4fa69,1
0x50f8c08b0124092e1001b355f4b8ae2df85f715c,1
0xbaea3cf94abd0d6e0f029ef5b0e54e9424a72985,1
0xab2056903a7b62bac46f45a3d7a70ac799ca88cb,1
0xcfb3adac1f63fcae9b9c559afd60fd2d6b52008e,1
0xa4b2f8d5876ecbf976d7e983c9c9b418b21e11ae,1
0x331b4a1242ad6a794ef127bd61fe57d7bdfdbb80,1
0x98f1bda2d45ffaca73fcf2154e9e007871e14934,1
0xb4bb21f96a5f8ba3feb0dde8495a4e312dcc356d,1
0x0c844ba95ee1d4a7c54ef35435775e2d5bd2a3d6,1
0xacb818130ac9cd4484848848a0ca3e7dda4bb265,1
0x2924196a2ec71ea4ae1b1357381eccdcee6c18f2,1
0x973231cf471f768f0939042e0591da1b15f4799f,1
0x5d89737e854c860d25e106c498c6dca0b516ed7a,1
0xc8bc8b83d592f9c72ea3ff494907280aaf096605,1
0xec47cbbd9e05f8c4d587eb604f41740b0b2f33e4,1
0x39256c222e2a16db63f21da9d8266fc6f95f45b9,1
0x31c72d0d03adc76456d3c14a4fe19f8aa8307c16,1
0xf8aace471723dba6514f6c6d43651611a0c34529,1
0x98cba78ba705efaa9c9d9015b5c95ba1e2c3b2cd,1
0x4c95915aa398c0e4aef6d7dd1ff5c0f9adbf9729,1
0x2a7999c9c0ae20e7b64a126f838351bbb6c120b4,1
0xf031d015a1bef62136694b05c6d83378e13ba71f,1
0xe50d9d1d59c96bab775b733d17325385d1c66d60,1
0x47c553e889f7bfa75cf3775473180a04e9effcfa,1
0x04d71347029a2a443eebc664ebee13d0e6764eb5,1
0xcdadc18eead7d54ef91a7bb7f90f7aa81797179e,1
0x4ad5bf7218b6695630208560bb62a38016ed64b3,1
0x48d26fbd89dda10c72cd8dc7b82b9eee0af6b48d,1
0xcf739b005e1ec76ed3fa800fe73747ef79ca990a,1
0x762da606029d3120735aa1eec15464e265db7a3c,1
0x8f72a6934ce350b19432a3dcb1c698d6f7b49fb6,1
0x0c55e7d45f53b6999732a75917df6eb711e58674,1
0x97064190190d4e2fb284a2d55dd53504e291c4cd,1
0x97e98bc8faa00f58a33e04f33fecfc043945f809,1
0xbf8cd1c6e339f2c8df7ba8352a13af0c09547120,1
0xb79ca1348ae5726adbcae2bfaebd24b078743a59,1
0x116723a14c7ee8ac3647d37bb5e9f193c29b3489,1
0x6c6e93874216112ef12a0d04e2679ecc6c3625cc,1
0x6f0735bf1e6c69030d6990cdd580345b370eb50a,1
0xc4f5b7207d510e2f35d045b278a29f57dbd9d15f,1
0x1cbf9983e0d59276a58db8e8529706004fcb1837,1
0xa39d385628bd00438f8a9ba4050a25a0210f84eb,1
0x0c8b2a93750998de03033080256eb953ae03e3c4,1
0x4a162ea613912dbcc7034867f67f667cb5e8855a,1
0xe59e088489a85a6de407768deb671c7e493fd799,1
0x6811eaa638b04aedafeaddfca36c50ea303b1866,1
0x44f2afb689aea37ab17feb2420f17f9a3e851307,1
0xc97958ff5370c56b7e0e6fb58437f00702714d49,1
0x80bc7ed2ea22994f3757f47689e01870e9775fe9,1
0xd3069c9e486a8b77add55ae3ceb3a4b138fb76c7,1
0x0c481cd7d09bdd222351d52622d272367cb3d159,1
0xf0f2dda4390ccfa0b5273c3f3401a76a2de37de3,1
0xa008bbbf99a8901cc9c27217f666dd6abdffdb99,1
0x55dc2a116bfe1b3eb345203460db08b6bb65d34f,1
0x22418183c90741bab6606c0e0d240ae6c3a148f0,1
0xdafcf1931a891fbb29a29c47ddee5ee76e24dc2f,1
0x75259686c1c967399eda0b4b16f16fb0990f9615,1
0xd36590461162795ee33099b2076a0d4e017ae17c,1
0xf27fb1b516b5c016644de3064ef5e7720a980e37,1
0x97e16b5e10a5b1ff1f00f6891949021419bcb96e,1