0xfd22004806a6846ea67ad883356be810f0428793,1
0xe359ab04cec41ac8c62bc5016c10c749c7de5480,1
0x8ba68cfe71550efc8988d81d040473709b7f9218,1
0x61d9d9cc8c3203dab7100ea79ced77587201c990,1
0x3852471d266d9e2222ca9fdd922bafc904dc49e5,1
0xadd72e24a9e9117aa16d253cb421cb93b00240e3,1
0x1b7844cfae4c823ac6389855d47106a70c84f067,1
0xfe3b3f0d64f354b69a5b40d02f714e69ca4b09bd,1
0x885846850aabf20d8f8e051f400354d94a32ff55,1
0xc3c9737cce778d7583f31ae7c4f2ab8782ed51e5,1
0xe16df6503acd3c79b6e032f62c61752bec16eef2,1
0xb56ae8a727cf38f1f4716aeda6749d2af340d8f4,1
0xbdf82b13580b918ebc3c24b4034e8468ea168e21,1
0xef5ab90a44b68d4f5e3f6be6af4bedb12cd2c66e,1
0x02b294ed96e1175b8c71071a303e8a7d2396b017,1
0x22e8efe40ddb7f13b17b4c10f768967fc7a9f875,1
0x29c2188c6c318ab5cae4ae4b11a49edf2ec9ab0e,1
0x3592283e6b611f323db089b82946f6df2d1948ed,1
0x631d96ce9876d48cd2300473ff4124f5e0e084e8,1
0x7525e71f51bda1fbc326000714d2fc68ed5aed6b,1
0x82abb5df200d2998db4e80639b145d052ca40062,1
0x9f6ae0370d74f0e591c64cec4a8ae0d627817014,1
0xa4df50f02a778bf281ea0db761900d354449eb17,1
0xa71000e72d38e6a84d7190f59fd3dfc73931c0e8,1
0xccc9bdd130f0c03fa5d12b9a85e9e66b087457ec,1
0xd36590461162795ee33099b2076a0d4e017ae17c,1
0xe25b24cebed3055236e369570a437a99e1d32602,1
0xe7c5ef2cee9c15b04fc7dea61a1ec443dd8e7fd1,1
0xfeaf078e2599bc6844cd14c1b48a5ae84e91b06c,1
0x16dee223fc168abff7b979813cdf15866eed7e8d,1
0xa743c8c57c425b84cb2ed18c6b9ae3ad21629cb5,1
0x54913cc8ea17731d62589039dd0152f306473843,1
0x27fd36e07bca70e64bdc1425e6bb5383d5089b62,1
0x2ec4a2bcd4f33c7c9aafab7cfa865ec15508bf62,1
0x96e861634b4c0e0a9e7c6a65dec549cc2a8a0e56,1
0xe22059d454c705f70ffe2a5706844a3a27a2bec8,1
0xc839de0fed241607d50aa4107ae582443b906e4c,1
0x147f466fef6bd04617fc0c8037ea01c73bc25a3f,1
0x41254fe73d3b49f0fe3cc7743b4d40ef26bb338e,1
0x97d2b1b4a249ec77d56fd1576546996d14f7db1a,1
0x1b6265a40839a331ace2d81bc82b6104703c0426,1
0xb42ab92f5af0f162fffefa2b1e12702ce3fc9e17,1
0x88a6f6ac171e24be54d95dfa7ceff80ff185b346,1
0x84aeccde4c9f217e83d3fa28c31d34378b903f91,1
0x614b89f072ea263a9387460963142e73548fbaf1,1
0x47dc3a7aec5c0e1f4b2c71303a4b1eaa0bee3e4c,1
0x76d078d7e5755b66ff50166863329d27f2566b43,1
0x8b4d0402f7b2f063f255214b7095b5911a257a30,1
0xb0728e38704fcc7ab3fc87d7aaff434e6b4b6ea8,1
0xddfd836f7c9e42055b1f6ceb005fee4c7882f161,1
0xe568ca143592df06a7eabfd4d9d563f1289dc607,1
0x3cb63b82d778105e43f064ed739b0655f1f0fb87,1
0xb5374cac6cad6b025246f19d20b0d4151b640558,1
0xbe8fe12b9eb1ca2a593e6c070c71c294b6fe9f00,1
0xc457fee0564bf3eb972114762f62ab45c0e3590b,1
0x5c95598fe454882fec1139c3ed1284255b49c8b3,1
0xa90aa01ec98f390cb86cd1846f7c0fd342a07955,1
0x17e31bf839acb700e0f584797574a2c1fde46d0b,1
0x4b4d75b8b0fc7528ea2614b2ca83555824c07867,1
0x8889ebb11295f456541901f50bcb5f382047caac,1
0x7b5af6790381f932abae790e8b0d0ff50e287f8e,1
0x8dbbca57ea56290efa14d835bbfd34faf1d89753,1
0xa978eadb605761725d11d3b3a4045cf5859e2d3c,1
0xd69e257ae6088b717ae6d2ddec9297703b4fb725,1
0x7971e007a4e4d4dc1f8380f5d91d3f52b5e53461,1
0x60acf8d95fd365122e56f414b2c13d9dc7742ad7,1
0xc2e8ed8cc0be70f91fc9aa903d5f4538719d7dec,1
0xdffd6968900b3f4f667b69c5f9df65d9d7796a1c,1
0x9caed8a01c87721570de895a9725334a0a0cdb70,1
0x78e37b881d078d4b2f90de0422dadfd4da50ed4f,1
0xc7a295b1b2df1efb82aa204958b98ac30171cb85,1
0x9769334fc882775f4951865aa473481880669d47,1
0xc6411ff69f1ec6bfb4b082f47db61dbedcab250d,1
0x29273917eb777b8d227e64ea423d07e6246088fd,1
0xee3aa3fa5b780bc73da73a82d47fa2d8cdc1a647,1
0xb08f95dbc639621dbaf48a472ae8fce0f6f56a6e,1
0xd2b9f9d1e6734f241b2a6eb64ef7f6e63af0a97d,1
0xea0ed16746257eb2bc11de2fefd63cdeece23a98,1
0x1a6f0dddb884854355023a2dfe26e9174f8e0290,1
0x144c704bf25f1865e4b24fd6596ffed7d92470b0,1
0x75b772f2bb4f47fbb31b14d6e034b81cb0a03730,1
0xba12fda058a14eb03c14613601c3a30d6f955196,1
0x69cd43dd4ecf3a076b1b9d2cfd41589987129bc0,1
0x4c941a23ec94580d3b5442aa8d5851583fd8bcce,1
0x68d45e76a87e9f1706e0d36b7815c8dbdb7e6aea,1
0xaec3f7e735505c2b787b05d67f4adaefe3dfd678,1
0x6140f00e4ff3936702e68744f2b5978885464cbb,1
0x6232d7a6085d0ab8f885292078eeb723064a376b,1
0x8af0b9a9b751e086122bc340188bd9d99b8c7ec1,1
0x0843e80240f9304f3fe7059f25f3e1a66886a0eb,1
0x51097b2224ac6daf640206f31d437faeee951d54,1
0xb62b86353c9c38665f2a3843ea4eb6f7eef9e5ec,1
0xcb85cf75d53fceb37af86b475903817db2b99d17,1
0x8874174a2366668d54fea6343f71709389563c8a,1
0xc97958ff5370c56b7e0e6fb58437f00702714d49,1
0x8f6504b48c66eea4e9fbf64fe220e02f1cc4934e,1
0xa59422ec0634a0263bcdfce5e29dd2df3803447e,1
0x6d1db4a7e83dae0eee7e95d421722d46d2a7e94b,1
0xbd3a5d12af9fd82fb927fd26216e4dc2722d2337,1
0xc40d07925d1ac5500e9dfc4e0a05eb24a75d195e,1
0x32e263cb9003f7fef329080bdcbc82f5cfd6c02f,1
0x753c892626c4fa09d1aedc0e9b52bda97a4afa00,1
0xbbdd72fcce73c2626719be00259ddffef0d5673d,1
0xf161ff39e19f605b2115afaeccbb3a112bbe4004,1
0x832e47e53df5c771be86a3e03b49cde53088b156,1
0x1e47bc8b6c585dfff2e166257767050666151f0a,1
0xb6cf25f5cf8a1e1727d988facdd47f1dfc492caf,1
0x2d0ddb67b7d551afa7c8fa4d31f86da9cc947450,1
0x8b4567fa8c4715c27a682215a031033a8b544206,1
0xfdd41f8325e243f200a34cd2fa28594efd5e4c6f,1
0xebaedb897fc974f35bf36f075d60cd75e46d2d4c,1
0xbc30e90dc528ece58c1a51b6fb6d572838416489,1
0x0a98f97e89743406a8611e1b4219a073b60ffed3,1
0x16f3d833bb91aebb5066884501242d8b3c3b5e61,1
0x57f02141f2d91a024032536ec61c974be76eb7c9,1
0x7a231b6d33f1da74e9fb593bc785b4914a852867,1
0x88d3574660711e03196af8a96f268697590000fa,1
0x8f160eb907a80517a3fa6d22f7cf20f552696a44,1
0xfa977a0125c16a658a59ca1e59c7c48d58142226,1
0x72703b554a7089f93ff1fc6cc6c0e623900a7b80,1
0xb692704d590e224c67fa96830c4b2526fccaf3a3,1
0x21b9c7556376efdbf9ee316a4ede0c8257fb7533,1
0x237a86eaed0df656d8bc4ae619760ade5b4705f7,1
0xcb85b581caa71949784d2e826cf9df391c244b33,1
0xbc5a7cf988f7e7e8f3893cd0ee1d0786cd4af889,1
0x4269aadfd043b58cba893bfe6029c9895c25cb61,1
0x67a3a43a55bd9cbfa5d696a7ef2d57e9e0869fdd,1
0x8bc3757a675be4c2e459813769992ec2c60baaaf,1
0xb356ab415aafa4b688a6c457e61a4a8f7d5096f0,1
0x2d1543711bd262108fd8a1afb43d8871f76c134c,1
0x7f3774eadae4beb01919dec7f32a72e417ab5de3,1
0x6b2aa5fc4508ec023a8e355959eaccef5e3a250b,1
0x2e0d63ffcb08ea20ff3acdbb72dfec97343885d2,1
0x98004498c85c4b1997b3f669475a038bbcec2160,1
0xafb4fccf58bfc06ebc8ccd387b68140cca05f4c5,1
0xee958e45f3464d712b8830deb5875c8ac105f698,1
0x5eefc3ae27be1483ad6b864b45ed72fc39e6bb6c,1
0xf054274dd74987395d28136e53f39ef4f7b19994,1
0x577b282c846756b7a01bcf49c5a7539922d5fb75,1
0x5e3118e91b0a02a5e2b92e49700c63434e94f0b2,1
0x08f8070f1a17791dcfda507d2e1a47bd78b6cdc6,1
0xae72c6a6fad9fa9d82d089e1ebf73b3043855425,1
0xbd751cac1fb27d930a6a0394d97c77908d94ad5d,1
0x1430997022e8ccf845af34596ef37f4754983f85,1
0x51bdfa2cbb25591af58b202acdcdb33325a325c2,1
0x11a22b262e505d355f975e1e48a365b5d4811ae0,1
0xb6c4ce4eae85066f8fc45093d12444c8b89a6aa9,1
0xdd5cecf2835d465d490f79ad9773a848805a3219,1
0x431181dae361813567f35ee2abac73291820fcc9,1
0xdebd22d7f63648dfb69bb6e2a4c88264d578c0a4,1
0xd7f624d0a67d09171b9555e2f43bde7acb16d79e,1
0xb6c7e03ede87692deb1de7e40723b952e0fd3773,1
0x70e680b9493685f72e76243c09993fca768eedf1,1
0x343e85ac3009ac01538d4251900ce1a2b7d7ffec,1
0x67c6083d540696c6aa1cf31101d78780e0d6bb47,1
0xa5214719feb1d07b66292a5d4d0a2712bd048435,1
0xa62da2ea9f5bb03a58174060535ae32131973178,1
0x25cce02e6339fb00ba362dc81cd1a5d7f0ad13d0,1
0x4cffc2b4fb3114ca8cf9a2a244632d0176395348,1
0x72cea5aaaabd1cc5232bd2117e5d21e83cbd0e51,1
0x9b7c0814eb341e6a4ca673148e8b577b13e70787,1
0xd9e2ad004ac82915d7472448cef2b182547487bd,1
0x9f35af4727fb91114563d8a8f779a792cb557f3f,1
0xa32c38646299818ccedc6401818c2e1639c39c08,1
0x04df8d02f912d34fef12a1b0488ee56fd6f7416c,1
0x40e6d6e798dc878e12987ed978f23c2391f1f570,1
0x1c3c1c24d4cf6b2a73f4bbeee33d9d5ec8048aa2,1
0x1c5cf95fee6bbd42e23b36167bca43c44b279e3c,1
0xed1e25178d7a6438c356d3459fc3efa9458ad52b,1
0x7f1796071eb91aebda10a03115fa3cd95efdb25f,1
0x565465a0e19309ecb839319453e2c83aa0befdf2,1
0xaa1e92ddd28c835fe66689771d35f38947950fd4,1
0xc94a284808e31b9ef43f9c9a48933e5a268cff9e,1
0x12efdcbbcdd6695109ada38e33c56173c2ffe2c3,1
0x6e5632d334b861dfe4312c7ba34e175b60be0b5a,1
0xcd30b6de9dadb0a1598eb12a4ccf34b98c98c1df,1
0x886478d3cf9581b624cb35b5446693fc8a58b787,1
0xffe6832850476eb6d5ff184d747ed84f1b686aa9,1
0xa04f4a4b7306cb72f30828834db01699362a4989,1
0xe8a05c7f4e9c1aa060cf941dbb50381f342d7d43,1
0x37ea6c993c5f42e1fc3455d5781e4a580760970a,1
0x4d7e6948fb5ed2d92897de0605cd642eff69fbf4,1
0x912e844820eafe9a6c2df0615dcfea91ff32ce75,1
0xae855b8c27837101a99f434ae5c7d2d3fc26abe7,1
0xb0c7c67cb50685d6368be6ea767f35eb839871af,1
0xee05f658e18eb04d250f829b1920c2fbf6907e27,1
0x0f9ab846449ca068f9714818a6ed0da5d819e9e4,1
0xa0f1de4882a5cd1851989d9a1e9bbe9b4604e9a9,1
0x1d10b0166a761f269adf864ebdaca9be445ca637,1
0x0d6b4f304b91a3b67b1db34776ef7e95effbc729,1
0x616ed054e0e0fdbfcad3fa2f42daed3d7d4ee448,1
0x56b367a6303b3d626bfbabc625b8e0b5bd9452f8,1
0x872dfa67e260fedcaf5c4b410d47b587b5a71e82,1
0x26a1e46832bd5ffd7d21481d185fc258a7080316,1
0x35d7dd9230a1f079c907b53e7c5822b34e197a1d,1
0x69c8c2923005d26eaeea9500d7602eff8c81c848,1
0x97ece7185467c78293f3b796bde3704421d4fa69,1
0xacb1568482f9af61568d5fd05a54bfe8b7e60ee3,1
0xb196931ec22517b0510705eb56d5652fe73877f0,1
0xcabd5f77ca9d48f4ef9793f20de42ad39ce93979,1
0xd40b63bf04a44e43fbfe5784bcf22acaab34a180,1
0x542c5648d46462207fba8a4bd7d890b4154b722f,1
0xbfe384d79969bcb583b8a0e5fedc314aee480e7e,1
0x1ecded4519a9688ef4bfb5f15811c52f048ba1a6,1
0x58aedbcbd0c07db3290d57d71777e24ad798b596,1
0x8ffa8d00db5df56a20c30b737c5efdaabe140df4,1
0xaf5c021754ab82bf556bc6c90650de21cf92d1c7,1
0xd193a7d7b231c204b76b9d638768ea602de515f6,1
0xfeb41f7dc10c98fb5a7995fd9c5de7c83e02dde7,1
0x2c45f65d254e85584b47ec82450c91a30cfc6be1,1
0x9dbd781eeba135ad2a779926880adc89196a3265,1
0x5d89737e854c860d25e106c498c6dca0b516ed7a,1
0x0c481cd7d09bdd222351d52622d272367cb3d159,1
0x0fb4e7dff29c22029975373d1bbf5873ffc3c61a,1
0xa32560268dfff7e62cd0cda1dcc699406321aed6,1
0xbc2ab46887142d546a976d56eb9a3d9da147ee65,1
0xe5b545c8f1c6a9ecbc53d78b3a2916fcf065bb43,1
0x111818a51c4177e8980566beea68fe334be7b76a,1
0xf681efdcba35c69dc0fe56b7fdb56324f5abd385,1
0x953b0f8afc70e0fca9e2e43b0a4914be002c4e94,1
0xe28470253f0c9c7afbae7f61795d6b1ca4644b2f,1
0xe776de32c9dc8889e2dcf1cf0606010a51d1abb2,1
0x137f41ca27f570d4c50e56d5c20ae2807225f09c,1
0x6e1ac9b3f4499a73385dd8d2daed6449406d49f4,1
0xb2e7f7cf519020c8b6ff32a088fec95b03ccc715,1
0x862464bbd83d5743f9cf873c6ea3d187d0f909bf,1
0x8da03feb7174b4b2a6b323f3dc40d97f3421cd07,1
0x22fbaa2dd20b848084545515fb04b9c846942779,1
0x6767b1e546dcb7499652a1fc4bd6f1e36992623b,1
0xe98db550e4223a29431cc69de73da1ce6dbb2755,1
0x65876304b2e6da8248094808cf2a2f6022c534e1,1
0xa4b61e227361a9cd9e62ca10946c27748a382cab,1
0x6191c173e855202083455859e670ac16a669788d,1
0x6f113b0c8c7266d7514e4986e3d6aaf013b6754f,1
0x4f492b2a3ed9bf0c65d508dab4f7c5f5c04ca6c3,1
0xa8879c580a54f190ed53b43d30de269097ad7543,1
0xb90aa714bd30e6f135ec15a0cd2605af1590d184,1
0xb976163a6f251c208bcf3196b9c4ddf927b63e72,1
0xe0e31366067277dde4a391cd5d77f43cdb9ffa6d,1
0xe3b41ae8785e4107cc69f988042ff4a66a367fac,1
0xf8be957f65e67fb0342992a51c30290d5758f880,1
0xfc7d068f069e712dd35b439bf6ed9df8f58d07de,1
0xff4f0dbc9ee7583c0c61c7333a5daf8d0ab4aeb3,1
0xfe8312a959e031c7d4cbe3f9cdd3ec8726d0d80e,1
0x9224bbb4e0fbe2f2f8fab55debc41eb21fdfb804,1
0xeb775bf133c142e873f2ba6925d53107550e8703,1
0x2afc032aaf6d7ead33fb05f9d42d874874dfb9d1,1
0xddc27a0a0c24d60b607dbc7b008f2016585e57bf,1
0x19cd1978d96d0b9f00d08ed386b911659f9a0088,1
0x87e91205adab9e2b0be9f7562af3f5b42fad0838,1
0xdc7d0d897e1b7998c780d16b3c08482a74e71f33,1
0xf83fc0d27d92233e789e4d13d452d72404be6fe3,1
0x03f4cb9e297ea659f30e09341ee7155a7d136398,1
0x08d592713ff398b3f6d6cd185f5514396366d618,1
0x099a3fc56b898696764e08829e6426fac2308cc7,1
0x0ea8767de750442ec4a34d81bffcfd4417396f47,1
0x18412b9f84df461bdc0f2e0709df507d5bdb6363,1
0x7f6ca49d1e50671a586a76bb082dd6b3f73fef17,1
0xa2917120c698fb5f2a03e3fd3524bda85a3eaef6,1
0xd3069c9e486a8b77add55ae3ceb3a4b138fb76c7,1
0xd62af0477b1991197da39a38cbf9c7199f4737f3,1
0xdbf55298b349984a50fa98c7c6965994e30fc3f4,1
0xab0e2f3c3c29deaa7c3ca0dacec97a33d5c26708,1
0xceae4ca7d082856d140f3672780029d6e90c3dcd,1
0x94f052ca65a34d7f581bba95a749b1cf52689dd5,1
0x7dbba7f0551aef5894fd6ee331b95dbb4349f5d4,1
0x176ab08b25404b8b09026731c044daeac68164ba,1
0x22418183c90741bab6606c0e0d240ae6c3a148f0,1
0xa32f90b21d11561d31ff604745907acc77fb67e3,1
0xf2c5f1fd977dbd6de9d04bc4e62dff722d4bb1a1,1
0x047c4d7af709ae19d3bbbd5f9e10461d2554da00,1
0x08a474203d14053eabc30a5bf877bd22a6554f0c,1
0x0af5cfecd1b1be7cd808bf466470db20cb65c51d,1
0x100f28c9b8b1fda897eadc775caf74e0f3560f73,1
0x1a7f174dcd4211d41c7c4d7dbb3a0e4db5780c67,1
0x389458f93e387fc568ca4568c231a64ffd0456d2,1
0x4808d5a2b6423abc0060465fdfd338c58e758690,1
0x48238faa9bd6d56fb44a32dac6185f04eabf2117,1
0x4d4c0cbb2d169a96a9b20ee4e36aec807a07eabe,1
0x57dec6115e561f3de9fb7429cf14de429713b3d6,1
0x5d25087405105bab12624c73488ec186066a6376,1
0x665654f2d2a151be2d0f8e3697e6ce780f732af2,1
0x67c87c11250a3dd2c459d896d862b0c599db4248,1
0x887b86b6b6957f7bbea88b8cefd392f39236a88c,1
0xa41341bab6588948da8503d1dfb0a0ab0ea269cb,1
0xb8937891f08af9854a5ae7a5ec0cbaf4e68acd4c,1
0xc1b0307ff325527511310c7d6fd3248188742f86,1
0xc26012491b9dfb2e6f2cb0305673e212721d5950,1
0xc7d2d152dda8cf7a7860288c3db9a1a4ce29162b,1
0xe23e0bd6e320c87367b0e4b797b42dc9b4fe7ca0,1
0x7b50b1f2634fa38d078eb067a4f8f22a666b49a2,1
0xf1e1c701b49b1dc2405a9e8ef40f9f88802b80fa,1
0xc18d4c2fee42accfe7bfdce98bfacbabf76242e9,1
0x9613a1f63bb8c3cfe6eb36cfd7b731e5fd07d322,1
0x0e5c3e22b7239cef46f56741ff66369f3cfecb77,1
0x7c741ed01ee259feba4b7f9cac114f48bcafacf3,1
0xa225158ea124f311cd0d50cfeaf3407b9412b077,1
0xa7a3a06e9a649939f60be309831b5e0ea6cc2513,1
0xfc0ac71b8ca9b219b3c74625755f62202d19ad39,1
0x331b4a1242ad6a794ef127bd61fe57d7bdfdbb80,1
0x4748ce48e8979e7ab09b2e8df95a1bec7c65b869,1
0x62ba9de7d81b96d697fc2f26b5eb647f184f9b2e,1
0x076097cf460e3b5fc3a94c43d9a598164bb29168,1
0x6666083ba28027fd6db24a3c1bf288c0f3f95807,1
0x69066c632c7a79cfebb10c74381ea62b64462d43,1
0x6f0735bf1e6c69030d6990cdd580345b370eb50a,1
0x75e5052d53dfef2dd831814b8da723900fa1e337,1
0x88f038389cbe95a917042bdb0f3afc434c680edc,1
0xaef0f7d5e749bc7dd4303ff5990d1190a3e33969,1
0xb7546d1b04151e1e96d38275af66eaf984fdad2a,1
0xbe2f803bfbcffbcd77aae4e9104406abfeda497a,1
0xbfb7969e75ee4e58620f74135d167f5bdd60800a,1
0xc2419841dcb9a0f8906d06463ae24e00e1470846,1
0xd413f436a036b9773d7adccaac10242e27b9da74,1
0xd7d16a716f6dfcef1e9553bf12136463f6414f1a,1
0xfbc76261fd55cf91b81a97dbcc2b3f6118f2b935,1
0xeb8661e8548dc074b9ff411080fdd9a377e6ed1e,1
0xd4e791d799b8873d86ac06a5fedf2f1a75f639be,1
0x5d20e6c0db887b5c3281edfce5bb7677565e2b8f,1
0xe70d73c76ff3b4388ee9c58747f0eaa06c6b645b,1
0xc3c1744bccfe4691e332c873f9cb99b53214e03c,1
0x04490fb053a8ff110bea35f22d955c0092aae5f8,1
0x089fce8be711cabc806d69b1d0d5aebd52a06455,1
0x23fed2634fdc629c1a82eb6ed3391efad2a58670,1
0x410a9f44948576c60f94b165f63eb79ce769a04c,1
0x631cd42eb1063d1fe2b49a78744f3094702edbab,1
0x832834fc5b0b35ffd4cf697c4ec08815ad8d6a52,1
0xa1cd04effc5cee3b373f0db23a88e2769ea310d5,1
0xc9ceeabc1ac7b96fc45a1c94edaa3b10197cedfa,1
0xef04cb0003ca57dc7bb563d5ea3248241b145bdb,1
0x0d69a096b2c66310309f0ead1d6c97c4dfe87086,1
0x129c6695dfe7a906bd8fda202d26dfff601f83a4,1
0x1b8532be318e881a6d073b6b24aa584d76d017fe,1
0x2924196a2ec71ea4ae1b1357381eccdcee6c18f2,1
0x614a62584658d555cc28b3aabdb691e85e002c8b,1
0xaf3f931b3b0fefb387a4bfa6d5f39dca59b18109,1
0xb8700157128ff544c46cf35dec5a19120baa8eb2,1
0xd41df4a30fbe6b282ed6294a704fb33090557566,1
0xdafa9e3dae493f0b9d6872eff4fda0f40d1b7488,1
0xdcab53e3c8a2c37cc5e2509c2db0caa6c04f3ce0,1
0xe8eb234375d59df64823ffda70207e26334ceeb5,1
0xe96ba1a10f72b58934b9ac0e3fb471d2ba65b757,1
0xf3846ec842c2490d6289858e28038cfbec660689,1
0x9e1e3857fb2484379858b9daf230379015a7a100,1
0x2da903666829f302b0501f76144339213259c260,1
0x982d3c5223f6b5794fccb3208eb164d042cf2526,1
0xa33e5e1ccf57c0caf78ae399061f270dd24ffcdf,1
0x0f0eae91990140c560d4156db4f00c854dc8f09e,1
0x903395c9e6fd4f94fbd706c85d397a5df219efa2,1
0xea9f3a983d965e582c34eb852c18babac52050d8,1
0xfb541dc23e3b4359275d37e9e8ea3dc54cae5ff8,1
0x159e5998669ec6628a6b670c2ef1ddbd93084698,1
0x301cc218009608e59f9647f4b7dd8a49be8493af,1
0x896b94f4f27f12369698c302e2049cae86936bbb,1
0xb391806676cec7fd36dc136dbd4097bde13e5b5d,1
0xd1380a4e089950ee3a23d818e24ccbbef003a432,1
0xdbeca36c48306867d9285e0e0d5ed1f5aec28a35,1
0xfcdf3c2b2b6ba00e6db59c70c424b27970ff3974,1
0xff08bbef8f2b6986018fe3bb62850aa7db843b40,1
0x1d25029d92a7051f46a13be9a512443c966d3542,1
0x1e5437d14c5bbd6947aedc8844c35de3c8637585,1
0x1ef43b94fcb00872ec73d60ff37f5c77df80ee66,1
0x27e037e0461e3d5587de786ea23441d83772353d,1
0x2f5fc65b9c6d1fee8ba4ca23fb2d7c363c95133c,1
0x31ed534fbfa8c67f8a9d4e75edcf03261cb2d8e7,1
0x412d9f0421458d6e2736f8efaa9c1ea5352573cd,1
0x5d0d23ae81ebe1b6ac96411b2c7bc3bf7463fa25,1
0x66fa06bd24294ab3bf123153e49b9065cb7672e7,1
0x7af061a6ec9616135231cb8de2ed2a0a4140e90b,1
0x85914d049aa004d037cae65bad275ed4147f172e,1
0x9c163eb3589b0dcf366fc23c581307618b68fb06,1
0xc03219bf0393cd3a4755436bc51c308e59ddaa20,1
0xd6871d2ce0977460ccabb6483bf2b2e23e68ceb5,1
0xdf1e3abb229d42a182ad61ce8a63355a8a3eb0f8,1
0xe39bd9e3af2054dd193b0d0217cfbd460f104902,1
0xe6bbce3ce6a7ec9739793d73416a182669dd84a3,1
0xe74ca58ef724b94fac7f2e09e2e48536a5c1ad03,1
0xeb0c4e7244100075c227cb60ea8107cae39c3211,1
0xf15a6b54e68884d27e1bebb1624d70c227b7d04b,1
0xf4141aef39803327497f6b81a21bb3f2acfa2436,1
0x24fbadccd6684106e24065694ac87b0e98819235,1
0x699990a8e7ada9e92c932d6e8fb365024fc74b43,1
0xafef3bb7fc3cd8ae083672b65f79e6cefd4ac619,1
0x2e299b7faa9b906117181a4550d828b1300b48d1,1
0x30eedd4ea7e1959fc9d6879cd26f1d8baabbc5f6,1
0xac01ad9a3e3c3448a5a0e6fc798def034a01a67c,1
0xae0d16586e5d60d334624c115216a52b9b1a0335,1
0xb0bdd53b627d7e61cfc5c13ef110e47e210fac6f,1
0xcf04c33bfea64cf5dd6ea97e2d5620f825b03b49,1
0xd1386560f0fa070b6b79e9968e8197cf17f3b8ae,1
0xd714ebb8d39e2cef1d0cbf9677bd2f2afcc4cf51,1
0xe69cae620953aef05e9276f35a7d3cb598bf4b20,1
0x02fbd51319bee0c0b135e99e0babed20df8414d2,1
0x05a13dcf55ea6d532f15284f39e02811fc183a8a,1
0x0b9f898921b2bb8cd2d7d30faffec2c90200cc8c,1
0x0ce390f18af702cca546297845a4a51d102123cf,1
0x118d6f5d61a9d881d452510f29c703abe9d80cdc,1
0x17726f58ba7350a33d08d1bbad623e155fa2daa0,1
0x206b0526f4866e7580780015cbacbb4a8dbb8c80,1
0x2177da04f9479496c2292d6344d306aa49beb34a,1
0x2de9c8ad139793ad2f72628a960f5265ed9ef28f,1
0x313c8673ff69dfd7be2a46bc540305d3e2d233b0,1
0x3d91ad906c3969f86c588c988f721d5a735c6f81,1
0x4d104b21a4338c935dfaf4e00142355686ed0771,1
0x53cbd34ca41a2373dc329c63dfca349d90139e27,1
0x6b728afb80ecf886fb8e0acb07ba13a85890df7f,1
0x6d25c0fa070e625dac76b29bcf0917303cd52e7b,1
0x79e561168835c783240a0637320d308897bd0922,1
0x834a9484537c2760ef6d6e6736d1ea800d67966c,1
0x8cebf0887979d86ee2c878663af7b71a35d0ba24,1
0x937321e0cf0ed2a20cd6edcd53ab96ec89d22a29,1
0xa39d385628bd00438f8a9ba4050a25a0210f84eb,1
0xa5ce27ca5e31b1de92db2d2bc109b3e23cf1d4c4,1
0xacc4b6f3ca8d59f631c1148dcaa52b9d7f5c819a,1
0xb5497427ac120c734a76be1b85a82156447c7e78,1
0xb7abe0f0a1c31a88fdcdef71033cf7ae7d12f2d3,1
0xbc9ca5bd0f07700929f8d538233b0a9e60f4ddc5,1
0xca339bd4739227f71b646f8b23ca098c86f6c3a5,1
0xcb6a1ff7aabbe2afceb4f7c5a6ec7ded94506c50,1
0xdb561a899557404581e6180fe6d4178577dc117b,1
0xdbefee517025559e7898d3a48f18221c32d3fcf5,1
0xe3c2eb2e71724aa14b1d13f81448873e983fc25e,1
0xe50ae5655d227767ec3974a11da7e4f67476b96f,1
0xe61c204d9ab083240a7c8522e636298261ff354e,1
0xec4434b98d3f95a2ac64f0cdbd876855b8ccffbb,1
0xfda71a46d2d4f528480fdd1b3b91930c7aab440d,1
0x557c60995797fa7b47be105227a2e46148d85750,1
0x5bedb9331ba476e786f85849307d1164c3e37f84,1
0x79fb29852d012e00ebab0e253400ddb189475ea2,1
0xc97cfd2c3a3e61316e931b784bde21e61ce15b82,1
0x8037cfedb47d493a391dad76c4f60b8927cb8108,1
0xa883b60c5ead0efd604b41a7c0509c3c6b81739e,1
0x70814fb113d5b2b22902b568b67ebef657d9d66d,1
0xf4dde6ea673fb810b6f503bf441908bb30b929f8,1
0xff7e887f2b7c7594e601ed1c2e44b55bb80f774b,1
0x0db7b27b7a3ea8035d3f66f3ba7532221ef06abe,1
0x2be9f18c46df11f05b581131af4d339c20c7254e,1
0xc99360f97475dcd02cbaa1940e0e6a2cb67186c8,1
0xeb43b5597e3bde0b0c03ee6731ba7c0247e1581e,1
0x0064f02799ea7748a9b51b5e78bcd274d9e7d0a1,1
0x021f4e8b7f8f253b6e2ec8347c0b6d8f73a3ed1c,1
0x057931155d0c6355b1bd108b0fbfe9bc77d59ef0,1
0x0c28d263fccf3ed25a48ddcf6561dd9cccd791b7,1
0x0d08c74268c1260d9b50175c41738e1a45819700,1
0x1566ae673ae80725bcce901b486c336e6acef465,1
0x19e3775d47d63e1802577aec70189e7e3d6ac17b,1
0x297b408578957bd0e0d5458f1fc85920893689f3,1
0x2b6565c457d6e73efc15eab80b8ffa34b6bf122b,1
0x3d20c3f372207074df1a0ab5272c7168ce23d178,1
0x3d5cd234a502a18cd6d65432259ce0772c1238f2,1
0x41d3ea0d6a64d603cb8c3ff710f05f546061cdde,1
0x477ea7a022e51b6eb0dcb6d802fb5f0cfc3b4a81,1
0x4e1829da30cd7ae2f3e9915cb8c9f3f203ac7d83,1
0x50f8c08b0124092e1001b355f4b8ae2df85f715c,1
0x646ef8e3c8e79a10daf8f32621a3e468501cc3e4,1
0x7faed47c53f3f3a3c388e72ebf79a1d85308c969,1
0x999baf549d6807b2c713ca112d81a0818eb09b80,1
0xa8f1b7bee4bb60311511144ecd6dab7b04ef2735,1
0xad74b6eaefae55e9e73e5189e3873ffaa17d45c2,1
0xaee4c04c8ab29fbc397ea89dff2a81558e5772cf,1
0xb6b4a02dca517564eb98790ff67d42b5b37a3d4e,1
0xb8dfd425f4d6227036d5342cc4ac2b90826e1b05,1
0xbb59498b19783e5d81f72ad07acdac619b6808e2,1
0xc30e9fda779efe2081dae6529c0d07fc16769c8f,1
0xd2f2a56affb67a9ae2499ab9df1689ee78fad89a,1
0xd530282d853169a23822762af0dcab045d6295d3,1
0xd9390b46a1749dee5325a490490491db9a826d1f,1
0xe2d22dc1c2f7c58f86606e405325c69f5210a6a7,1
0xe8bee2f6bf252ed9efbbd483ca4093ace7350c92,1
0xfc61d7884b047f9f4bf56e984f773f1bd5d51480,1
0x8856dcf8d1f9be083a25251b0149ad74f971b806,1
0x76db02500f7631d57bc2dcdca9d4cf782b99e119,1
0xce90a7949bb78892f159f428d0dc23a8e3584d75,1
0x7cd9ff84abf2b23e825154aca2a62fafe185bd5e,1
0xc8cb180415b83f3f9a61691d246fe39a74c6a41e,1
0x03409a4010d6d23b3d91aa689a7c9cdc0d947da5,1
0x44f301b1de6c3fec0f8a8aea53311f5cca499904,1
0x7ae4784a907460858231609f565bd9580f609b05,1
0x8ca7e4a1f59495107bdc4c7b246691d89fd3a939,1
0x0573383fcc26eb066010d28d96ab02f7c5cde67b,1
0x0b7576a64a0f4b4924d55ed328ede4979446521b,1
0x0c358331732fe7c1a19cf78199c87ac9670c0ab9,1
0x0cb1b32f096302c93488f072ebd3c500d2db850a,1
0x117dde66c2de2979ba4619d8d494fd20ffe96c2e,1
0x11f4d765a2c3cb55a9b3aa22f80a3cf4534d4d71,1
0x12a0fc764430a24833fde0310fce8071e1b5da08,1
0x1b081f0d69208f22210c99d93a7f0e8bbbb9422b,1
0x1dd789345c1bad32ea2c3dd8989f38e5362f4f31,1
0x1df24622941c97840ba53e2b165d4bcd0d86464a,1
0x2112134feff010321a1692f3bda6c9373552306f,1
0x231595e3673a10e846803194f4982e1cf3389161,1
0x26170ef869643debab1491cd2248410dd5534bc5,1
0x2d3fd9ee49189959368448a5cbc63213121d66b5,1
0x30277ef932d6212748932051080000c6a6e7551f,1
0x32606c4aa95ea78d7c5b1e0e347e3e9ae451434e,1
0x36799ff7bf99602870b91572e2a897b06c91c87b,1
0x367dc97068ab54ba1dfbfc0fad12fbcb7b3a0d09,1
0x3819660cb4d48b192b4973cb8323d6cb1404d930,1
0x3e998c50b1eaf1577416e2bf31a76d09a48bc3fb,1
0x4525b5402a6d9eefc656e828b9391aa9dff2446c,1
0x511c85042524a41bbf30e7a8533a84b8c5e55f43,1
0x51658f42ef240a4eb0d7c7568e4b1eb8bf9ff8dd,1
0x53f1b3d8990472d1adcd7b76348e5508db17cea0,1
0x56543717d994d09d5862ab9c6f99bce964ae664a,1
0x5a6b923189d47dd05772cf8599fed7baa4066a29,1
0x5b1022d859a46f42fcf24bcd8f5ab616e52b4800,1
0x5d70a49e217dbdc1a5049542d70c0fafba5e6bf2,1
0x61e814fe997f0b2816fb9ac3c7df3aaa38d8ebb6,1
0x6372d3c71aa13be4942b1c854b01608f97572e3a,1
0x6587156005cec997ba9ddc49284c74db89583e26,1
0x69f15ca90038b437a1027f9ea40dd81638713325,1
0x6d8dec3fd68d94a7189a98346ea52b4d32e00012,1
0x6df000635d86613626c5208d7c9d71b84e091220,1
0x6ef8fd2ffd39df9e73eea701e17db9cf51ffbb7e,1
0x6f5f89531837811e17720a31165d6f838f76df9b,1
0x722e2e4c15be1fdded3c86f4100bc32b181827f5,1
0x7ae99a913c2fedc2092111714263fe33241693d2,1
0x8179e48d959a4c41d5e0432ac05b30707149d649,1
0x81b55fbe66c5ffbb8468328e924af96a84438f14,1
0x8be5a2df6488b0937299d27f092716f4a9ab2fd8,1
0x91e8be20d0dfb2293b97317e906223c1fa833a48,1
0x94db5f225a1f6968cd33c84580c0adae52a04edf,1
0x95d41776812c6ca222dd5fdea56c065b55ff7655,1
0x9bc66bb0f94a38e55809dcf7eadfd6bf98d6e184,1
0xa5894f85b5bb5145a69c3f4a41bb4918a8463701,1
0xa76bda01601ebdd50512c2103a329db572d7a77a,1
0xab3ba2d668215acd23f7da923683a5ed88bad625,1
0xb33fb83c645ac2a12b138636fe59604312092484,1
0xb4627672ee52660a9e453ec541834e04583f3602,1
0xb848a0b0ba24a233e2f05d0a382e1c2035bfc5f0,1
0xbf949494127d3cd72cd3399d4ab38312757f4d12,1
0xc2d742fdbb31442b843a098dcec3c20054c28986,1
0xc322e8ec33e9b0a34c7cd185c616087d9842ad50,1
0xc60a2326a50606c84e00f2e4c1035c8d39fe467a,1
0xc762b1081c56b3fa487c7372f7284d9558a84859,1
0xcb4de7db08b4dd0a9954fcfa0a09762f58436df0,1
0xcc0ba34ffe6107d4119fca34dde7b09386bc8166,1
0xce4122fec66c21b0114a8ef6da8bcc44c396cb66,1
0xceb775d4b09c2fba2fe51efcab6e39a7da1528c3,1
0xd89f974ff441671fb1df0c6e0d76566066d59fd7,1
0xd8d97db2a8caec33d58420aaf637cb41058cb58d,1
0xda4c79ccfdcbfa9128b1e328f77e5f9c6ad72a44,1
0xdf36b093cbc06522b68105c3d9141db188e980b6,1
0xdf8b134fb7743acd805ecdee11335dd0cca921fc,1
0xe5fccbbc11e4a36a77e9d8e47a9b28ec44e2e2ff,1
0xe83366a625f1e7374bd76e631010207edbc6d194,1
0xea1cb03de4816778e12f6eef40b31e2ddfbe5912,1
0xea88730cafec7a18685712b1ce200301c7c0b754,1
0xeb32e3729c60e822986fb268a23152d0f0306300,1
0xf599a05b4ea846a5afa1db274b508bb1ba1ddd93,1
0xfe73f0b55ee4b411d7d1e4d5d5d4f8834064e2b5,1
0x9e32560cbc32e1ea4c737d65f043a0d8f8310422,1
0xf777af5cfa7a0f242b3e0cf7fff4823c15dde70f,1
0xbfc3c19d3be0b0f54dca49fb136d08eea86a0229,1
0xc2e7c3a5675ee1308d56f5e4fd614007e0fcc63b,1
0x78143238df750e9d9f1082e12ed56f2bfa332d65,1
0x97a34ac947165385d4351c3fcb46e6aa0e868301,1
0xa10bb823fb55a9199e4f521d0a88993c4cba7150,1
0xa24111399b765325e151f5f4cd11197cf4afa9b2,1
0xc6cf5a020bcfc65c6f8181c04cbb5ef5050fe28e,1
0xc8ed349529bab23ac6c726693623cefa2e31ed98,1
0x06fa75bfaa972845e7d78a6d928357f15a341d6e,1
0x0aadeef83545196ccb2ce70fabf8be1afa3c9b87,1
0x1a4b7409e020140443a02ef26858a7e53ac7d652,1
0x34b93462e65303f3857460971584fd0d908f2f45,1
0x35837d1f64e15e537bdc4adf151f20ea624632a9,1
0x6273c7a95a5a205f06780886943be548c2a882f6,1
0x63f11d2060d147e75c2bfb83dbebe155b4d06b66,1
0x765718a8e4a5562be34b122af259ce5a71372e12,1
0x92c75284b0d863165a8b33e212f02ffeecb2853e,1
0x9f281c5b04c091096ac468a9388f0ee6b0b8b1f5,1
0xbaea3cf94abd0d6e0f029ef5b0e54e9424a72985,1
0xbf9d462c9c6880d44001bcb8ca4a38a351d583d3,1
0xcbfb9a917c2b45fbd8e820e66602ef26dff9cd40,1
0xd81ce8e89dd987c8ab630858c8f1e9df14788c35,1
0xfec4465b6aeac9c90e552ae7766bdc0ee0d8dbc9,1
0x01c77f80c7d2765fbf94dadf5af4c95ed95586c8,1
0x0387876a09a45581109eecab2ff4ac049e76ba37,1
0x078cc4caa131eb9d6d3e31847946d5f37fd3f58b,1
0x09b2f0988b6d24336b348c84c2764d2b4f85142f,1
0x0af822d4d100ba9dc6da3d97ba1e20d771e58c57,1
0x0cbe1fba05102c34365a742af159efc5a93d1a68,1
0x0f7a8ebabea76a2ed2fda765430c060b6d8c5d57,1
0x1187ec27eb94e65717af65f3ae8c326bd8bb47c1,1
0x1da0f2a58e65d98a8d04ba3da56cff9f5ace5615,1
0x1fad9f65b39d235469bcb59bc664872b93eecac5,1
0x215fc4d12967ddc2432a7b8936f2849740edb7bd,1
0x229b4025b28e40db4c824cc16742c8f7f4d5e310,1
0x2753e3d58f3f3fe85c4b8727b816f71cc421e601,1
0x3334c740aee8c9e6a0c6f16ac057b0e9c6a73479,1
0x34dea787524a930670862a27bc7234a1897e1bf2,1
0x3590054ffaf5f06b3ce5416f0c41cdb54d92b013,1
0x3927e502c865a2c873a735775e224930eadfd2e3,1
0x3a10fd1387555cd75db8142393fbaba98efe28d4,1
0x3ac61447a75149ba67639100ecc92c76fb20941c,1
0x3e7dc5c9d4d919c56b14f337514743e85a71ad1a,1
0x4045907229494a138e5f4b6a32914eab159c1a91,1
0x4212d149f77308a87ce9928f1095eddb894f4d68,1
0x42f2d682d9cee89a98347768337938ed8d18c266,1
0x4527c353ab252ae0d6f5968b17d1fad9d0f5153b,1
0x4a4f1c998b89c0dc000983ffd997420dad282ca1,1
0x4ac69caa7bc279fec93db0d10793eb8516c7a9d1,1
0x4c6011d5c53f7595095374c610c294f16a50e87a,1
0x5022cf478c7124d508ab4a304946cb4fa3d9c39e,1
0x51409bee46664b9044731824578b9d3213bfe647,1
0x52690f90740621f89f58521433e9b0921d626708,1
0x5458c15ff220bf75b92a76229fae88f93df9c6c6,1
0x54e0ed085cc169cd94e27586f707a13136293ff7,1
0x5c9e2a6fec34b510996a8e2a3d1e2c47a382a8b9,1
0x64f7de90dc79d775703bbec66a1591c7a26a22f0,1
0x660105ea6435e8d4c887a3c830b8812746eada30,1
0x68cbec6e76a8cc835ae75cce5feff1f36cbaf764,1
0x6c359ab465ec8f893fb6c4243810f4d8933d71b5,1
0x6fb4eea73ecb50d1d7a060c957967d0a7d379a66,1
0x6fcc6a63d5a88d11db950dd030e78a20969ef28e,1
0x71784687d4c74338bf284bea22956c74fbe6d631,1
0x71e22168b702bcff528b8974cd4b723250b67609,1
0x730a2f3421b2967ce8e9ae1f839839944626812c,1
0x734740c70db02f5710207f1d12df47c710665206,1
0x74c6c21b105130a3305d7973406968ad8d220100,1
0x75850227f61183759cbbfe2b3fb196e798ce0b95,1
0x7738e4dd4fc3b6c95b8925f078363924c0f0b428,1
0x79d1dd0770fec45768a285da42c2521603c9b91c,1
0x7cef7db4289005fd56dfa6c73bb2be6ec13bc250,1
0x7f8b215572f16f982c626f044cde114152dd0e6a,1
0x8120cd4fd4d867dae6dc1c2e9c504224ed045f34,1
0x83f3628dc35d21f1b7ac443ec829436894b5a9ed,1
0x865b85a6b14efdfb42377da0469ea0e19ba203ad,1
0x8cc13d5436075f48993e72fedcf459f6cb69b176,1
0x8ec2d302206a166c9469d2f17c68909390a0a64a,1
0x92b1b677728e36734d59067a4ce53e5bf1f3a2ab,1
0x93c838add3ac72b42f65417408f900a7155e1bb8,1
0x9acb83a514399c9f5201f55ddab61481d0430943,1
0x9d2fd63c49509e82c7abe56d864deabf41ff4a1e,1
0x9da1ba48b07b69c71225c6f3284774781358444f,1
0xa17bfb3a816996ac3a1e26dddcc7850663548c16,1
0xa35010a4055e9dab4a7308d7f83307771d57fc7f,1
0xa9237c4eeebc879208e59c867cb6d7cbffc1df30,1
0xb1c11a879c47debc22e3816e7b727fc8bbe3c8ac,1
0xbba3ced54477c12fdf16d7009771affc7a8c9ba1,1
0xbbd38f1c8cc4e8f1c4444db21f4bfe2f6393d9ce,1
0xbc8877b5f13fb38bae0d795eb465fc3d995c3522,1
0xbde2ddc49a2e6827300faa6afc93d572114a60b1,1
0xc4bfc1dc25827f39ad4a66bfc968456c7852a9a2,1
0xcd094518f2d30fdd8c7911636bd8b52bd5303066,1
0xd1e508c60d923cc9e93785da0bffe01710ccbac1,1
0xd70150a7a5a42d4cd25974dae077a79a1547fcf2,1
0xdd5f934edbcfbdb25ef5dd9b8a3868d3633de6e4,1
0xe55f32e874b540f6ad8584a56a484b76cda4a08f,1
0xeda388f94aea86a66d9e2ccab3c511b217714b01,1
0xf00f1adc558ebe212d80f98e056145ca583950f0,1
0xf28fc8d0eb98a34f2b03d384f7db6f1e7b877a33,1
0xf81c1d67b9c1f80eb30c610e2a78c2a1b1fb013c,1
0xfc4672341c78f1ebc0c23fdbcbb03b61c6f2d50f,1
0xfeea8258077cc06444679958185f4198dd4cd324,1
0xff1a6681aee53d032e8f5fb3d27ccf29d493e922,1
0xffdc43e03609c792bc62f4fd137ad80e4b9c294b,1
0xb394f1aa30ba874df3ae6097bf4c2474b2d8f3ac,1
0x733983a4c7e778ca9f57cac6ee361c4a9b24e4b1,1
0x3543493a76ce5ca362dd6eeef000547de52b6875,1
0x9e23d2db65a1b8b6f31fb57c47148907545b3ff5,1
0x2135589bdf50c0226393c48514612145e2d3bedf,1
0x89900edbf6b88e99ad849ea34d6e3df969631380,1
0x7fc3dd768031af344ebd6cc27c449fa57a582917,1
0x7fee3d50ae036f3e72071ddba811f58472995edc,1
0xf476cd75be8fdd197ae0b466a2ec2ae44da41897,1
0x12c3d9510bba6fa40c55d4f30e1be25f5f953e22,1
0x7c5504688eb4f81ed558550066dc218ffee1f6c8,1
0x83ee0325fe8dd7d2734c9191bd5f7c532951dee8,1
0x8d12c02671848b17c18322027a2578ea7afbb702,1
0xd130470e8b4b73d74fb723d5cb8a9dfd83462a1f,1
0x1666b49d92d86e280d85e74eacf345f4830e0cb1,1
0x169d78350f929e5632c829e18814d69b38ecdc7c,1
0x37cbc09501e6965c97c0e4984a0a371b5d591dd9,1
0x3b0b262b187001522c34edcafc378500133ab230,1
0x47e64ae528b2d1320bae6282044d240ff67e703e,1
0x6b6ae848f555f70944bc99d736fe29fcaecf8b23,1
0x9ad34f43eb204a1aaa8d6aefb49357889b54e1e3,1
0xbf270918afe2ad16093ddce904fc358ad337cefa,1
0xc659fd78a395d70ec69ff034b4378a712e7edb64,1
0xcd486efddbca4d4ac9504f4272a7148376b36e94,1
0xd7342ea20a5afbf24352b5ca61e09844167914cb,1
0xddc9520acb5d1923412674a4ce07bb2e32ff0ac7,1
0xe4d3cbd20bd9ab79a70a1612853154cb80b02961,1
0xe64777dcdca11fd8bde96ed05e7560ae789504b6,1
0xe6b4eafd769f2d29ec4bd2f197e393ddb7d75b84,1
0xf33f6c5302fee8dcaf6363f6862071092b3d56b0,1
0xf4406f50666f4373bdad5017a9322f59d5e3691c,1
0x02009370ff755704e9acbd96042c1ab832d6067e,1
0x0329db0ddc11dc44ec36780b8b4f896b39f20c2d,1
0x0a21a14fe203a267a13c3455abfc9d5f5ae982ee,1
0x0c4a911ed6af1032beec7c19225c91a3160e39e3,1
0x0e0e34094e42f47fe25da3cc1b441faf15f8551a,1
0x1134528d239cf419f9081ceebc3430ac191c318f,1
0x11924c505ecab6a2434bdfe94bc0ff1ca081facb,1
0x15d7972819b3906fc430b1e7bc26c39e4b9e023a,1
0x1bccc3dc32d6977ca14beff7a2130f578620cdb3,1
0x1d522bd33cdd1f60be71b0b7b2efe4e9f20a5263,1
0x205a7e3b7db1f84b89e3098e33ecd6377dd3cb50,1
0x21301d901db04724597d1b6012ac49878157580d,1
0x2511a7ba553130d789b6c3aec620a8703a581aad,1
0x25acc72796bdf4579755708fdbc8409622d224f7,1
0x269c2d0badff4e365ac2a0da8c8e3f186b6adaba,1
0x26f8fdd4f8cbf0ca1087e4f0b9e44930f5f2f159,1
0x2c4423646c318d06d635c168a788c42d8c33d51b,1
0x2e3c2c418ac043ae1027a2f1bf8134e36cf6f94c,1
0x2ee5fc834903186949c75e0dc10ec245397bf1fa,1
0x2fb24b1021e51fa23db91a9b995000181fda0963,1
0x3025430ae8a81cd13e3d0969b1093f8d82bbbd7d,1
0x317c32ca0309bb8a1f9d8a3e2836544f233c841e,1
0x36083c868b16780a0d39155c88e92816f4bbec00,1
0x393ac91e5e98793f1e5abad59279e0acaba902d0,1
0x3a30fa661820bf261b39f41a63916cad97b20e60,1
0x3fc7b24ad067323b1a8ede8715fb65c2f55b79e3,1
0x429683282e5a28b81aab1f9126b8d5e4847dfbeb,1
0x4306a9f32ce8c597b34ee8d580df06cec369cf33,1
0x44b4d430e7c56e4ca04c5799e561063ccc1f1df2,1
0x44cb86a104d9c31bf98f8c7b7463b1a11239da36,1
0x45492c6bc6ab97e4320e6f844c560be62737a303,1
0x45584dceb17fa7ff7c182f1cb3d324751a3d427e,1
0x46abfa031be839b1599513887a27a403e8d6598d,1
0x46e6aa05e0867d5f0feb749e81e005f5567ab317,1
0x4820e3cb7d2eb357f28e6c6592968b90e54e660a,1
0x482b9ea86052bcf19ec00a13188abd9522398911,1
0x4a15e3d354043fdefbb8fa77a55da211f4058190,1
0x4cd8e0bd4a991b2d7763d80c4c63dde5582942a5,1
0x4ee5e68a8623bb143d2bd9ba0304e2070a8ddc91,1
0x5301661d5a55e3712537949c65b86ea72cf41519,1
0x56a061f4ef706e1f6dcdbcf7e10e4340c1d99bbd,1
0x56bdc5fe7f9752e7f5a381e394acfe72a724462b,1
0x587d714453eccd6f49818da4c17121c092506cce,1
0x59405cb53fb84706f3c4b522c57d71f125fe5182,1
0x59a5493513ba2378ed57ae5ecfb8a027e9d80365,1
0x6299aed920679c4a680fb53a0e63b8f878208878,1
0x6430c11231ec6723e5bbe6ab258f184f5af7c836,1
0x6850dd83a896ab7a1b191ee377cb46b708d4e515,1
0x6959177e16aef00c42030649734cb06aa50689df,1
0x6e7d6b505deb2c67fb64ece9995a26b8ad70678f,1
0x6eb9816e72058e85c7d54dd2eca1b472f0a17ea8,1
0x72bc237cf598505dc00d4fcc23b1663e206455a9,1
0x72c33c85107685728da420ca77e390aa0a07d681,1
0x7546c60ae8d65dc6dd7a0f61c169818059ef49db,1
0x764abe778aa96cd04972444a8e1db83df13f7e66,1
0x78089705ed807984cf3edf9149c9369e8fabb9be,1
0x7a79944ac7e770cfd13ec024a4b31b8c5efee60d,1
0x7ad225751ed67118e9f54f87e08f64e43ffbef0a,1
0x7ae3b0627dac32d3ee16c204ef791e37067b8460,1
0x7b343c896f85657976dfc88f282a69fb2e2a99ba,1
0x7f3b24d4ee18c5f92cf83894a954737fe5752fad,1
0x82015102581112e32d7b9d80ea82a55ce47b3962,1
0x82f23de5a474fc904041c357576afe53c30dd250,1
0x83ca0f19abd240c3b04bd55a2046c308d042e196,1
0x845f97e61d7e868b49cf3b980557de0860b11a79,1
0x84b09585aea6eaed28ea1490e96e0a0aa5536747,1
0x84df1fb4801e72cf6958a994dc0b690f9e7cb23b,1
0x87c840246db41f4cdf1025ba42dd85cc2f24aebf,1
0x87d234ebd04022b6f32c7ce6cc6c63e78175c35b,1
0x8a0c391ed12dfbb23d4a926a7c7353dcfcca8a47,1
0x8bb8bba1ccb6b2b8a35061aa65dd8e6f369a1723,1
0x8c1a163f87915654107148434fe68f60847abab6,1
0x8f3a658a9736530e89c242ef572d7198cfd540ea,1
0x91cbd90345578b5833e2bd53ecd22846234d87ff,1
0x9481d8bc76fb1b7d2f95733a6ec0b40d0cb1fffc,1
0x99980dd0184773ea492c23033e1309609a7e75fe,1
0x9a3782bcb4c9e016a564b8eeb97dbbe248829d73,1
0x9c51532ef51ab720514b5acaf97fe6c600fbfb54,1
0x9fca5cb296333aa780d3367951f766ab3d7d4098,1
0xa1f74283c68d09c12a284df121dd31801af8c12f,1
0xa21e1e6c69dfed02b6a69c4c89ea46a1e6e31b86,1
0xa309e257db5c325e4b83510fcc950449447e6bda,1
0xa817b9bd1ece360e4a1692894a5ad1d40b889f20,1
0xa93450b6e8300071e72a5da104c7bd5ed4e102c5,1
0xaab8b7c6b3389b5b05ba7ef0fa1ccc7e1819c5cc,1
0xaad4210b800f14660ef4068029d428936ebd21fd,1
0xac9017281ec1fecdbf8134bdc095ea16e1dccbb5,1
0xad341201fa88bbeab53e2d7400e1259ec441babd,1
0xb1f83385711225cf381f1611ae09d74e8a8d0f0c,1
0xb258e243a526e79c4b5c8dd5df490e42eb7927b3,1
0xb270cbd077f3379c14c6943b7e5beb700b9b549c,1
0xb5dd77f804e324b3b9ea24ef0f67c0a7b6498a9d,1
0xb774f65d9eab67c9a587eadb5b79d0a02bfa5c42,1
0xba483602700172b39ae325f0c1b4be666181f2b9,1
0xbccc968eeebffc2586a50eef0ee1cf12273c9604,1
0xbe65a7032c72769819c393c7c5cc258b75431324,1
0xc14c2dbd3e04343f85b997ef692e94a446196cb8,1
0xc77ec27e6ae82ead54894dffc7d3f3fe3a09246c,1
0xcdf4930c1e3167faa772fa463ae8ff44d61273f0,1
0xce56a746edaf84e65aa6a2bbb45b2328f6a99935,1
0xcfc386cac57d1f35db92f285f7751d2ba185b910,1
0xd537a2b2b97d104f2d9c7a84377fc11573629085,1
0xd61bee56435dc7eeca895bae90fc8b9c7fe709eb,1
0xd86057c793bdfb77bb11dcabfe054ee4fd86ebdd,1
0xd8da603456bea3f46bf22cea67a510e25d3da918,1
0xdafd126712aacea92eb9fda9f148d949a3453faa,1
0xdcae87821fa6caea05dbc2811126f4bc7ff73bd1,1
0xde500d84a2bb86911a84bb7c9eda4b4b8f9f08ba,1
0xe0a68cae437373160f1854e411cce05841e1bbaf,1
0xe1d29d0a39962a9a8d2a297ebe82e166f8b8ec18,1
0xe83662f74a5961436490cc88417a107cf06a175a,1
0xe8cc7c453eca25450ca16d551db93d5f5740e054,1
0xeaa511b1aa3f49d63af30c85377fe0df3a9a4c38,1
0xec6aefe1d661ad80a359533e04daf05101c09c2f,1
0xf6b29a05b0023a8c219705fbe550b2999b94b1b4,1
0xf9c8d277b7485d29a0e76bdf2f53f584f9050baf,1
0xfdb325752f9793ae7fa4aecc641cf5386846f566,1
0xfe0174255e410defaaf58b06e009e0ebcd74db59,1
0xfe7ace0f186a54c0be46f992dd3072e0053a1010,1
0xfef9d27b5e5c799d879681593e45ee2c41b90da6,1
0x9ad53944b52e271f1114028b918202cfaaec0a3d,1
0x81a2c6f2676cb7a2e17ca83cf702a633c71619b9,1
0xca8299a5f070faf59e87f6c4df6e7627d565e006,1
0x6a3d9412a705f5531b029ef4a7b8040e1eb84ad3,1
0x9197f339cca98b2bc14e98235ec1a59cb2090d77,1
0xdd0a979d9a277144e73e05aab18261f71ee020a7,1
0x0a87cbf5eec20d8d9880ad21f0260522ff5a675a,1
0x7dcb39fe010a205f16ee3249f04b24d74c4f44f1,1
0xf041c4f026547f7fbea6904f77bea16997024751,1
0x222f2a64f157a2eedad59c50bf614ef00b6bf852,1
0x571b8db726c2a29d237f88c9efeb896290bf395b,1
0x8d5e59e11838cff72af5fb0681d96a9136ad0604,1
0xadc9e7a7d129be37bb89d05defe860ea28d4e6fb,1
0xe1759f0cd1358c049e7f64c26e13de9492f9f888,1
0xe4fdfd7f2b4e4926759f2b1ad403d45a1aa9106a,1
0x2debdf4427ccbcfdbc7f29d63964499a0ec184f6,1
0x44c967fd7afaf25a818563089176e6622b2f022c,1
0x9996b56c2dd22e58d53a10d38bf299fb5dea07a4,1
0xe80bc954d95eec94193ea3287c065a34ee7ec4dc,1
0x1379aaccf761490ceba36b6ec572e5dfca48273a,1
0x1aae1bc09e1785c8cb00650db0c6015bd73b0c7e,1
0x2257d2af0f1af5ea7de2a01807ab173dcd383ef2,1
0x244fe02fbcf4db4ad96063b161f00e444fc54011,1
0x3839a6c85a38de97abd0ecc092ef3311a7f1311e,1
0x3c99c5157416d57db4ac590246bbf528211cf501,1
0x418ea8e4ab433ae27390874a467a625f65f131b8,1
0x571ae158b7f1ecc0ab4f17c9474a628882624919,1
0x6b29380bb9955d5b2df1624c5c6a72a5e69a6b80,1
0x6cb9275b70a362d8fe5d445268e92186d61ac8bb,1
0x6ce52498047b8279ccc7c25b41c95cd482525e54,1
0x86f0a82dfd9745ec23bc8a72c819193e74962eb3,1
0x8af3e5d0b93332a972f02c50767befa71408ce86,1
0xb582a841c4ffed063c40d6464b60a45959522817,1
0xc6c3752bdab737b8cfa174e6ecfa620ec0cc162e,1
0xd6f47c87f7046c1dfb7e9bdbd7bc0a6c0498468c,1
0xe388a6d5d020333ff9b1638bfeb042510ece6b9d,1
0xe974e75da812e3764dcc746c8fa82e25fb9f0627,1
0xfa3dabf38f872f50c62c3d39920d173d215806ec,1
0x00613f2dcccb7ac28fa1806fabb6d6c392417c23,1
0x0162f0b0deaf7147d5603d83c2c149737a6e80df,1
0x01d5fba02d3daad61e6c42b2e15771b06d19e557,1
0x03abc3de5f7c23d9065cc5610e6496d72208357a,1
0x03ee832367e29a5cd001f65093283eabb5382b62,1
0x04d0c64d8b303586af5cf6bb37db16bd7b78c43d,1
0x07219c7136f49847a6be9fd1ce27f8afd6a074db,1
0x078768f931538c0d7c4744e63ab68844077a136c,1
0x08fc70adf6b0950749b7647f67616589b1853a53,1
0x0c0d8f387030c631de001d99d40b2e519cf4d10f,1
0x0c76717074a973f3f6e3d422166c999483f6c7fd,1
0x0d5668339c3c17aa7f06ba7fe2667536cf15d748,1
0x0e757c27de6feed6d9f43120943ef07d89335483,1
0x111b863c2f7d1833d8f53830647c260169e99626,1
0x11267972b5ec7554fe1b315390c8315f91c4826e,1
0x13bfd26cf7d981aae5f8d4d88af4b34b4b1d4da4,1
0x13c39b3e6e6159bc233fad90825f1f9f84fcb102,1
0x15c27e196067b7eb1da7175a942605ed56adb49b,1
0x185d5f60fb7c59d344ba939361908916cbffe1dd,1
0x1989e01962646dff41d4994a411de9621bba5580,1
0x1a0335b908dce97a4ed4f265f2b649a2133fcbba,1
0x1e0a980dc878e8af6ed79ad189a7334d2cd737ef,1
0x21e2254ab84a5ecab8ad6b66320d1d1b375c56f9,1
0x225d3e5921f8581839ada55d56497d521f01e587,1
0x244474fbcc4a68b4dc8ba70c6533f0afaedcdf61,1
0x2762c7fe932b8688508fff24ececbbca92a128c4,1
0x2cb5ae51861a4a6e8568b527cafc3891317ac94d,1
0x2dfbce5b56fdfca744e5305618aad3b06b1f965d,1
0x2ebb29e0eb7310e073b87b1d7b13ea5ac02ce614,1
0x2ee8670d2b936985d5fb1ee968810c155d3bb9ca,1
0x31109265a787ef9fbf997242e36e9d78e8a61999,1
0x31231036ed51376a70b3824d7da1a4e036def5a4,1
0x31d1738bfade25266ea04e37967eff68e5476682,1
0x3368b4733a4552b38b7d81c215d88cac4c78d8e5,1
0x345ece8b7fc0e91a066130e455b951aff81cf0b0,1
0x348d43bd8daeb9f13611d5f0838225e6a9d89bd0,1
0x36ed861a319278e5b6c39028884b0ca93df105d0,1
0x373db7e01ebfb92d9095ae6b8f6e3d24ce6f4d4d,1
0x38b2739bcb869494cc7953c79c97e3bcad7eac04,1
0x3927f1b51afd205311bdddeb5646c4c6a309b2b2,1
0x399ae621f85a6d4407904e94c0a3405be9bf4a1d,1
0x3ae8d9ba72848bf5356f8cc56450532c9bbaf9fc,1
0x3e3721d26d5b8612bcd6504696b82401b9951ba6,1
0x3f4373afdde3d7de3ac433acc7de685338c3980e,1
0x3f659ffda1f14333696eaf795b14ad9c4cc71f61,1
0x42617123b481f61df6b5b8a6484ba0a4e6929279,1
0x42b46951ae492fde820016ad6432c1360a227dd1,1
0x4322aa46ffed67809862da613725728e2fb8eae3,1
0x446b01c4d72ff31856363b121cf06361026e161d,1
0x4470e0f5a0a3969cb0d5aba71ad4e6c759dfc824,1
0x4612f6ccdeece14255a757395477907d5f33038c,1
0x4672fd2f3f3813ff0e33c74565b404fb0f649051,1
0x468db743853db803dd898730734027912066c752,1
0x47836f027d427e78c06f24eabfdd1d2089fdfd5a,1
0x488db5b2f8a9fbb9f50ac113ce9f88c721fd4eec,1
0x4969cf3d82afaebb1604da6ad393c51bb797ee2c,1
0x49fa36c6db702b950aa1d241924fc5200e2321f9,1
0x4e2f4d43bb625b4fc17daf7c0ecec20bf1c86f1d,1
0x4e3cc03eb2be6122f2316b84d1c7edb900e90dba,1
0x4e4de71da7306866a80f8983403db52480311c37,1
0x4e61548d94c8649ebfc2f5f54d2272fcbc687bf2,1
0x4ea7cc46443cbfd0ae19aec35f08dad83477a52d,1
0x50b88f3f1ea8948731c6af4c0ebfdef1beccd6fa,1
0x513e0a472522e4bd8023c032bbf01e7fb1fe0df3,1
0x55adbdf8a6396356de42aad937ea79caa2cab88f,1
0x58a216fa7cbf9d4f46ce69a4008e628b715651be,1
0x58cc72c8007eed0cd4840896838bfac3ff92d254,1
0x5ab815bb06dd007db0584f64c76e6469e75a6ee1,1
0x607dbcc8f8a502493fad2ead62e21c8fcc2e23c5,1
0x618d17fa59c67aea20a88dc75d4e28e728a6ff28,1
0x62af590649b7abe80f8c6dffbb92e0875b65e37c,1
0x65ba4f92d7dfa813ddbd849d9faf38a723dd9b12,1
0x67a90218cc5fc1adde45ad27a257f268023b2ecb,1
0x67cc642f32d724724765dbc40472a3d520b9e02a,1
0x6b9bcb0b854d7c7430baa55167d367d28a8dbf1b,1
0x6ea87e3278f7fd4bc0383a87bc5e6a890712aa57,1
0x6ef2376fa6e12dabb3a3ed0fb44e4ff29847af68,1
0x72409fce1a70cd7665f9e7c3ed29626df00ac6d3,1
0x73db79faa288b10aa850931d2794ac58ffdf5ba7,1
0x77186c9475bffe64f7f18967db157f16f7236294,1
0x7a3c82c6b4ad6ee11ecf7f395431ed1135d6e46f,1
0x7cdbb8e309ce7c701ed200be123f16c6f7c9e525,1
0x860f0aa48ec759df1034d72e0311482a8b01db83,1
0x88439bf8a247cd733f65fa3acc78b21ebad7396e,1
0x88ceca090d7d810f0d3bde0cdfb1cf1f2301bc17,1
0x892eaf46a9c1cb75c3f230420dcbee6320c26932,1
0x8b3dfae956f72afd2011e59dc8cbdb6da7c00943,1
0x8ccb07293755004942f4451aeba897db44631061,1
0x8d6cfe2ff08d8b6766eaef33990b78f8990b4520,1
0x914b1b26f461a8797d94f06ed41e01f72b0484f7,1
0x92c70f31efa47bd08b65f36079fba5668f3050c4,1
0x931e8194d361571cc8476b15f8ce2f6e72d593f5,1
0x93e53d815e2967e8fce7070060b881f8a344e32a,1
0x9a659894e5d115846767db0e1685744c452e7a6e,1
0x9aa70c212c01a01900b04319aed3b0d85bd0e06a,1
0x9af5c0a2eef61a4f6202532bab6a6485fbb6a287,1
0x9e027bc1bae517189285a207c69615d805670f7a,1
0x9e5f73d2bae44a6d6815eee51c292ba235f04f6e,1
0x9f64e6a575f50d7c8c5aea4be962f86ee2c5ca31,1
0xa12cea84eb9e6dceecd125de27cf2e9701104956,1
0xa199f8ffecafa4f3d500d3ab1d1c8e0b49c9dfd0,1
0xa1fbc0a9ff967ce51b8ea952b35ff7005cd4cc63,1
0xa342e537bea996a2c96864c31dd9b3d9e40eb2fb,1
0xa3deb012dca06b12a7e9ae06738fccb4d39a6324,1
0xa3e49fea82d17326636cece9c8c090edf013dccb,1
0xa8b98abedbfa97df97c8a6cbcb6173376a7a0266,1
0xa8e54b46ae93e14eedae486a9efcd4c7b5a5be20,1
0xabfb3a0a0e4c1bc2ad036f4531217e2becd215ee,1
0xaea3e4bd4a5250ec413e31b95126f3f997493a8b,1
0xaef63b54eacbdceff0b63609623d038195008d88,1
0xaf12a9af19331fa9b89915537ce9d41bce5e4c5d,1
0xb209e4bd577cecb120fcd1797ee399ddd6533ac5,1
0xb29548cf5ab742069387c1f4599cdca5e0273e79,1
0xb3007ff3c3f40bdf0126fec7c8e43c3fc50ea813,1
0xb5fd638924ffd3a937f3e9724c46ae505cf784eb,1
0xb673537bf807229f6364b1f59bbd346f2305e188,1
0xb6940b05101cf385053c7dfe626e23c1f8e6e2a2,1
0xb9fdeaf50a38c18672218a89862e0a845494625e,1
0xbb3be72a5f745a5a055dafa72b13a6e04fc5859e,1
0xbb5cad97dc15e8c3fbe457fa65cfb38b2dfd1002,1
0xc0ced4439c1f0871f16a46e13fbe41fbf61ba265,1
0xc35a5fec6be6957899e15559be252db882220b37,1
0xc5ce7e0f40620de1edfb189c0430cd745da7b2ed,1
0xc78bcf31908f0be36a353960552ae39c1c35c337,1
0xc7ec028c706ec2fcfdcf66bba7e80ded634f6ca9,1
0xc97a5623578a832354988e7e40869f5207193d53,1
0xcdb852475711472fed6a4859504e867b8d59716c,1
0xce3bb9cce23bfd60d05731bfdbedf299b7f94806,1
0xceae52c73db66e280f8d5be3db89dc69463c7d72,1
0xceeab2af38e6b086cdce120c49f93b65f0b92b76,1
0xd0b2d2d86a45bf2f13a3af83df6e7b5fe98050f9,1
0xd0c877b474cd51959931a7f70d7a6c60f50cdae7,1
0xd2a6ba13a6653166b35e712caef55d34acdd939d,1
0xd2f75604358c867c459521c45c2e9c45fbbdc772,1
0xd83a5e7bd6eddf35431e0b2aa2680449541e7444,1
0xda015d7b426755d7c28a8069f1c94321b5e70143,1
0xda23ab0b2636c3f9806a868278d73aef2439ab60,1
0xdbe1ef8fd76f12b9f82c06aa7b34f652d5fe2c41,1
0xdc9f9f4db2e5c8d2e3f0345261f2d5dedc3b8634,1
0xdcaa90d9f3b75cda80764326f6594b58d0585d21,1
0xdcaff7c8220d5c151080ac5f6083332ef764dbe0,1
0xde1b6dd59a147a5cbd584f5ec2e0954cfecd2816,1
0xde772ff7386b83e32a6cadb5cb2d8d9936c16475,1
0xdf1cf9e3debfefd56286ef4024646f49cc540e37,1
0xe540a8d94bd379c4d9c0478c8fe9f7fe7f0b06e1,1
0xe560646ef7a69400974d85e818bc0e054bde65c1,1
0xe781fe7a6f65ee6b3efe66ed8f7f5c1e9f01cc55,1
0xe79c263403b0071093bd7968ad1b6ea94d3bcf1c,1
0xf0d6999725115e3ead3d927eb3329d63afaec09b,1
0xf1133ca2ff1b4e5df7121566c0520199f8937e78,1
0xf76a3c1965b15fa7b109bc7ce18d64246dae6d72,1
0xf78f9f879e0c3ca488fb83cb276b0a9bdc42e103,1
0xf81489f074a9f70c294164e07692559269f3defc,1
0xfcebe89986326b7af585254dbaf1f8bdc8e5a2fb,1
0xfe4da73ff6543b17b2b18e0e5d94bc87bd79f527,1
0x6afdf83501af209d2455e49ed9179c209852a701,1
0xe7079eec020ddfc3f1c0abe1d946c55e6ed30eb3,1
0x73d05c2ea70dfc3b220444c94567dbc84bb0d24c,1
0xf52393e120f918ffba50410b90a29b1f8250c879,1
0x8397e2d5fadaa6e0817e376df5ba1d016a2f804f,1
0x2bb2ee28a5bba51db2c104b6c36a6907c21d4d4b,1
0x6d35392121a6687fe19d6159601b17517f73d0ea,1
0xa1d2838c2415b612e95cfb808c721d41db3c0beb,1
0xa6b880ad5e007ce8bc681ca974d79ce58fa0424a,1
0xa94ba6f81ede0d81a5252e71916b5c5567ad6a01,1
0xb01b3a335db49192a31af43a88c458e5070ca5e1,1
0x04c95c6f8ea7ff7c3f7a2f148fae75650c5a875e,1
0x20251a0505ead51fb2c6ce5c1f399924ea068322,1
0x20ec02894d748c59c01b6bf08fe283d7bb75a5d2,1
0x22bd04906e808196b19f7d10463fe463ed5f88cb,1
0x3cd378c9b1cb5f147ebf1b2c2564118946ae4ba1,1
0x486b93068f8c9f8fc41e46ad22e4170852618e15,1
0x53f5f9ccb500e49f2a4701c3d402d1cac34c8684,1
0x915c6cb77d302b8c514561feee12b5cb6532a97e,1
0xcef737bc03490a4bfd4c85621ca648d6dff1f22a,1
0xe8170bc2483571d06aadf73ed5f90e0719c6afa4,1
0xece669030903fa1f91ef8cfc0bd0f6dc15592bf0,1
0xee620a0991d57f464aad452789a4564ba51245e8,1
0x0c48a90d2b32ce92a04e4827562dac41e97a8be4,1
0x208b4a8ef875a5e4645e23f27343f47fd887d9c5,1
0x29b901ac5bb634cdfc64651f90ba0cc6f276494c,1
0x33a34e27a81436ba9d79276406a285e89a8bd8a8,1
0x35cbedc3412d3c93dec4afa60ddf38c2a9c38865,1
0x37dfaa62f0fe5e6ebe990ef1a0722f5279962e37,1
0x428ae3bca203569a95065fe5ab0b27e053e83476,1
0x44b59da883a9cd1129e2e6fdbefc1f94e22c11c7,1
0x455867c5b24bf1a29ee02e0195b9ff36bea17ca8,1
0x514afe6575b5d81cecaa86a6bddf28de2f89ba45,1
0x51db75f734f02f392452d94e06b7b703bf6ce197,1
0x526d62200ba2049a660bd6d7a8022fcc45550714,1
0x552f01d67b352aaa38bc675e30ced97f2451df63,1
0x63f51cd8ac4757d9fbb52da4e0b467f4fbc23a21,1
0x6bb59e15545dc9ab0949410cb3d8402ced7fef98,1
0x74d50ea9f8cf5652e75102c3fa049c01534dd6c4,1
0x8c0a11eb047c1097c821c159b8e0c2c5f37f81bf,1
0xa082c343cc35a7c54db225ed74c4c02d0b56149b,1
0xa73769aed346319287410811639ac3bec8464d55,1
0xb26c452e8ac20ae7445fcf46b6478d3984f5d8e9,1
0xb7ac5afecc5466b4f5888c601c7fc20e2b5bd96d,1
0xbd1c32d2c3b3f600736d244c56806ddb5a190b8a,1
0xce990032a3ed14e197421270a9bec9e276bf2f31,1
0xcfd648eb66b736351f48dbd5a1752708371c10f4,1
0xd26cfc32d233fa6842684551b8f356df390acd67,1
0xd38a87d7b690323ef6883e887614502abcf9b1eb,1
0xd4261447d17f2d0fc002d58dc2aebc5b4c1b19f8,1
0xd70676cfa67abc65a8c39f049d62eea30e3080cf,1
0xda599dedef2d8c00c01cd047bbbedc7399ad5908,1
0xde59d4fbd48fae4b3c20817981baae47f360f4c6,1
0xe05e90015f6577ea1b1eb682ff8e1db1b7b6bcce,1
0xf6ec5b0d097178a0acf493afdcda2a54545ab0f3,1
0xf8f327e4c1cbcb0ef014031b84069b9d3579f42d,1
0xf9ba7328ab17ad09a84f98640d8b029ab9dfc35c,1
0xfbb494b311f8790072d6f2d5ed1ab8695ea8890e,1
0xfff39900273ffb1045c7cfde62df1720b63fd6bd,1
0x01072faa900f4ca3b40944ca815f39837bce193b,1
0x0112b93de32e5353402bec6d177af4f8c8cd40fd,1
0x013cc394844aa993d73ca9a08d89dd6d046f3bcc,1
0x017ffb7c9e5aff47d9569265d7c78b2494099782,1
0x01ac9c8027c3c91c49b33d1dd084ed5b87c7dc92,1
0x026e3a7cd4ecf91a8ad116a6124880d876af3c99,1
0x03183fcd2d6a40b466375cdcafe2cd61d0cda659,1
0x0340da03212bf3448e99b85f886f4d2017b0ca78,1
0x04173063c0c491470b735954790f94ed307aae9d,1
0x05cda24eeefd1f24f18dac398f5a612674d3ca5e,1
0x06dac6a2dcfa0f0dfb3e7e766515eef5b2c6399a,1
0x080ffeaf914180e18f69092d66de11925434b540,1
0x082a847d5c3f36cfb4f10859599cc75d98ab56ff,1
0x085d07d65b41158a1545eecf05316edb5d163b54,1
0x08627cddb9710dce14c3949ce41278514a82253d,1
0x0a33896f09d43a5c9af1a14670c2869b945fe39f,1
0x0b983c0502ccb2dc598847b467a1b36c1ae8d8c2,1
0x0c9d4d222911f3930ba6449df1f75541cd3ecba2,1
0x0d1d74535bcabda2da2cff5a53c2b899901d423b,1
0x0dbfd05fd48d62056ae630bb714e5d9f2255b5cb,1
0x0f22657ddcf96c4d8e7cd22f0ab18fbfb579e551,1
0x1010595f96ab62b31bfeac411ec5f8f60db5dc23,1
0x10bf6c24b2f3b730ddf724ecb9a8c658751a7da9,1
0x10efe7195c7ca47b9b1e2da423fecae8527f5dba,1
0x11099ac9cc097d0c9759635b8e16c6a91ecc43da,1
0x11b7b38d5b96d02d6381e646ad8ca55db74dadc8,1
0x11c1238607556c6b23592aed09e469028702e9f8,1
0x123cd3fbcae960bbb0e7f68593b453186065c6d6,1
0x15237b9fc8c244246abee701f07e42185c5111c3,1
0x162bc440bd8474bc5e7da451a7dc0052f93b0c8b,1
0x16bf2b9490348b21bea767ff4a3d3c82e3059f12,1
0x19285d3163255c6e5d225dec48d3a5b797f381b7,1
0x19f7aaafbe0e40ec36c0a5349b20fb4380d09586,1
0x1b1405f6dc51121a63c71e9d7282c221d84dccfe,1
0x1e31c76b78ff00e3cb64d41d5844626d991ab9e8,1
0x1e364eb88cbbabec80bcd7688f7059274f54a39a,1
0x1e6ef3e23dbf38428e752a7293b698b189c7317f,1
0x1f2dd54ce97965c6aee5d860118c326d68a21f63,1
0x1f535963f70aff4a8d9911d3513f819ba5703b43,1
0x1f8dbbc9445f82a2df48dfc4aa80804231b1f9bb,1
0x1fdbffd0d8e237e64e68a904c2a6f447a1ad5c90,1
0x20ebf9ae7c66da763fc1ce86062ce883389c8e23,1
0x220da3fc3b905c968dfb20c81c170bc4dce56603,1
0x2227cb63299db1ac748347be2eecd8238efd593d,1
0x2249f5016b1b7a306c5e98765bf94fd0a70d8b45,1
0x2313b25a4bc7300020df39ca9cbe46335d2989e9,1
0x240adbf08d10d0fa1abb2cc57665c551ba72d009,1
0x248a063b143be4acb88b61828e9e90185c4da6d4,1
0x2573623e65748f9848ff10caa34bc6931753fc60,1
0x25e7a0e250cbacf1299392881d7058606c0f7354,1
0x266dd7ed1f3724746f4ecb508c3ddc3ee07485ee,1
0x26df556a872781ee2674214ec5746d86afadc122,1
0x270ee8f5a362832b21569a0c1afa38798a9dbf69,1
0x272aae925084067f3c1b5692aa34460ad3cdfc61,1
0x277ba29263bb09658bbc973ce6c8f63019901e5d,1
0x27d75bd3192bc64a93dde5220c6ae26ab23f79fd,1
0x289d545e52b97524278f94672d2be8c44eb3f369,1
0x28ffde02c49be948a405f7d7ae2ac1612a3f9874,1
0x2917e947fb1925abe184d4062520a11bcf2a5b36,1
0x29722d00967e6131dcd1615b4a56bb3fc00c06be,1
0x29a1b9078ad9125c1f66c38029c75bb014d5567e,1
0x29cc37bb515745a75eb9ec13d2db1b7bc69447fb,1
0x2bc490bb1386900c13f759685af5c5d059f413b1,1
0x2c4376b9414fefecd89c9b770416f7516e8af863,1
0x2cd03d3ce4c5ec075f259ccc85d19706a9090dcc,1
0x2d2052be503780c575629a22aa84990f9e38a7d5,1
0x2f1390ec03a03e57a1406bdef57c9cf487f62b78,1
0x302f442c5aa90177684b551883fc32b151178e7b,1
0x30607f2c34d2e847c41fee6b29c3301082031350,1
0x30d6630d31171745017c8ab7cdcaae42bcc4d748,1
0x3135d041d207a3c3c4edfeba5cd1956439b5de38,1
0x32766d81f86cfbf4485545c9a367b4e2c224cdcc,1
0x332ab3f0dd19b601e988024bce17c9795a8c88f7,1
0x340ee74b7257c6b11b7bf47fd279558ea9e143f8,1
0x3564ce014967c81e25f6349124673cf60b7ac572,1
0x36d4706d9d8a106d2320fe14c9da4a4d13cbf498,1
0x36eebc48da111b14b010a97abecf8bb68d10095c,1
0x370ebb6e69b5023fc68755bb6a1435d084dfe07a,1
0x37eb49074b9c7061a51017321ef8ba9ae3fdc708,1
0x37feeac37afa67d5211937b4fca166f91724ae80,1
0x38090615458c10d067dc19b5f1ccf7d4b4dd8bd6,1
0x3837bed4055a7e0d9b1f180f038786e2e6055d8b,1
0x3a0c596a40bbbb558d86b0f692884aadf1dbf20d,1
0x3ac2cc26fbb230e704393dc79e97cca47e709247,1
0x3b5f949c07d0e31b904b53cd4d24f94687e15c2d,1
0x3b63410fadbda0ec0ba932fad2997edd7a842679,1
0x3c554c31c2f1938bdde970ac9add36f6264b55bd,1
0x3d055040d91414fbdc0a9eb0cb4e1bdf222fb1e1,1
0x3d5ee44e4fafd6af43ee28269af157763d6d33d0,1
0x3de4b60cb19faebf58efea6d4cd99fb5295cf95c,1
0x3f7dd0b106b10d06bb4813715b4e24d9e626dd64,1
0x3f849f47f5b372d80407e442f360ad7b17f5fac4,1
0x40d775827365ae4d54cbc08a1a1c4f586b2c1d0a,1
0x410ff1f298d37046a1f7e0c07fce1d8e9f91d15d,1
0x41b68202dc64904e09d2e4f0a94879c741f27db2,1
0x423232b60d97d4a989a47ee5fefd47c8dc4b0e1d,1
0x42757298759773e1af7199b18f6ad2307dfdcd88,1
0x4328e034e340aae13e9d64c9d7e1c769509cf8e8,1
0x44b76fd4eef6ff8327c3cd7359e2177de463e36e,1
0x44f2afb689aea37ab17feb2420f17f9a3e851307,1
0x452f438aad8b675232c1fd7ff8e940d72d8a9f45,1
0x46f67ba8629f70a9c6099f9f0ca1fe98e5047397,1
0x47c3c798d5a906f5aabee62b1cbc6368ed1c8898,1
0x4b0c1beea2e8a8197fc48b0425a50a7204412989,1
0x4d8eb365bc03225e74bfb90ada1c2ada2b6cb8cf,1
0x50d12e66195a67c80531f251ceac41e7e5e67340,1
0x50e4a02362373d9dae47f340c82fa146e1d06158,1
0x516656beacd4c41f4e1a2273263ff4995d0fd1d3,1
0x51c6d3019e6cd88c9a60986f034d669e545b3352,1
0x524b7c9b4ca33ba72445dfd2d6404c81d8d1f2e3,1
0x5328cd117d42fbeb105794b5cd994df420065462,1
0x534b8531e362da97d808ba2ab3959fa2597bef11,1
0x536849c0f85b1ddd8e237cd29b7e8a0f23ddae7b,1
0x548418b6265658d5f1f07d37ceed4cfedb4e3202,1
0x55dd27f1c3f571943a5093e5a99bc01702dbe619,1
0x567b71b80fe93afe1db3581e6faf5f00fd483885,1
0x56d3e41d87996b59842e20d638280829b5e446e9,1
0x57d579a203d8b5d1cfa6b751307c2d68ab2b15e4,1
0x587de9b9f765b056999fce807f310c58aea97c10,1
0x5a218969b422217970bc340bfd70b4a1e5b4e896,1
0x5a3a1461310884df894b7e973305f690fc5779d0,1
0x5b8dcbad4df5e00c20c35a0339f12259ba40f2a6,1
0x5bc928bf0dab1e4a2ddd9e347b0f22e88026d76c,1
0x5c21e2ca71209821b95a8182663a64569aa8f822,1
0x5cfab23d47598464747dfb169828eebde5e68ff5,1
0x5d181a27b5a2f444ddf4b89d65c88214d7413ada,1
0x5dfc1f36bee4938b3dc8ebdb4c34f64c935fc2f9,1
0x5f2ada0a1cfc9dd8996cf4be20b83edc9d88a5cf,1
0x6072b510aa765dd2f31975c9aa65dde39fd1a282,1
0x607aa580eb4f25f90f0d28ef404fd30f8a35db1e,1
0x61bec61b20631a53d14b176c83b8d47fe711a6cf,1
0x621fa2a2dff1012ce2989e583c407d060ef59754,1
0x6270d239ac3dd7ba9192367e50780031c82c6be1,1
0x63923511f7b628483f9e160cc173e68a5ded11b6,1
0x63a612c0b8dfc559318e39daae6d0c7d09212965,1
0x647eb74a5135a0f24beee3c2d8432adcbb32c2a8,1
0x64932f86d69f2717307f41b4c6b8198000583c63,1
0x6576a26763cefa8f37005c067f7902960dec6b8e,1
0x667f565a40b7596358ed338331a206d914f6c9d7,1
0x680c297b7666ba3cf394932ccbab0bbe333490ee,1
0x693fb4c126da8e126687b16c809fc19d2409d522,1
0x696912e555547018fd2963fd945300695630dbf6,1
0x69a463ef66c4966e8ce368ee050fe2d0c79deb02,1
0x69e4767d4c63dbde5ed038eb52da33cf1ab9e4fe,1
0x6a0e3750e44b16d7c1493fcff76c68e78f034b37,1
0x6a278927f03422419901b77be4d47700b1f3599c,1
0x6a5bfd81dbb39d71cc2afe448591a0be421f90db,1
0x6ce28936ee5f6c2dcf33b731df675bdbd60b5593,1
0x70e7ee4dbbf6f91ef363cd701f4b98b70ec1ba52,1
0x745147f70b5912e6dd134e0502b3914e6f6d98a0,1
0x74a228c2e1f7d8f4b0a336bc024021853da8a696,1
0x762da606029d3120735aa1eec15464e265db7a3c,1
0x780193b15b2db9b9f4846dcef7ebfb3e2b751a8a,1
0x78130d139ee6c5c1b99a49ac70271fe696dc2b3b,1
0x7853010ab93f48ce78137703f7f0d21ace194d11,1
0x7855227676cce7592e4024056ba2073998f1ead2,1
0x793e48857f3ccdfe5cf3c504b6dfc7e8dab5b0e1,1
0x7988dd1dda1f35542a2b8d5f7de575563ebf068e,1
0x79dc911ba6f8424a4b6158ea0b24168a8e0e0fe4,1
0x79f4ee296b33f4fb4cd78efbe99e3a0eab5d3c7e,1
0x7ab2f82adf8b48852cf49034e7e242b45b15ef44,1
0x7b06d1c7b76097d45ddcd1e4d7a9ce41238db01e,1
0x7c2145e13c6917296d2e95bd5b1f5706c1a99f72,1
0x7caa9f43822e288782e3e8797c8a16774c689b3d,1
0x7d6b500409bf4148ed04aa9a359fb0959a7d506b,1
0x7e8b97340f2cd42cba3ab7f207235c57cf89370a,1
0x7f9bea812b9b6c3c4b74ec8aae849a5745cc3ffa,1
0x803028dd9d3b5fc1b12e48b4f3f4218cc6470146,1
0x8164909737391e788c1ca197bff29db2f8ded30c,1
0x81787ecf8d91c1c6827f28e68e0ac3979a1263fd,1
0x8231ff66a7bbdc14ad89782a51c939bbc4c92784,1
0x8279b7167c17d11fe60238248eef4aa9e750b2b6,1
0x82e133653e5069a61062b28795ef19a99a3d2c75,1
0x833b6cac387e694dadb02b26d0c55e346b4c9c34,1
0x8396a631492c60696ba4119c54e0fa616b2ffbb2,1
0x83ff31faa1fbe034b1bf17ad33759ed85da65e2f,1
0x8464e97ae591ced3c48ee4639495e3b6217fd861,1
0x846978259adc90d5be03c7f2921af8b58857a1d6,1
0x867db38c83f4287a71ffd0cdfba6ffae93150ff7,1
0x86d09318844786f26df5663de29306e673e668d5,1
0x87accabbdedce63379af9d246bb979a3a481534c,1
0x886277820990c1f7d588ae8e60d60e03bafbf037,1
0x8888888888e9997e64793849389a8faf5e8e547c,1
0x89bb71d271e19b3309f817b48be7a4c46435079e,1
0x8a1b80f4f97c6474764c259f84cc80807d82f0b4,1
0x8a730bcc5572d3cb7f7f45568161fb28b3242d15,1
0x8c8f1be5dbdfa432bbfb33d6a13779e889d8ccf9,1
0x8dfcf8c25dc71279e16bb5f19a0607b60f98cde6,1
0x92e775c5c7cee8e2354002ee1f8efe612c338636,1
0x92f508da769a97c7a073629fae7aaa943bb2a0c5,1
0x94b6623e1b6d36a3f9d9e4c156f6937206edb256,1
0x9570fbd500d3591a19c8e3b07e5656249fbde200,1
0x957143815f0e1d1b1a31b2bfcded5b416ee675ed,1
0x9655667ca1203e9a2c8ea2ed59558f9ad0accc87,1
0x96fd61202a698ee3eac21e247a6b209ea5ffeb91,1
0x9832ff728c61236b32fb6f6e3c7e993f6c5bba88,1
0x98f9626154f44e3f30c112e9bb48b0678568b916,1
0x9a78c0913396f8607eac7c4ae211a9138c2a1fac,1
0x9aaddc5040d2093dc0dafc0803cbfca822341bca,1
0x9b2de32dfbdf5459cd554a2a631e87ec15da177e,1
0x9baf2d175fc6d5c7f1490069c2db6cb2d9525363,1
0x9c335e4d8cacda86647ff4497789019c7a762a62,1
0x9ede39c1dc05ae3f37b622a71fd10d7b95d8809e,1
0x9ef13e6bfa6d38065207b5aaf757d124c25fb294,1
0x9f02cd48b13e68ba2a1b7a020fb72b0ff83e451b,1
0xa008bbbf99a8901cc9c27217f666dd6abdffdb99,1
0xa0a43e56c6df95cf01d089d1284987468f8ddcff,1
0xa0ff0e41d6847b1fce33a721a766e9e040027e6e,1
0xa158ffb97cc5b65c7c762b31d3e8111688ee6940,1
0xa2321ce998844cac8a2f67a481fa3e23e4c6f039,1
0xa266b9edf05b39a6d2bd9efbe1d5445192bda55c,1
0xa2b1692289b1891f6bebfac54a3ff1192b7e9e0c,1
0xa2e08c33fb2ba273d2d8916b390da6a98c800ade,1
0xa3c77d5aff9fbecb27c75530eaa59deaf12e3c3c,1
0xa478ab5fff1f36ed6c4b83f159ba1970329b02c7,1
0xa4b2f8d5876ecbf976d7e983c9c9b418b21e11ae,1
0xa56b61e5dee77d1668569dadd699f70eab4e193a,1
0xa5e32f31948b1af2ffe2e1770ca1d4b6176e9738,1
0xa610d3211a72ab1e1ecc6e6b19b3c357fe0b4289,1
0xa6661fc5fa09cc18a65ca254317d91e7fcd09c9e,1
0xa74c18edd17316bc05f2e1b2c2666c9312f44e9d,1
0xa7e1a7cae85805814f6b516f7e231c488666267d,1
0xa81f3639275eecf79247b7ad455cebcf4dda3d87,1
0xa8490d653e10e752d2e65b1ffb8a1789fdd19cf5,1
0xa8ffc5696488443d290ad08f445b708cff68493b,1
0xa96d4549729c2a826237d91b3a3700cad7dfec4a,1
0xaa1d3f5d45333e40467e989d472effac4da00da9,1
0xafa14280490a031dfa60bf2368abf9c5b650d31f,1
0xb13e2b1fcd163bc3705b1867487e9617a970a062,1
0xb15de4aeb7a84282aa2541a0bdaf44d18d74060f,1
0xb16525385824e8cf877be513386e75d875043ffd,1
0xb21cc6e889df4ca5d8331b864a4ed346145ba44e,1
0xb38bd68a6f0ba599808d65c7a9cf2a428105b680,1
0xb39734396b95660707ef7f3d3a76e8566ee34377,1
0xb3e033162e5e9473ec233884e87d6256b9aad908,1
0xb3f0771103120f80ee3f2fdedf9c856a3af683b1,1
0xb40f68ae2afa5ff105a57e1e08239a51dd0962c4,1
0xb47368845da07a6590e02157a0c7a4f3682dc646,1
0xb5bd1ca7ef13954faf50286742aeb54d072ce21d,1
0xb5beebbfb568be3d5d7afc7c35cac5bc517a1fa4,1
0xb6c50f4dcdbcf91e10aab06db6ec839b0e7ddd00,1
0xb8cd66e54a22887115ae443cfec0b2e484e9df10,1
0xb8efa945cf7f35854afb80e9ac05f5c1dc172fb3,1
0xb948ea974cb95c9c73c51deac5d9e4464e769a44,1
0xb9ef0e8383eda06ff12b274b961febb0cc97840e,1
0xba944a0293e614c9437083477eb466ab81fc908b,1
0xba966690326f93bb2353afb327afba021605209a,1
0xbb8fafa8a629c4dce022d95e098ccccee1acd942,1
0xbc74c3adc2aa6a85bda3eca5b0e235ca08532772,1
0xbc94e04a219ebd4d12b881fb0d6ff019d15a8885,1
0xbd0f5d4be49f83fc26925d454533da2e2504da6a,1
0xbdc4a5c0ff7275736cad102c7408555fb5d6c495,1
0xbe67847fed0f9760c36c6c627c513375673781f9,1
0xbfc8bf017aec5d3eb602cd5c0c4c98908ddc185e,1
0xbfde1b001f5446756f7b99b301c26ea6f9a721a4,1
0xbffec59f5e85f37af43a872dbeb641cd18921f04,1
0xc00b1fd8984cb568b451404074703c6a29bd91d0,1
0xc11a862ba1125a1bc6b4ff11b2ead6b8e73ea52f,1
0xc2baa32b57a91b81d35ef3052319873bbd16cd12,1
0xc35c8d48553f02d0cded9a1eac241c4d628762f1,1
0xc3f17178311899b068d0e2c86253e087dab5ba8f,1
0xc455347ff5c5bf06008477864edbeb1bf225cdfd,1
0xc52650d88793cf5fc0295bee9ae49284e67fecb1,1
0xc53f977136e1aa9031343fad39dcb4c11a1eb3c6,1
0xc66266b53618542db45be7f66dd8212e86d4882a,1
0xc6bd194286802c5975cf681201e41f21a4e256aa,1
0xc74284819fb551f9827fe084e91c34cf27f92388,1
0xc81635abbf6ec73d0271f237a78b6456d6766132,1
0xc896866e927e6f8a416ba209976115e79fa0a66f,1
0xca04e939a0ac0626c4a4299735e353e8dc5ef3ec,1
0xcab81f14a3fc98034a05bab30f8d0e53e978c833,1
0xcb954087ecc62651b29ee5e5bc9d06e85a557740,1
0xcc946cb041c7d0a7493c9ea639353bfb70595812,1
0xcdf03403e1fd9992f381f19ec0018c36a9e2f5c9,1
0xce6f3e2449e6d96e93edcd88a7d505891e2506e0,1
0xcea49bdbe796b9aec9bd6e701b650c4561096391,1
0xceab2935e06c646e560e2f6083c55db6e8e12099,1
0xcf803a49f6e37b92a4040e397b976939dc5d9841,1
0xd095197b164fbc29f08623c8d57e3f9484283593,1
0xd16a7ef2382dea4c6d9b31e87cf351ab3266b7ca,1
0xd18c33ef15f878dce373458a7da93da4f3f9ce0c,1
0xd1b643c63d4dfcf4fae32b58d87843553a64b58e,1
0xd2ab80a3f934e36fa813a2ec33db147fd3255ad9,1
0xd361363a6401870ff8a23b7c77c004aecb8c8b84,1
0xd37d05655d8974e3d12e23cc1be06aaf4d4aece1,1
0xd5a0ba47d5217418992d6887b3bf044961cdec35,1
0xd66a2ac715fd7628bbcbf49ac3dd4a0f3a5b847f,1
0xd722a299d14a19b56cddaeae0e1d5a5786424570,1
0xd89c641cf9cca44a3435895d24494d1bb7d70ee9,1
0xd8c39a8e2779efa2f3e8c57d9bcd18ae0bbad76c,1
0xd9699f50823c64c90eff7f74f0f3f88fd148a594,1
0xda21d2e1ee1830eebcd5f85e3cf5eb6e23f34f3a,1
0xda6a265aa6884f50a7159e8e7a5b7a04a4ea4f02,1
0xdb11536b4b5006557626c9acef2da5fce5bc438c,1
0xdb9986bd0596b8a4873b09b4a10b81b13f2c9ddd,1
0xdd2d31348acdef864309a9c535160e7fe914bb7d,1
0xde3abee5f8dea4289b45b7c70d792c08d4276d35,1
0xde5914bd516be06a67d8d09e75fad3780d18289e,1
0xdf4329a7fe5b265ee0fd7315432bfed7498157b7,1
0xdf6ef836af8a66b7fc4f3f241e3a4363a304c7b8,1
0xe048ca2aa2b5fe1991487bbe46bbfafaf4234402,1
0xe0753cfcabb86c2828b79a3ddd4faf6af0db0eb4,1
0xe11bfcbdd43745d4aa6f4f18e24ad24f4623af04,1
0xe1268b49d3e4e559f466239df4bee1d5cae04356,1
0xe1e57c6d779adea0f34cd3b84fb6bae3a54d1cfd,1
0xe2bae51d63549a577729c4f6b94c2c0cf82cb799,1
0xe2f3e38565314fbece1c6aef5554852891a5268f,1
0xe32bc18714ff146cf7ae083baec5271c0c525650,1
0xe3f3e433102cb26a5e8c88308c9308061ce6cf3b,1
0xe47f7f8e61709cb13ed6d7328c9d4e83ba22f2fe,1
0xe4d62980c0bf03765bfbf713b1737b7c865048e3,1
0xe678646d480c34f7fe4781276365d04e83c9b597,1
0xe7380b7be1ed475de78b07033a8ef4dfb10205a5,1
0xeaaeeb152d21122a8782bbb046edf48d0d9a389d,1
0xeb1c22baacafac7836f20f684c946228401ff01c,1
0xec9e512fe7e90134d8ca7295329ccb0a57c91ecb,1
0xedc30f878d43be6ba3111dd8637efc3070f32462,1
0xee26c64cce76fb2d2dfdc4faff9d36849f773b2e,1
0xee819d8c6d914f5c7a217d1b1cef88056da786f2,1
0xeeb2abcf0ba8f51fbf6cbaf357d4193c105381c0,1
0xef646a7688ec76c3368b8df136e54394f6fdde9d,1
0xf01bcb0090cd0f734688ce77ae067da58e9d8005,1
0xf0594d5573af10198ba131d904061e25800a2f47,1
0xf0c11838870ca444f5dc0ba0271a36bb9d9f81ec,1
0xf0fc534b6b655a4d3a895e055f57b0f1aa5d41cd,1
0xf141a37978d4b14a4a63936d4b3aaac479fef943,1
0xf3359e5b89f7804c8c9283781a23133bbd979c9d,1
0xf3fbb2c0a711529ef9b81fe59a5ef5b8f1e0eb27,1
0xf4a12bc4596e1c3e19d512f76325b52d72d375cf,1
0xf4fd230e3a0c4bb518185880290bb6131e019e31,1
0xf54d81b2955832474a87a8dada4a042a05b83180,1
0xf5559d32946212a8f718c8d6c79c19c6200c9d6e,1
0xf598aadf12a2fc4709b5db0c4c169715efaf2038,1
0xf5d1654521931b52a325d275f3cafa2585a20b2a,1
0xf68e4d63c8ea83083d1cb9858210cf2b03d8266b,1
0xf7474070f2b9843df17e41213b6d89a1a6648b86,1
0xf75088b5870b134e350fd010e449dc4e004d81e2,1
0xfb03b80a8cc225ac92996c54c6cf523a255ddb28,1
0xfbfd507f49a08b9b5f0a71231f69a38864d4b9ba,1
0xfc7030fd3e3ca7541fd4f4a71b9d7b7243e83a37,1
0xfcc6cce3ed9b313adfceb11bbac0ac734cd78556,1
0xfd5d8237da011a140949eb23517fbbb9edf142ce,1
0xfdd8e1e1f0bc23cd0cd684483a2d09e105ba86d4,1
0xfde25d8e5e1e3b03f4d0b1d5c793e3916fd85bc4,1
0xfe504884abd05cb7fe828afb689c06e2a5b4fe64,1
0xfe949ccf2315faec4b47b3e2bb516c01c06c0798,1
0xfe9a6e87b3910686b9e88ec9418dd957e0028ee7,1
0xff1ba4ad240548902a34152a422a0f6cb56e5288,1
0xffa0a23d6d4e51a4bf0e134079d43366b53e8d69,1
0x74e225269effacee134aadb51aa135ad066f55b8,1
0xb64199cd690aa4e78f1a6625660347ce63031d72,1
0x03ed8e6d50bff0b8c49675f0bba94087d5e579ac,1
0xeb9d9836b14bb9eef7cc0f40f87f83f6f959cf52,1
0xe25c73435702fed11e9c5584ce6efe7cbff71739,1
0x7bc7481751d7fcb76d08f596b03ba1e42378ea27,1
0x39cc9c86e67baf2129b80fe3414c397492ea8026,1
0x59234591ae5246b8dc35b07eedf9e1e93d28c8be,1
0x78f0269f5b1ca914c8c58993f41181f89e212b27,1
0xfa5ce7e0c0892a841ad402dee23f95848cc73759,1
0x34978faf3a9f469da7248d1365ddf69ac099588c,1
0xb6328f4b747b807696da1bb2f574edcbc47682ab,1
0xb6ea44d485a6e1468830689bdde59a2a1810de83,1
0x0f5d5751d4f300c3d0adbcadc05f0af4f8baf788,1
0x843708d85621273f3bbc643b348da3a60d5b0334,1
0xbce20af83c2e1e42a6e5a0470bf4d00d15374bfe,1
0xcc9baaec7fa80f9a6e08e8086c51e02e564a3d7e,1
0xe4c8335467ce3b1854dd828f14bbb33aa4771818,1
0xf620422e1e2cbf123386ea664f536d1016e5a5d0,1
0x0317c25bc0a90e5c3a9fe2cc12de55c240213db9,1
0x13928eb9a86c8278a45b6ff2935c7730b58ac675,1
0x268221eff4de4d9ca8943f9e143c076dd2c1dd54,1
0x71aa6c4e87225fcae2df49f977c7fc0d1e8d2112,1
0x8b726cdb5e24207c4a6e23244d5b029026cbd23b,1
0x040fc4f814321242c4e19114cfd7493bebb3b121,1
0x05d23f26b6dafc7043fe94fbe85379e6bd0bcedc,1
0x1a051968e421023d61a0afac659b6916784f251f,1
0x1fcaa4d3912461b10442da1724080427c8e1a0e0,1
0x330bce303d27df0eb1b856da3464278db1db1ac5,1
0x3612b2e93b49f6c797066ca8c38b7f522b32c7cb,1
0x568b491fb2b4b9440f6d05e7723df0060fdaef1c,1
0x5b701bb6c345473902f05c7d04c9ee006fb317ea,1
0x5dd31e5134ca7d40c391f5ed88c46fa9ad348ebb,1
0x6ed5a435495480774dfc44cc5bc85333f1b0646a,1
0x7120a2b756ed48b6f433f70481b16b353df58b88,1
0x740c37bb711d6372ce7de36b2c20a8a6f906b474,1
0x8682a78ea82bd94c3e250539079119b6eef132db,1
0x8dcd5fa47d7ef22db41b2b66504923ccca5065a3,1
0xb893ae8a1824604f6df4dfde52e2754921ba1a73,1
0xd035a780deccf7808875c6a555937b7c44299f45,1
0xd1e8a92f44bdc83bc620c56a7913fd97de5abe10,1
0xf863340ed5d414a529e7ff0a937d83666f4c32ad,1
0x00b8fdee9fb53a4783fe174196e724c385608636,1
0x094ce175d880a7fbff2cd01382f8fa1a172b734c,1
0x170fb8f8f37776dc48184686dec386d2d1c41cc9,1
0x1eacb095b6a8c2487aa212ecdd2b9a111dbb1a7f,1
0x231a99192dbd87752e2f483c0ecbd4b71ea95c67,1
0x23787626349cc170bfc512e5b5e3d3f44e00d02d,1
0x2a92cea8d390b44c3c8bad05e2ef0d6ed433dfa8,1
0x2f44fb58135ae5d3793803c73d471c7cde4bb774,1
0x2f8cb25737f469a3479dbf3cedf428a3d9900d39,1
0x32cef996a8901743d26a900da9f042689334413f,1
0x3bc161e3a5604165f3165ed8aaaf0d490e559324,1
0x44869eeac5821b8e68f8baaddd18fc24897d98be,1
0x48f1b764b8cd851025b88fa28f92cb855b9079c0,1
0x4943cc7813da1697265fded90a2bfb749eba0d89,1
0x4bfb94bccfd860e1f9d85c10a8949a722676fc4a,1
0x4e39795874922b61cf3a6adb3a85d52fa736eceb,1
0x528e7db54e33c52277ebd5daac7fcde897ca5085,1
0x563d683bd76f3092c165d7764808ebf7c2024b97,1
0x57c25777bd6dffb3251306c0a6449bebb58a7af0,1
0x5bcc66606177de24bbbe0baab63d92992c538a43,1
0x5c4fe960950ba0e09a72869c3d51fe70f07580e0,1
0x6853a596d6d7264d3622546da3b891b6fe17eb82,1
0x869c9aef10d4b33bdd8d26d3be5a15a6456f371f,1
0x88889778402dcf6cf363bb9ac47f7a2d8e77a2af,1
0x8bf048b0a714ef31398097037510ba449b2b99d8,1
0x8e611b4f46a353aae8fa55af10b5cec24f5f1db8,1
0x8e82a5b8f8f0b86ead15a4e56dfdcf2418ffe647,1
0x8efe0c9face897246a7b7c5274a32f1721b30fe8,1
0x8f9c8d7f8d44fd2486bcf0605efa5fd0c397a658,1
0xa1ef5ac40d7ea6de39faef3cda7bdd82e09240d6,1
0xa362a9676db12606d339d10433c1af3618bca1d4,1
0xa41cd41474f7b59736da76b7fe12b9b8d9afb94f,1
0xab81be93f28664daf0c1638b483e4f9d2539446e,1
0xb099a3c3043b262518d9b6cd4d5c9f589b15e2ad,1
0xb6c189179b204d14fcc0b608bc97243b389b0030,1
0xbdc765d81db7e0ca47fe6bf57e987966a2c204ac,1
0xbeddf3e43015f5221f5d1ac0fd0d2ab3352d2f7b,1
0xc3df7d3ea6bc94cf674e22052a5d374ff08901bd,1
0xd20ce27f650598c2d790714b4f6a7222b8ddce22,1
0xd353a1a0051175b4ddacc8e6e6ee5f3976b907e8,1
0xd36954df517cfd9d533d4494b0e62b61c02fc29a,1
0xd387a6e4e84a6c86bd90c158c6028a58cc8ac459,1
0xd4af6c2027eec82b6ea16700a1ce0c532873aa82,1
0xd514dc9996c400b58d5654bec86bcef6200dafa1,1
0xdde8df9a7dc9f68bdac815f493d1d731de911b5a,1
0xde3c597480051d659a3611569a3affa367000d0d,1
0xe01a97fc4607a388a41626d5e039fdecbfc6acd9,1
0xe1ce4240b0b8e0c0dea9e34f7e1565c56151dbb6,1
0xe2cacedac44bd674d9c5e816422cbd603db9cc1c,1
