0x0566295faf52797d4a29e5b78bf28e287e4ca2da,1
0x07ff22c4a01e788b83f42ce0d9b9dd79df6f1409,1
0x08942872046fa44bc6456e491e8de11de8bae73e,1
0x0b99547e49d5daff6ccb57c791b9310c4b4f842e,1
0x0cb2d792aabb3fe0fb309df27233d19de5aa4916,1
0x0fb586f584dca4f2ea2d8bfb19ab72bae35d6900,1
0x134309c4cf57bfa43ef66bf20bd0eeccdeb2d80c,1
0x234bab2648ca50fe14b8495bf77a923585105b57,1
0x2755c1c680ef0a3ddc916e930d41108f3c9eb14e,1
0x279c14599b8c2abd6d59686846958dec848a43cd,1
0x33f99cd0e3c56a6852d4627455296f30f2851772,1
0x3a0c596a40bbbb558d86b0f692884aadf1dbf20d,1
0x3bce001be02921f23eef4a512e6a36015ad63562,1
0x4a7a76e2c061ac51d7794b2a9003338ab1f13d68,1
0x4cfd427ac7217ab1768f410efc33a37132b8f3c9,1
0x55b1eeeb65316129993e84ed2ced1472351ba1de,1
0x6853a596d6d7264d3622546da3b891b6fe17eb82,1
0x70b26a35f8f308ef8286798c33b4f7a1811c7630,1
0x751f655ff4fbd7dd77f12e0f9ed5d0075cba1b5f,1
0x75b772f2bb4f47fbb31b14d6e034b81cb0a03730,1
0x80b3153f39aeec1ef68adc038913698e103e6e1d,1
0x8721cf071c5e68ad361fc7f3f988483f80818505,1
0x87b1702a5a31f6b63820c99f2234a3323ac728c4,1
0x89119dac068cfc98bf2ffb7d15948e0901d997dc,1
0x8fe8cd04ad2cffe0d09cc45386659ccf4dcfee48,1
0x93a781d6e6a8e8916ea766a40c46ed2064b55141,1
0x98d633d2df5e70b6b93936f225fcc16106383aa2,1
0x9a521c898cf8f9924c407ab8817d2330ed71c908,1
0x9ad247cfead80a440c42555a0b412c44727f012e,1
0xa208a0e5a1a74e6b9c3f053be2d1ea884067b925,1
0xa22414e4af5767448624017c7e0151d22490412b,1
0xb271b694e686215f37e15fafe12b1e2e015739b7,1
0xb53349160e38739b37e4bbfcf950ed26e26fcb41,1
0xbb2aa379177a52f93089af262b98e9f298cde638,1
0xc3556a0ef4ccfb13ae57489f1e685cd1dd16b372,1
0xc842ce7214a14fa98186a010bcb43c7e99e4caf3,1
0xcaedd5e74bb3ee95ce8f564c9dda431c146c5836,1
0xcb6a1ff7aabbe2afceb4f7c5a6ec7ded94506c50,1
0xce90a7949bb78892f159f428d0dc23a8e3584d75,1
0xefea7c883b74ef2865d953d8fa46d6e654b8ffdf,1
0xf83a6fc4394ce4127b5e5aed9d5100e151e4e4d0,1
0xfa1be1708f0f6c3b23e0e3339d30aa6a6ddc5e0e,1
