0x0887773b5f43c58f0da7bd0402fc2d49482eb845,16
0x57c25777bd6dffb3251306c0a6449bebb58a7af0,12
0xab4273e7137f9531fcb47d558d9bab0e726e6937,11
0x62DA56c6F6A58d9C0eFd4e67a9C05dD819f3019A,10
0xea39c551834d07ee2ee87f1ceff843c308e089af,10
0x0a98f97e89743406a8611e1b4219a073b60ffed3,9
0x09c3722773771cA55Cdc70A4EBaA967FCd651224,7
0xbbdd72fcce73c2626719be00259ddffef0d5673d,7
0xe359ab04cec41ac8c62bc5016c10c749c7de5480,7
0x00b6f8f1ee0241075799aa7474c70304d8fa0814,6
0x085ded2cd98d826e6457a7df32543ab88e6516c7,6
0x2debdf4427ccbcfdbc7f29d63964499a0ec184f6,6
0x4c48d00997c6d23d6b47a9ce8caa6027d0068e42,6
0x8314842059387b49a26bede4f7d30a1d987eb139,6
0x96e861634b4c0e0a9e7c6a65dec549cc2a8a0e56,6
0xb6cf25f5cf8a1e1727d988facdd47f1dfc492caf,6
0xd18739f3bbab77ef44645c431ff7398555483c4f,6
0x2f5fc65b9c6d1fee8ba4ca23fb2d7c363c95133c,5
0x3852471d266d9e2222ca9fdd922bafc904dc49e5,5
0x42f34449209059717e6c48ed0110783a7df82abf,5
0x8476B6a8aA0B4037e69e79f116F662aA0096B0c0,5
0x78f0269f5b1ca914c8c58993f41181f89e212b27,5
0x885846850aabf20d8f8e051f400354d94a32ff55,5
0x8f8b4759dc93ca55bd6997df719f20f581f10f5c,5
0xb356ab415aafa4b688a6c457e61a4a8f7d5096f0,5
0xcaa1c396e70384db58dd33be74b26fb119e98c3a,5
0xf4cdfea7fdf85872141e4f8eb0e953427de7626f,5
0xfd22004806a6846ea67ad883356be810f0428793,5
0x0bb75bef057da63a0ae4b25fe9adafd35cd92b87,4
0x1427cc00080f17dd10aa59e629ea3e2de14608c0,4
0x2795b644a104a3b1167c532a1d24dc1312a4feff,4
0x31c72d0d03adc76456d3c14a4fe19f8aa8307c16,4
0x3612b2e93b49f6c797066ca8c38b7f522b32c7cb,4
0x36c9a1623932415df5ca16ce4a26517258f7fef9,4
0x37ea6c993c5f42e1fc3455d5781e4a580760970a,4
0x4e21d3cec38509cf7a3ff9ec53c32be893e9f2c8,4
0x65b27ba7362ce3f241dafdfc03ef24d080e41413,4
0x69cb3b1de24e08f1cfc2994171b6c6930498f750,4
0x6f113b0c8c7266d7514e4986e3d6aaf013b6754f,4
0x726022a9fe1322fa9590fb244b8164936bb00489,4
0x203fBBEa68bfEF4984014a301A2a4c6787e49a60,4
0x82139687faae8a29851902783e02e699de0e0846,4
0x8f6504b48c66eea4e9fbf64fe220e02f1cc4934e,4
0x97f9dc2f085ca8d7cec838a2ded6644ce75d7293,4
0xa8e376248fb85dd9680fdbeecc3ec72e20c37cac,4
0xa9f153d96fd06fac8b76759f42ea2f6174ce4e0c,4
0xb0bdd53b627d7e61cfc5c13ef110e47e210fac6f,4
0xb5374cac6cad6b025246f19d20b0d4151b640558,4
0xb6b4a02dca517564eb98790ff67d42b5b37a3d4e,4
0xcf722f3f3e6d0549608e616c20ec04baadbba818,4
0xf2c5f1fd977dbd6de9d04bc4e62dff722d4bb1a1,4
0x04dd50bdd139a9981bbaca6451f79b22d5af3ecf,3
0x04df8d02f912d34fef12a1b0488ee56fd6f7416c,3
0x0a690b298f84d12414f5c8db7de1ece5a4605877,3
0x15181b7f41eb16678fd5e270bc755afdfc2e0c08,3
0x1801edf1e4b83e1590ffc1aefd9782ce521cba27,3
0x1a6f0dddb884854355023a2dfe26e9174f8e0290,3
0x23602ca06e977c86339ffddad74966e824ab691e,3
0x237a86eaed0df656d8bc4ae619760ade5b4705f7,3
0x248458947c120ca057ec028b3fe7e4b3f26fdb3d,3
0x253470890b181410d8c50282df8ba02920033aad,3
0x28b8d4f7516a112e2e2fd462293a1c27cde327a7,3
0x32d53a21813debfcb33a2b1ff2a396bd3a06f818,3
0x357931791284f40765b462aa7ad217ebf82920cb,3
0x38090615458c10d067dc19b5f1ccf7d4b4dd8bd6,3
0x429f13e4ec5e57c9ae2388c5020e372f73fe168a,3
0x50bfb665dd8488bff2f234528303faabe7f1bb46,3
0x542c5648d46462207fba8a4bd7d890b4154b722f,3
0x54913cc8ea17731d62589039dd0152f306473843,3
0x56b367a6303b3d626bfbabc625b8e0b5bd9452f8,3
0x56b5822f18396c247f8065eb6d03b08ad0450469,3
0x5c3097e7fd3b97d9fdeec6d378884c892ff0545f,3
0x5e130cb7f8cdcfb5a15018ee5846769703ec4478,3
0x6186290b28d511bff971631c916244a9fc539cfe,3
0x61d9d9cc8c3203dab7100ea79ced77587201c990,3
0x6586102ada64ab59c00546f8c2ae10e8aeebf125,3
0x68bca5a8bdebe05fb8a6648c7316b4eb7e19a064,3
0x821372752c0a7d9bfc7a78f11e4aad3147a8db22,3
0x846978259adc90d5be03c7f2921af8b58857a1d6,3
0x87dae2bbf67c7d976f4353fc1a4690e065cb530d,3
0x88439bf8a247cd733f65fa3acc78b21ebad7396e,3
0x8889ebb11295f456541901f50bcb5f382047caac,3
0x88e3378dfb5463a0d151f802a48a104698e90e3d,3
0x896b94f4f27f12369698c302e2049cae86936bbb,3
0x8bd9c4b5ea8f6f14c9b14d830ddb67f3720d77f6,3
0x8dbbca57ea56290efa14d835bbfd34faf1d89753,3
0x8ffa8d00db5df56a20c30b737c5efdaabe140df4,3
0x97ad7704d47b5827a5cc18c2e57f8643f1bdaad3,3
0x97ece7185467c78293f3b796bde3704421d4fa69,3
0x9dbd781eeba135ad2a779926880adc89196a3265,3
0x9e5016422e342876635d0fd9bef41e5a630fcfd3,3
0x9ff3d60cef60e835f142ce5e13a180c70ac89549,3
0xa1cd04effc5cee3b373f0db23a88e2769ea310d5,3
0xa32f90b21d11561d31ff604745907acc77fb67e3,3
0xa711818b11bdd5797042ade80e3a59687558a4e1,3
0xa7cafd18dd8bc1e23203058d66f89f0f0ee539d9,3
0xae0d16586e5d60d334624c115216a52b9b1a0335,3
0xae72c6a6fad9fa9d82d089e1ebf73b3043855425,3
0xb0728e38704fcc7ab3fc87d7aaff434e6b4b6ea8,3
0xb848a0b0ba24a233e2f05d0a382e1c2035bfc5f0,3
0x8CebF0887979d86Ee2c878663AF7B71a35d0Ba24,3
0xbaea3cf94abd0d6e0f029ef5b0e54e9424a72985,3
0xbec69dfce4c1fa8b7843fee1ca85788d84a86b06,3
0xc18d4c2fee42accfe7bfdce98bfacbabf76242e9,3
0xc2419841dcb9a0f8906d06463ae24e00e1470846,3
0xc3c9737cce778d7583f31ae7c4f2ab8782ed51e5,3
0xccf43dcc4e52e0216e461955bd98b08da53213ea,3
0xcda72070e455bb31c7690a170224ce43623d0b6f,3
0xd1b643c63d4dfcf4fae32b58d87843553a64b58e,3
0xd35f84a9f82fbec2082b2b6c9afd20b4a8f7c959,3
0xd87ca052936bcc2b6283b87d2f0aa95cf0080584,3
0xd8c39a8e2779efa2f3e8c57d9bcd18ae0bbad76c,3
0xdcae87821fa6caea05dbc2811126f4bc7ff73bd1,3
0xe3b41ae8785e4107cc69f988042ff4a66a367fac,3
0xe568ca143592df06a7eabfd4d9d563f1289dc607,3
0xe6b4eafd769f2d29ec4bd2f197e393ddb7d75b84,3
0xe8bee2f6bf252ed9efbbd483ca4093ace7350c92,3
0x305eF4a474336c95Cf6178ce58728DC228E9eA41,3
0xebfb3b263f11bb1a9d6b14cade9a5e6c8ea4e07c,3
0xee2c055f7706b9dfcd98cd5a23d5629d6316c0bd,3
0xf6a325cef74fb60a685bdd5a79ded1ffe45996e8,3
0xfe9d18f3f0e37c28f1ed4d9a5c4f821243e5365b,3
0x0000000000000000000000000000000000000000,2
0x0187c9a182736ba18b44ee8134ee438374cf87dc,2
0x057931155d0c6355b1bd108b0fbfe9bc77d59ef0,2
0x0703d4d7e2b0fc40da2c8a7ce63211dc95c19249,2
0x089fce8be711cabc806d69b1d0d5aebd52a06455,2
0x08d592713ff398b3f6d6cd185f5514396366d618,2
0x0ac30c6aaf2ffc01938d92aca03f71f913636134,2
0x0c481cd7d09bdd222351d52622d272367cb3d159,2
0x0f0eae91990140c560d4156db4f00c854dc8f09e,2
0x0fd95e64807dbcd07fc7882ac0ddfbded17a63fd,2
0x1146a21769f81c9f2de05eae4dd117241b17d3c5,2
0x12efdcbbcdd6695109ada38e33c56173c2ffe2c3,2
0x1365d2e329df3785e37ffd88edd934033e8ffdcc,2
0x1379aaccf761490ceba36b6ec572e5dfca48273a,2
0x144c704bf25f1865e4b24fd6596ffed7d92470b0,2
0x17726f58ba7350a33d08d1bbad623e155fa2daa0,2
0x19cd1978d96d0b9f00d08ed386b911659f9a0088,2
0x19e7a132bd4b42f580f546197f42e19c42cdfe6c,2
0x1a4b7409e020140443a02ef26858a7e53ac7d652,2
0xaBaa9736156caE7236A117de2082b1543FA0551F,2
0x1c29dcaa0cad96ca3f60d414c7e2e47c99cd7bdd,2
0x1cc9a0de7a659f01dbb4b47967ac0fe46454d0e7,2
0x1d4b9b250b1bd41daa35d94bf9204ec1b0494ee3,2
0x1e0a980dc878e8af6ed79ad189a7334d2cd737ef,2
0x22d95ba640e9f505622702443ef4b9d0e7e2cb6f,2
0x22fbaa2dd20b848084545515fb04b9c846942779,2
0x23787626349cc170bfc512e5b5e3d3f44e00d02d,2
0x25acc72796bdf4579755708fdbc8409622d224f7,2
0x26613696bd07c7a6e43c94ea457584f1a5d9f979,2
0x27c32403390c7f720156b2fbbe6ee27980c3bc62,2
0x4c3daaef71d76fE12625E6BE29D1C073dBF4e989,2
0x2a9f40e5ece229fc454d09f66f7c09ca3a3c9998,2
0x2be9f18c46df11f05b581131af4d339c20c7254e,2
0x2d92214855f88f1a3f24b1a3f8f6d533cd0e2e37,2
0xB102B8D5c04E9127602f13f3F084B2cdAFa67273,2
0x30607f2c34d2e847c41fee6b29c3301082031350,2
0x32606c4aa95ea78d7c5b1e0e347e3e9ae451434e,2
0x32ad13395374a367e1356267d5a6c568a208ec2a,2
0x98dC45A0a69A60e63f7a042507AB38e4d492cd69,2
0x330bce303d27df0eb1b856da3464278db1db1ac5,2
0x35bace30dcacfbfdd29e0bd822f8d3cfdad00d3d,2
0x388160a99390392278afdba240046b8b5e73f77b,2
0x3bee84b103aac868c2620ebf1e6908d9036f3bb2,2
0x3c76ae5318ee343152f2c1a83514fd583492071b,2
0x3f849f47f5b372d80407e442f360ad7b17f5fac4,2
0x3fa5a25f48ba1b736761706801be4f639ca4853e,2
0x4045907229494a138e5f4b6a32914eab159c1a91,2
0x7D93f170DFD65D14D58682678B7a0d171f287c93,2
0x452f438aad8b675232c1fd7ff8e940d72d8a9f45,2
0x468db743853db803dd898730734027912066c752,2
0x477ea7a022e51b6eb0dcb6d802fb5f0cfc3b4a81,2
0x47836f027d427e78c06f24eabfdd1d2089fdfd5a,2
0x48238faa9bd6d56fb44a32dac6185f04eabf2117,2
0x319AF5203839970CCb04d2EdA95C427941C498aE,2
0x48f1b764b8cd851025b88fa28f92cb855b9079c0,2
0x4a7e8dcb760c1068bb6a5828c0d0a57a6143daf0,2
0x4f492b2a3ed9bf0c65d508dab4f7c5f5c04ca6c3,2
0xF0Cf0A85c08527d8207a3Ef45C5dc5AF38A61DA5,2
0x57798ea2de5e864959a3f00a12f9224147edf7c8,2
0x57f02141f2d91a024032536ec61c974be76eb7c9,2
0x59aa4d2140ec130a76cd69cb0974cec4dbd110a3,2
0x5d20e6c0db887b5c3281edfce5bb7677565e2b8f,2
0x5d89737e854c860d25e106c498c6dca0b516ed7a,2
0x5d89e37883a037c1e76039bf7ee51bd36e383358,2
0x5de26d392ea46ffc17131042e2584fe6ba46206f,2
0x5f2503f657371b05181bece5952474114029a5e0,2
0x607dbcc8f8a502493fad2ead62e21c8fcc2e23c5,2
0x60acf8d95fd365122e56f414b2c13d9dc7742ad7,2
0x616ba726629c1e58d991785c83db45fb99406610,2
0x61bec61b20631a53d14b176c83b8d47fe711a6cf,2
0x620f761d45a8b2f9b81079758ec002aeb8d92489,2
0x6232d7a6085d0ab8f885292078eeb723064a376b,2
0x64f7de90dc79d775703bbec66a1591c7a26a22f0,2
0x65ba4f92d7dfa813ddbd849d9faf38a723dd9b12,2
0x670a840848eba22eb2a090fd65e1ff60c3ba9e5b,2
0x6767b1e546dcb7499652a1fc4bd6f1e36992623b,2
0x67c6083d540696c6aa1cf31101d78780e0d6bb47,2
0x699990a8e7ada9e92c932d6e8fb365024fc74b43,2
0x69fde561275b85dbcd5081d1121bcae64fb83858,2
0x6af2b92b3ec4cb7c021b8421a2884e54cd5fc4ed,2
0x6b52e83941eb10f9c613c395a834457559a80114,2
0x6cd6604bef8786ba11d5b04777916d3ddfa313fd,2
0x6ce28936ee5f6c2dcf33b731df675bdbd60b5593,2
0x6e5632d334b861dfe4312c7ba34e175b60be0b5a,2
0x70e680b9493685f72e76243c09993fca768eedf1,2
0x729fcbb6e1289c88ce5113ec1c83a48a8e3c9f2f,2
0x75ac72ab43ca65210507e12fb72f6ec3cccb09ff,2
0x76db02500f7631d57bc2dcdca9d4cf782b99e119,2
0x7b50b1f2634fa38d078eb067a4f8f22a666b49a2,2
0x7ed69ff055d746d451f675635e9bf773accc6a97,2
0x7f6ca49d1e50671a586a76bb082dd6b3f73fef17,2
0x7faed47c53f3f3a3c388e72ebf79a1d85308c969,2
0x7fdab8c244e0b775edeeb9ebb8356b59068c6873,2
0x82abb5df200d2998db4e80639b145d052ca40062,2
0x84aeccde4c9f217e83d3fa28c31d34378b903f91,2
0x872dfa67e260fedcaf5c4b410d47b587b5a71e82,2
0x88ceca090d7d810f0d3bde0cdfb1cf1f2301bc17,2
0x88d3574660711e03196af8a96f268697590000fa,2
0x8a58f89cd7a2cdfd167ed99d2ff7139fa723aac8,2
0x8b4d0402f7b2f063f255214b7095b5911a257a30,2
0x8b90eb28dd723fd07f31d1a6c867dcca00f10f1f,2
0x8bc3757a675be4c2e459813769992ec2c60baaaf,2
0x8be5a2df6488b0937299d27f092716f4a9ab2fd8,2
0x8ea76483c888f5bda7d96cab9839488f691daf78,2
0x93ecd5b996c4a3991b5662e43072997bc46a235a,2
0x963fe226f77d6e7fb8d47c8d9cab727d75db6bd6,2
0x982d3c5223f6b5794fccb3208eb164d042cf2526,2
0x98cb775452962743137fdcd1c73e3fef278de775,2
0x999baf549d6807b2c713ca112d81a0818eb09b80,2
0x9af481276b075e036bc23e887a8bd275e69ef74c,2
0xa24111399b765325e151f5f4cd11197cf4afa9b2,2
0xa32c38646299818ccedc6401818c2e1639c39c08,2
0xa431d9ae84cce1c1c6d28f8258b5b95bab930210,2
0xa4cb937bc5ec481fc2674794d4146206ecc71b15,2
0xa5ce27ca5e31b1de92db2d2bc109b3e23cf1d4c4,2
0xa62da2ea9f5bb03a58174060535ae32131973178,2
0xab0e2f3c3c29deaa7c3ca0dacec97a33d5c26708,2
0xab2056903a7b62bac46f45a3d7a70ac799ca88cb,2
0xacb1568482f9af61568d5fd05a54bfe8b7e60ee3,2
0xad30b79c749c458601ddf4817dd768c0b4fd932a,2
0xad74b6eaefae55e9e73e5189e3873ffaa17d45c2,2
0xb15de4aeb7a84282aa2541a0bdaf44d18d74060f,2
0xb258e243a526e79c4b5c8dd5df490e42eb7927b3,2
0xb31a4974499daad3255206daee7d1f3595fa259e,2
0xb6c50f4dcdbcf91e10aab06db6ec839b0e7ddd00,2
0xb7eea5b9557e4da252d4b84d3ae599851fb29f4f,2
0xb9e8e3135b87a55e25febc411d2450ea63476bc6,2
0xbba3ced54477c12fdf16d7009771affc7a8c9ba1,2
0xbbc37f68e9876d64b2c55016081528ae0a85d8b2,2
0xbc30e90dc528ece58c1a51b6fb6d572838416489,2
0xbc5a7cf988f7e7e8f3893cd0ee1d0786cd4af889,2
0xbd0f5d4be49f83fc26925d454533da2e2504da6a,2
0xbd8ad43219b389fbf1336c4a6618abb2b7d54531,2
0xc0859892fdbbbf0fe3dc0f25c7abfb05f492423d,2
0xc26012491b9dfb2e6f2cb0305673e212721d5950,2
0xc2e8ed8cc0be70f91fc9aa903d5f4538719d7dec,2
0xc322e8ec33e9b0a34c7cd185c616087d9842ad50,2
0xc5f59709974262c4afacc5386287820bdbc7eb3a,2
0xc7bb15c11595c877302ddfb330a4082d92f5bcd7,2
0xc896866e927e6f8a416ba209976115e79fa0a66f,2
0xcabd5f77ca9d48f4ef9793f20de42ad39ce93979,2
0xccc9bdd130f0c03fa5d12b9a85e9e66b087457ec,2
0xcd241563f7288b5eb2b9b715f736232889b62d8b,2
0xce990032a3ed14e197421270a9bec9e276bf2f31,2
0xd026890579a9b1887820a53929b08baed0868e71,2
0xd1afbe4da2a5adc6faf30fcbea9e4eea0ba8c70a,2
0xd2a6ba13a6653166b35e712caef55d34acdd939d,2
0xd3e401814d1faa8ca0419ecccbfee93ac7b15b31,2
0xd40b63bf04a44e43fbfe5784bcf22acaab34a180,2
0xd4a08cf067c83d1b2cc1d26831569b7850804be7,2
0xd62af0477b1991197da39a38cbf9c7199f4737f3,2
0xd70150a7a5a42d4cd25974dae077a79a1547fcf2,2
0xd83a5e7bd6eddf35431e0b2aa2680449541e7444,2
0xd905de91f928b20ea0ccf455e5ba07eb6373955c,2
0xdebd22d7f63648dfb69bb6e2a4c88264d578c0a4,2
0xdf0e646edd8d5cd4c5c85edcc775d2fa1858bb70,2
0xe0753cfcabb86c2828b79a3ddd4faf6af0db0eb4,2
0xe16df6503acd3c79b6e032f62c61752bec16eef2,2
0xe23e0bd6e320c87367b0e4b797b42dc9b4fe7ca0,2
0xe4c8335467ce3b1854dd828f14bbb33aa4771818,2
0xe70d73c76ff3b4388ee9c58747f0eaa06c6b645b,2
0xe8cc7c453eca25450ca16d551db93d5f5740e054,2
0xeabed8538923d8b8e0616938f8dc657f3cdf74c6,2
0xeb43b5597e3bde0b0c03ee6731ba7c0247e1581e,2
0xee3aa3fa5b780bc73da73a82d47fa2d8cdc1a647,2
0xef5ab90a44b68d4f5e3f6be6af4bedb12cd2c66e,2
0xf5653e48e24e04cc1b14131ab31b776ae8718b34,2
0xf777af5cfa7a0f242b3e0cf7fff4823c15dde70f,2
0xf83fc0d27d92233e789e4d13d452d72404be6fe3,2
0xf8ad3f88b0e0d177aa8c5e6be1e13410fd41cdc7,2
0xf9885508ab7837bdc1dbcab5b86782ee91f275fa,2
0x015882ccd25feddb7cb5003c415e2c62c680b57f,1
0x01c77f80c7d2765fbf94dadf5af4c95ed95586c8,1
0x01d5fba02d3daad61e6c42b2e15771b06d19e557,1
0x01e638b805108e7a2e928a1b0c263890f017a3b5,1
0x02009370ff755704e9acbd96042c1ab832d6067e,1
0x02567d98dba79f6acf3798521fb517aa6f40a888,1
0x029acd49d3aabc08402c84367c050dfd52b6c566,1
0x02a3a10587b417d2b08df951df555732b9f9db31,1
0x031904c5bee1a54d06e42f59429fa49d3f9bc392,1
0x0340da03212bf3448e99b85f886f4d2017b0ca78,1
0x03f4cb9e297ea659f30e09341ee7155a7d136398,1
0x047c4d7af709ae19d3bbbd5f9e10461d2554da00,1
0x051182214bfe492072371eab94a30d3cc9768b2a,1
0x0593cfb5105e6158835b6958f0b5cd7d78f1d4c2,1
0x05c250120ce07ba6fe361b39ac344148435c25ca,1
0x05cda24eeefd1f24f18dac398f5a612674d3ca5e,1
0x066ad9510d992444a856731d6af0888c2b2e5d76,1
0x071820dd61f1a2d013b06217ee10a176c49ad1ec,1
0x076097cf460e3b5fc3a94c43d9a598164bb29168,1
0x079b96bbfd5aebeeafd13faa12878397bb2180de,1
0x07c73af8440b6a35a271f146b137521db6e19df9,1
0x082a847d5c3f36cfb4f10859599cc75d98ab56ff,1
0x09c14ed58c94219aa4f7a496cd312b7e7b011bc1,1
0x0aa592c8b937d4edc24e0bb05f7d4485b3a58b02,1
0x0aadeef83545196ccb2ce70fabf8be1afa3c9b87,1
0x0c9d4d222911f3930ba6449df1f75541cd3ecba2,1
0x0cf51a01f6c672fc9daa631313742be7421b687e,1
0x0d08c74268c1260d9b50175c41738e1a45819700,1
0x0d6b4f304b91a3b67b1db34776ef7e95effbc729,1
0x0d776fc8ca1c6903eb016bfda4852b3c7a1e47c4,1
0x0dd273b85e5578c488559107ac98a1ab98f208aa,1
0x0ebbac9817029d4b302734b15b97be1a02eb9b60,1
0x0ebe5de476d0d4162d7f00c73a2851b31b202148,1
0x0f22657ddcf96c4d8e7cd22f0ab18fbfb579e551,1
0x0f7a8ebabea76a2ed2fda765430c060b6d8c5d57,1
0x0f9ab846449ca068f9714818a6ed0da5d819e9e4,1
0x0fca84455846d271216e5bdf0e8a984f535accfd,1
0x1010595f96ab62b31bfeac411ec5f8f60db5dc23,1
0x10d1808bb5cbf4cd9261c758d7e1cf7b7cc2f22c,1
0x111818a51c4177e8980566beea68fe334be7b76a,1
0x11267972b5ec7554fe1b315390c8315f91c4826e,1
0x1134528d239cf419f9081ceebc3430ac191c318f,1
0x1173bed0c4f7a35d2248f68fcaee40d035e21309,1
0x117dde66c2de2979ba4619d8d494fd20ffe96c2e,1
0x11b7b38d5b96d02d6381e646ad8ca55db74dadc8,1
0x123cd3fbcae960bbb0e7f68593b453186065c6d6,1
0x137f41ca27f570d4c50e56d5c20ae2807225f09c,1
0x1423d7ba74817a2617fa3e69b609a54e4daf6f79,1
0x14977b0dbe7e155f9907effecbb70c9b7a05e737,1
0x15237b9fc8c244246abee701f07e42185c5111c3,1
0x15313380d80908dc1be59a802ca5b437f0f21851,1
0x1566ae673ae80725bcce901b486c336e6acef465,1
0x156bca9cc7b9eebe069182d5302124e4613db9cb,1
0x159e5998669ec6628a6b670c2ef1ddbd93084698,1
0x15d7972819b3906fc430b1e7bc26c39e4b9e023a,1
0x161ea288055b58fb182f72b124a5d0f367b099e4,1
0x16bf2b9490348b21bea767ff4a3d3c82e3059f12,1
0x183b6267cb9f985a8aa7fc912672a21d644a4102,1
0x1844247cb5320efa99b6804e73b5cae8c1181768,1
0x19285d3163255c6e5d225dec48d3a5b797f381b7,1
0x1932211f8bc5e03eea8a2a77ca02149a84a2abe7,1
0x1b6265a40839a331ace2d81bc82b6104703c0426,1
0x1b8532be318e881a6d073b6b24aa584d76d017fe,1
0x1c5cf95fee6bbd42e23b36167bca43c44b279e3c,1
0x1cd85d3f4392f9f623afa07d96109056cf154a02,1
0x1d95b0b6d3582feec7ef35d2ccf91564ded0cf7f,1
0x1da0f2a58e65d98a8d04ba3da56cff9f5ace5615,1
0x1e364eb88cbbabec80bcd7688f7059274f54a39a,1
0x1e3a64ce9b4a573674284ab590b4fc538746fa21,1
0x1e8e749b2b578e181ca01962e9448006772b24a2,1
0x1ee8ba8a4b5c5d6e7ec691ff0c93eba580324ef2,1
0x1ef43b94fcb00872ec73d60ff37f5c77df80ee66,1
0x1efef24c392447c130066d466aa7e292135501d5,1
0x1fef500586a301d843a8049b6fefb920b4888513,1
0x208b4a8ef875a5e4645e23f27343f47fd887d9c5,1
0x20f30d8db95e333fe674d161ad1539b3931fa2d0,1
0x21339e2ce5ce1d7a19a28e774513619c0c6259da,1
0x215fc4d12967ddc2432a7b8936f2849740edb7bd,1
0x216f0a5f895dd92db5c336dff760ad78e5ca1ecc,1
0x222f2a64f157a2eedad59c50bf614ef00b6bf852,1
0x2257d2af0f1af5ea7de2a01807ab173dcd383ef2,1
0x231595e3673a10e846803194f4982e1cf3389161,1
0x24fbadccd6684106e24065694ac87b0e98819235,1
0x256b75ec25a552fa63e148d2826268b953918c6c,1
0x25b12eea057708adcb521ef7da0d4112523372fa,1
0x25cce02e6339fb00ba362dc81cd1a5d7f0ad13d0,1
0x263a71ca9f5b938c6b5e6398e61a8c60e492bd61,1
0x266b2d881291c5bb36cf386d16e5f8ebb8e19a71,1
0x266dd7ed1f3724746f4ecb508c3ddc3ee07485ee,1
0x26a1e46832bd5ffd7d21481d185fc258a7080316,1
0x2762c7fe932b8688508fff24ececbbca92a128c4,1
0x27c4cbbe5c7fcba3da68b210cae946aae646709f,1
0x285a2013c302f2f3efbac8941296703abdf21d5a,1
0x2924196a2ec71ea4ae1b1357381eccdcee6c18f2,1
0x2a42cf4e1cfc33850fd8d8da24f86cd89b82ad95,1
0x2afc032aaf6d7ead33fb05f9d42d874874dfb9d1,1
0x2b776b6418a7ae859c5e630afa3fb59e82b49fa8,1
0x2bb2ee28a5bba51db2c104b6c36a6907c21d4d4b,1
0x2bedc55ced8ad734cf09e77003fed3df641aad3c,1
0x2c4090a54bd6eff78bcbc0b49ed17e0f152389c8,1
0x2c8875f34ceb219f61b7453b2c5f100ec2f6ed33,1
0x2d0ddb67b7d551afa7c8fa4d31f86da9cc947450,1
0x2d2052be503780c575629a22aa84990f9e38a7d5,1
0x2df96030e8dbd0e7e76ccaf110cbf808e561fa10,1
0x2e54b594ff08bad82db35892f1265994c57bf46b,1
0x2e8959c8fc0735f969ecbc21d5b40ce0a4006072,1
0x2f44fb58135ae5d3793803c73d471c7cde4bb774,1
0x2f8cb25737f469a3479dbf3cedf428a3d9900d39,1
0x301cc218009608e59f9647f4b7dd8a49be8493af,1
0x30e63f98be70e3c70d1c3ad8b572ddb7f4242da5,1
0x31004f28babda1f632cb445944892b04a411e7f7,1
0x31331ec182777b3e3cf127f4709a8aaa8f76e549,1
0x31f7d87f5f6a90f8a9ff6328e2c607b637f9c157,1
0x32d29de590ec186ec5b28710e7659d5fb18419c0,1
0x32e263cb9003f7fef329080bdcbc82f5cfd6c02f,1
0x3368b4733a4552b38b7d81c215d88cac4c78d8e5,1
0x338a1676b8c959bb064aa8b4697d38600f85628a,1
0x33aa9daac0cf59b34a1d4cf9175491b4bcbd98f2,1
0x33ebb62dc9ddbf6b8f3c0efdf5bccc2e7ac60211,1
0x3433c2753da24df566ea14c40584179e97396cf3,1
0x3564ce014967c81e25f6349124673cf60b7ac572,1
0x35837d1f64e15e537bdc4adf151f20ea624632a9,1
0x35f7f29f154a28674c8a50d435384744b02cf42c,1
0x36291c3bc9d09156970daf0a0a205eda9d82ffa0,1
0x367dc97068ab54ba1dfbfc0fad12fbcb7b3a0d09,1
0x36d4706d9d8a106d2320fe14c9da4a4d13cbf498,1
0x378dcff8e6be1778b04f5712d686517bb6a01927,1
0x37e19cffe93041405c03321a2d1168317ee4a050,1
0x38039da6bc26c101316af426cbf7f43834957c46,1
0x381e169fdaa69b0b2ab3020e9b3f9d9cd7e65f84,1
0x3a0ef5855dc945cd09daf92f5409db79d6edace7,1
0x3be36548fb33875971be1748433317b68441e2d8,1
0x3cb63b82d778105e43f064ed739b0655f1f0fb87,1
0x3d0889c3cd2f9f9b53b7132b5e9a0c90d371b9ba,1
0x3d91ad906c3969f86c588c988f721d5a735c6f81,1
0x40d2f4399d23f9afb82d0a6b73055f13208614f9,1
0x40e6d6e798dc878e12987ed978f23c2391f1f570,1
0x418ea8e4ab433ae27390874a467a625f65f131b8,1
0x41955ab7d12f9f6c03de972b91d9b895d9c2eaf8,1
0x419beee486a63971332cee7170c2f675d92ac5d3,1
0x41b68202dc64904e09d2e4f0a94879c741f27db2,1
0x4212d149f77308a87ce9928f1095eddb894f4d68,1
0x428ae3bca203569a95065fe5ab0b27e053e83476,1
0x429683282e5a28b81aab1f9126b8d5e4847dfbeb,1
0x42b46951ae492fde820016ad6432c1360a227dd1,1
0x42d0be801d1c9dfd8c4fb3ed149b2a992399b17c,1
0x42fe68a7e632bc004db634671b86072eb0abb13a,1
0x431181dae361813567f35ee2abac73291820fcc9,1
0x4322aa46ffed67809862da613725728e2fb8eae3,1
0x432f3b022858c048100ca3e7a26c5f70c18964d3,1
0x446de57a85d7b8cec2ba273293b55605be27eeea,1
0x447742db52cbd9587118776b62dc3704e90a9834,1
0x44e204e872dae8ac81584247f48f317494bf8184,1
0x44e9d011df8741be2493e99297e9ad67bb1aa85b,1
0x45855a3f4404aa08ffe14a366c75663f4ded2fac,1
0x45e48c0a6fe8b759652624451c83387130c58367,1
0x47279fc734466ee8acfa50aed553ff79770c8779,1
0x4799b18582cbb51cc207ed9716034da309edf47e,1
0x47d278101ee9335c3a3baa14fe184f757229a7b8,1
0x47dc3a7aec5c0e1f4b2c71303a4b1eaa0bee3e4c,1
0x4a39ae58b605102913ac19b7c071da75b55b2674,1
0x4bada215008b595f9d35379c06bdba0283fffcff,1
0x4c28961b373e17194efe812afb1205e6f1dd66ce,1
0x4cd8e0bd4a991b2d7763d80c4c63dde5582942a5,1
0x4cdb9c3499f31ccb63da5374877ee2111440f648,1
0x4d477f1aabcfc2fc3fc9b802e861c013e0123ad9,1
0x4d8eb365bc03225e74bfb90ada1c2ada2b6cb8cf,1
0x4e1829da30cd7ae2f3e9915cb8c9f3f203ac7d83,1
0x4e39795874922b61cf3a6adb3a85d52fa736eceb,1
0x4e7c84dccc8eec7301febe49cf59acbb1e964dbf,1
0x4f2b438e02abcaa832872f896ad4497c0ca81b6c,1
0xD787001237818C10614bc6ceF5D39cCb0348a9da,1
0x50d12e66195a67c80531f251ceac41e7e5e67340,1
0x51097b2224ac6daf640206f31d437faeee951d54,1
0x511b2eaf8bf2944968374f4d5f705573c00927ee,1
0x516656beacd4c41f4e1a2273263ff4995d0fd1d3,1
0x5181afab9adbbb4f8bf77ae1f749d6f5d52d15ee,1
0x526d62200ba2049a660bd6d7a8022fcc45550714,1
0x534b8531e362da97d808ba2ab3959fa2597bef11,1
0x53cbd34ca41a2373dc329c63dfca349d90139e27,1
0x54cb5138bfe9e89445ace9b6cdff739f9e3dc2d0,1
0x552f01d67b352aaa38bc675e30ced97f2451df63,1
0x55526d47397a28bb196e516599f65e0a27eff33a,1
0x5567c85cbbe24c65c80783b520ea538552f47a88,1
0xbdc4a5c0ff7275736cad102c7408555fb5d6c495,1
0x565465a0e19309ecb839319453e2c83aa0befdf2,1
0x571b8db726c2a29d237f88c9efeb896290bf395b,1
0x575f6540c16a72696c14a17fa64f049992d661ab,1
0x57a4c7c267afdf07bc8c9f8faa46a43ad5ccb688,1
0x58f606e6a973e57165bb07057a75f047f42455a7,1
0x59a5493513ba2378ed57ae5ecfb8a027e9d80365,1
0x5a39e2d5a81fe9e630ee574df446b78f742f5d9e,1
0x5a6b923189d47dd05772cf8599fed7baa4066a29,1
0x5ab815bb06dd007db0584f64c76e6469e75a6ee1,1
0x5bc928bf0dab1e4a2ddd9e347b0f22e88026d76c,1
0x5bd6db4f6394f71ff7b678d43cccd953e1a516c5,1
0x5c14259d19746a02cedde0568c64bd0bae4c053f,1
0x5c95598fe454882fec1139c3ed1284255b49c8b3,1
0x5c9d9b3e79e599b9d6d92abc940a09d020b886a5,1
0x5cbb31e39ca93ca13d8e9f686bf749b14076bc65,1
0x5d8e4b25f4a24479ee1ec2fec562e19a436cca6c,1
0x5e3118e91b0a02a5e2b92e49700c63434e94f0b2,1
0x5efdb6d8c798c2c2bea5b1961982a5944f92a5c1,1
0x5f2bdf26f6528ce05aac77d7fa52bac7a836ef66,1
0x5f2d8fb9e5153bd38f2c2e9b01ed6f7270e3b79e,1
0x5fdb5fdb61bc2975f3be446c5ae9c5df490f55d2,1
0x6140f00e4ff3936702e68744f2b5978885464cbb,1
0x614b89f072ea263a9387460963142e73548fbaf1,1
0x61b50a74376a9cd1dabf20bc922017441f9f8267,1
0x61f2d8e2b5ad7a47b2217197f5a5a3df25ae915d,1
0x621fa2a2dff1012ce2989e583c407d060ef59754,1
0x62d069dfb6f2bbc9d4de4523f3e670e393630907,1
0x63f11d2060d147e75c2bfb83dbebe155b4d06b66,1
0x6430c11231ec6723e5bbe6ab258f184f5af7c836,1
0x6456f20453a383004f17b921cd770d187fcd30ef,1
0x6576a26763cefa8f37005c067f7902960dec6b8e,1
0x665654f2d2a151be2d0f8e3697e6ce780f732af2,1
0x669d8770f4a24edaf223273ba8d04e654fa7a84a,1
0x67052b837563a6d19134f06c5ac2fee9f7eebd26,1
0x677f2c95381698afe5c620fed3520d9e5b72d254,1
0x67a3a43a55bd9cbfa5d696a7ef2d57e9e0869fdd,1
0x4A610ac6091176326cD7D0193C647cd3C38A6D66,1
0x67de6d9bd31f8baf7147a953fc1f42b71b0c9c6e,1
0x693d28cbfb6a6788dfa8b034f75d9ff21edda9f0,1
0x69cd43dd4ecf3a076b1b9d2cfd41589987129bc0,1
0x6a191c11fbf567bb19f554393662da80d269be91,1
0x6a3d9412a705f5531b029ef4a7b8040e1eb84ad3,1
0x6a886cbe6e1a062c1f4b179c8c8ede4847a04a70,1
0x6ab0bfded6af31cb0a5987f08564ecfbee691757,1
0x6acd98b7f9d818699aceb70f5e87fe148ccbb988,1
0x6b2aa5fc4508ec023a8e355959eaccef5e3a250b,1
0xb2d866297dbC7C7d8Ad045c05AFB48A95f28fB3C,1
0x6d25c0fa070e625dac76b29bcf0917303cd52e7b,1
0x6ea87e3278f7fd4bc0383a87bc5e6a890712aa57,1
0x6ef2376fa6e12dabb3a3ed0fb44e4ff29847af68,1
0x6f0735bf1e6c69030d6990cdd580345b370eb50a,1
0x6fd155b9d52f80e8a73a8a2537268602978486e2,1
0x70e7ee4dbbf6f91ef363cd701f4b98b70ec1ba52,1
0x712fe068b845e6fd679704cac551c2599cf6b02b,1
0x715fd9d95c5302e4f7febd8476e3f9c6db4c918a,1
0x71e22168b702bcff528b8974cd4b723250b67609,1
0x722e2e4c15be1fdded3c86f4100bc32b181827f5,1
0x72acdd0e8330edfaa6d38138b211720430d92d6f,1
0x72ba71557730a3f9c538b7ea4dd7b4e0d3cef6d5,1
0x737a58e04171f84f887a44f68c262c0d11e8b8e1,1
0x73bcb8c5e30bf85806aade7fc36f16c6b80fd3b9,1
0x740cc81b694617b6cd7b7aaa20ff9001a9ae793e,1
0x7466abc14c0231d22ccca80ce2756bed7c73da67,1
0x7546c60ae8d65dc6dd7a0f61c169818059ef49db,1
0x754cad1af71c672dbf9318f4aae654ef9717e8bd,1
0x75b772f2bb4f47fbb31b14d6e034b81cb0a03730,1
0x75e5052d53dfef2dd831814b8da723900fa1e337,1
0x762da606029d3120735aa1eec15464e265db7a3c,1
0x763bf692f31ffe7d3124b260f20a13c3aea7f6fd,1
0x765718a8e4a5562be34b122af259ce5a71372e12,1
0x77dd42731773c04314400150dca5d73c7cd4e2f8,1
0x784b4215229884f0575a93ecf5e7492fc7f44b8b,1
0x7855227676cce7592e4024056ba2073998f1ead2,1
0x7878da3b0469d281b2a7e79eed66ae2bbf620f73,1
0x78e37b881d078d4b2f90de0422dadfd4da50ed4f,1
0x79296381bd8690482376fe355e0f68dca8bb6b4e,1
0x79b5259dc0fcb44f9751bf9f78f5ef46a7958460,1
0x79dc911ba6f8424a4b6158ea0b24168a8e0e0fe4,1
0x79ed3727802ee6b210037eb1e5f07de4b962b85c,1
0x79f4ee296b33f4fb4cd78efbe99e3a0eab5d3c7e,1
0x7a3c82c6b4ad6ee11ecf7f395431ed1135d6e46f,1
0x7ab2f82adf8b48852cf49034e7e242b45b15ef44,1
0x7b0fabe6594c973662bd7d36f19f69fd2bd25b3e,1
0x7b343c896f85657976dfc88f282a69fb2e2a99ba,1
0x7bd0492cf724a7ee158c967aacc95bb41fb00b0e,1
0x7cd29e0df7e442068e5751b638c9086fb62c50fa,1
0x7cdc15eba13609a244e96b6b9e4c4a95f81ec953,1
0x7d6b500409bf4148ed04aa9a359fb0959a7d506b,1
0x7f1796071eb91aebda10a03115fa3cd95efdb25f,1
0x7f3774eadae4beb01919dec7f32a72e417ab5de3,1
0x7f3b24d4ee18c5f92cf83894a954737fe5752fad,1
0x7f6a2f68e3f16b363ab65e07594e9a352851e759,1
0x7f9bea812b9b6c3c4b74ec8aae849a5745cc3ffa,1
0x7fc3dd768031af344ebd6cc27c449fa57a582917,1
0x7fee3d50ae036f3e72071ddba811f58472995edc,1
0x8046ce24498dee4a45eadba228a6761d1a629f02,1
0x808a023b72260170c95d831f589a1ae0dca1e43e,1
0x81787ecf8d91c1c6827f28e68e0ac3979a1263fd,1
0x82abc1094e0a91d242db3d6dfefa33f423e6bbe2,1
0x832834fc5b0b35ffd4cf697c4ec08815ad8d6a52,1
0x834a9484537c2760ef6d6e6736d1ea800d67966c,1
0x83f0aa19ef7ad4c79e995dd684e06b5b44d3647c,1
0x85914d049aa004d037cae65bad275ed4147f172e,1
0x869c9aef10d4b33bdd8d26d3be5a15a6456f371f,1
0x86fff6af1614bc18c72840ff8e6c033dd43bed8a,1
0x8751354d4e5b07463a03b4313aa4595d9d89e338,1
0x8774be790cb9e12d5edaf2eb8a3f6c89410a497d,1
0x8874174a2366668d54fea6343f71709389563c8a,1
0x8888888888e9997e64793849389a8faf5e8e547c,1
0x8922f786129627c142374c5085db11046a2c16f1,1
0x892eaf46a9c1cb75c3f230420dcbee6320c26932,1
0x8ab6a97731705ca23b492ddad64524b4dce33647,1
0x8af0b9a9b751e086122bc340188bd9d99b8c7ec1,1
0x8af3e5d0b93332a972f02c50767befa71408ce86,1
0x8bace3a49a375027868cdd34e84521eed1f1b01d,1
0x8c005e7e9d802dfb1e48074af7d5797303076ce3,1
0x8c63da89a258f89d7450334c62fcf14aafef79fe,1
0x8d6cfe2ff08d8b6766eaef33990b78f8990b4520,1
0x8dfcf8c25dc71279e16bb5f19a0607b60f98cde6,1
0x8e63e4376dde62cb82f5a91c4bce4156457dedb1,1
0x8f160eb907a80517a3fa6d22f7cf20f552696a44,1
0x906cc8125a4c21c2b7f634efd5a5702383b925ea,1
0x90e5aa59a9df2add394df81521dbbed5f3c4a1a3,1
0x90fa40f24362c24de09b1cb86df9f0b1f1b15a90,1
0x910f9b862ef9cdf7b4b422540e5d664349142074,1
0x91215d71a00b0907ca67b25401172ab18d4b18f9,1
0x913735e6d76b6b954ca799511244ff430cda642f,1
0x914b1b26f461a8797d94f06ed41e01f72b0484f7,1
0xDBbd6bb7ADCBC9D1Ae962df6cf24F3bd14E1bC9b,1
0x922d1874a9984cca520a6c078f9856a158442f57,1
0x92e0049c4cdd67512bda9ba4dce55b554acf44ff,1
0x93c838add3ac72b42f65417408f900a7155e1bb8,1
0x94db5f225a1f6968cd33c84580c0adae52a04edf,1
0x953b0f8afc70e0fca9e2e43b0a4914be002c4e94,1
0x959694449f233ffb80ddbcacca250219114ee302,1
0x95b043e70b6fece9b4ed4a28c5e4ac9bffa28da8,1
0x9769334fc882775f4951865aa473481880669d47,1
0x984b8f799f8a2efb188f7be8b386130fc4651bbb,1
0x98cba78ba705efaa9c9d9015b5c95ba1e2c3b2cd,1
0x98f9626154f44e3f30c112e9bb48b0678568b916,1
0x9945eeea4d7fe9fc63b8680717fffbf308d1ee86,1
0x994d0c5e289c9750849b916cd4961e1e7ddb451e,1
0x9996b56c2dd22e58d53a10d38bf299fb5dea07a4,1
0x9acb83a514399c9f5201f55ddab61481d0430943,1
0x9b220307d270fa9cbac7d6a41758274704aec977,1
0x9b3e37ba693c954bba67802c4d17efcd12b38e3c,1
0x9c03e112fe320194e60a8dbc6402b871c2521787,1
0x9ca09fb674b92965543da65e0273385349d599f0,1
0x9caed8a01c87721570de895a9725334a0a0cdb70,1
0x9d8b028a6cb7091e6f5837559994dfc35f9e8d47,1
0x9e23d2db65a1b8b6f31fb57c47148907545b3ff5,1
0x9ef13e6bfa6d38065207b5aaf757d124c25fb294,1
0x9f35af4727fb91114563d8a8f779a792cb557f3f,1
0x9f64e6a575f50d7c8c5aea4be962f86ee2c5ca31,1
0x9f7064dfe6ca5856b3afd7a3b3974686a35bdab5,1
0x9fca5cb296333aa780d3367951f766ab3d7d4098,1
0x9fef296d8dc2e5c3ceae453b88ea69632d7b4a5e,1
0xa01c0735c7ca5f8efc1e63efa5f2d1c4fc1a4714,1
0xa04f4a4b7306cb72f30828834db01699362a4989,1
0xa076101336d7241b5c74131c3633158b67583dca,1
0xa0af0ea0d75baf7486a5e8bbe0e19b06531bab8b,1
0xa116583225ab2768fc6ebe9e305de17f657e8921,1
0xa175029bff19b26b4a2e6da68e8bb909d6005fec,1
0xa1effda93fcb0df8e40b98bf10219be8447e564f,1
0xa266b9edf05b39a6d2bd9efbe1d5445192bda55c,1
0xa2b1692289b1891f6bebfac54a3ff1192b7e9e0c,1
0xa33e5e1ccf57c0caf78ae399061f270dd24ffcdf,1
0xa3e49fea82d17326636cece9c8c090edf013dccb,1
0xa4b61e227361a9cd9e62ca10946c27748a382cab,1
0xa5214719feb1d07b66292a5d4d0a2712bd048435,1
0xa55048cc0369e412cf7db3d9bb30afb51d091a12,1
0xa71000e72d38e6a84d7190f59fd3dfc73931c0e8,1
0xa71276ce275e525cceb451d731f39d181bc3f2bf,1
0xa73bd72b4bf7875d4b4d53581bef3e0eadcd051b,1
0xa7e1a7cae85805814f6b516f7e231c488666267d,1
0xa81725fae8bb3930a95debb0adeaa184b5e9cc10,1
0xa8490d653e10e752d2e65b1ffb8a1789fdd19cf5,1
0xa883b60c5ead0efd604b41a7c0509c3c6b81739e,1
0xa8c045e857c1c4550119b612f22c3b27ece10340,1
0xa9237c4eeebc879208e59c867cb6d7cbffc1df30,1
0xa93450b6e8300071e72a5da104c7bd5ed4e102c5,1
0xa940409938a3a708bdb756b03b29fb6cc26c1a87,1
0xa978eadb605761725d11d3b3a4045cf5859e2d3c,1
0xaab85567766043f4108d486b1c27535d0d57678e,1
0xab50fa55f304be5089f8c82c1954fa564cf37785,1
0xab6ca2017548a170699890214bfd66583a0c1754,1
0xabfb849eedfe3a34002372e3e1a8ed945d28a02b,1
0xac104d56e4f8e0462f8c001ec7dde4c68deb596f,1
0xad35c5b320f095730bd88c0a0c523ecad7548d03,1
0xad887834294a92d5d6590608de07002be6fa3384,1
0xad8c7a19bc29ba104cedab894c01d1722ce185e8,1
0xade2eeb580b42706d429ceabc553964388ea5fde,1
0xaea3e4bd4a5250ec413e31b95126f3f997493a8b,1
0xaec3f7e735505c2b787b05d67f4adaefe3dfd678,1
0xaf5c3f45f6ac117dd3eab440b425c903e4c16b75,1
0xafcd6e3d6b8e87722ed8d5a598e811672a462a9d,1
0xb0767b217fb1530b064bb1f835c57c047c08ae72,1
0xb16525385824e8cf877be513386e75d875043ffd,1
0xb18e3c41faf4139b89b4ebf1f5ef645a3ad0ec7f,1
0xb209e4bd577cecb120fcd1797ee399ddd6533ac5,1
0xb21cc6e889df4ca5d8331b864a4ed346145ba44e,1
0xb2e7f7cf519020c8b6ff32a088fec95b03ccc715,1
0xb2eb061fd40cb94c2ad3d38aadab60e09d49ed21,1
0xb3007ff3c3f40bdf0126fec7c8e43c3fc50ea813,1
0xb32044d6911effab4f19a143a9cecd886403003e,1
0xb38bd68a6f0ba599808d65c7a9cf2a428105b680,1
0xb391806676cec7fd36dc136dbd4097bde13e5b5d,1
0xb3f0771103120f80ee3f2fdedf9c856a3af683b1,1
0xb3fc1a3e10434a5ab89bd6ad9719ea9e0b14cb76,1
0xb40f68ae2afa5ff105a57e1e08239a51dd0962c4,1
0xb5bd1ca7ef13954faf50286742aeb54d072ce21d,1
0xb5cd58e6d1ca87d0aa63f2ef03b5f2f24e453867,1
0xb5f31eb9e70f88c5997a243dfb59b7097bcd84be,1
0xb643cc4f8fa18504fb7d20f9fdd4fc9f2b6bd197,1
0xb6c4ce4eae85066f8fc45093d12444c8b89a6aa9,1
0xb6c7e03ede87692deb1de7e40723b952e0fd3773,1
0xb6eed98a7917953093992592d5a606e8d5c82bd5,1
0xb73d8e33d504e62bdd66c3e0416248ea59da2250,1
0xb774f65d9eab67c9a587eadb5b79d0a02bfa5c42,1
0xb8937891f08af9854a5ae7a5ec0cbaf4e68acd4c,1
0xb8dfd425f4d6227036d5342cc4ac2b90826e1b05,1
0xb99eae4b1fb07880896ab975534869bcddea35e0,1
0xb9cf551e73bec54332d76a7542fdacbb77bfa430,1
0xb9fbc4e6e861070408b9db37919d2244aa3b780c,1
0xba12fda058a14eb03c14613601c3a30d6f955196,1
0xba944a0293e614c9437083477eb466ab81fc908b,1
0xba98ef31cf6fa06cfa5489f73e2ec94bb1319b9c,1
0xbaa02edb7cb6dc2865bc2440de9caf6a9e31f23e,1
0xbafb4795dc726280a7f9e00fb8197b0173375031,1
0xbb5cad97dc15e8c3fbe457fa65cfb38b2dfd1002,1
0xbbd38f1c8cc4e8f1c4444db21f4bfe2f6393d9ce,1
0xbc2ab46887142d546a976d56eb9a3d9da147ee65,1
0xbd1ded3bcc8103028c8ebdc61990ca777709b10a,1
0xbd46f6fa9045e203dfc0cd31d19294dc2011cce2,1
0xbd751cac1fb27d930a6a0394d97c77908d94ad5d,1
0xbdc765d81db7e0ca47fe6bf57e987966a2c204ac,1
0xbddb878b393bf91f8d34b2edf7087ca529e3ccaf,1
0xbde2ddc49a2e6827300faa6afc93d572114a60b1,1
0xbe562c1bd15faa206173ff8095de985c812ce462,1
0xbe8fe12b9eb1ca2a593e6c070c71c294b6fe9f00,1
0xbeaca01071c88dbb299f875f4f43d2e8ee57df97,1
0xbead3baa04b6ab07e6cc4a06fb331dbe21694bb5,1
0xbfe21cf0fa66189c02d39338cce6b11695096afe,1
0xbfe384d79969bcb583b8a0e5fedc314aee480e7e,1
0xc00b1fd8984cb568b451404074703c6a29bd91d0,1
0xc02e6b0d0c1a5d8cd26beeba0fe8d76c5d2f19b9,1
0xc0dbb17f49151539c3d8ef185edef5ac270533a9,1
0xc117bb600e6d253a0a81767a9554849dfb864c28,1
0xc142dc5ceb96f73635d66b62bfde2a0eea4e4ce1,1
0xc19ca6cc85de33ec664fef9595905b8e57dae13d,1
0xc2d742fdbb31442b843a098dcec3c20054c28986,1
0xc3c1744bccfe4691e332c873f9cb99b53214e03c,1
0xc3fd1227da579220afeb28b400dacc4ad6523c7c,1
0xCADc7FCFd1c12da24be866d30BE91B44cbfF3914,1
0xc457fee0564bf3eb972114762f62ab45c0e3590b,1
0xc4dd09c206b06c254c8ca02cf38e25ff04fd6bcd,1
0xc659fd78a395d70ec69ff034b4378a712e7edb64,1
0xc762b1081c56b3fa487c7372f7284d9558a84859,1
0xc7a295b1b2df1efb82aa204958b98ac30171cb85,1
0xc805f82dd215912c3161e07647e707e7dc3dd43e,1
0xc839de0fed241607d50aa4107ae582443b906e4c,1
0xc94a284808e31b9ef43f9c9a48933e5a268cff9e,1
0xc9646794d03c53bc9a3b4ad60188a0b1d962e8ff,1
0xc9a194bb6a3855b14dc4699cabe7b2881c3f6552,1
0xc9eae131858bb939e5117b283dc2ca70b0589fc0,1
0xca288359ba6319c7e7c7377a670183acb3781cda,1
0xcab81f14a3fc98034a05bab30f8d0e53e978c833,1
0xcb4de7db08b4dd0a9954fcfa0a09762f58436df0,1
0xcb6a1ff7aabbe2afceb4f7c5a6ec7ded94506c50,1
0xcb85cf75d53fceb37af86b475903817db2b99d17,1
0xcb914e6465d01984efa583411e422edfeb9cb499,1
0xcb954087ecc62651b29ee5e5bc9d06e85a557740,1
0xcbfb9a917c2b45fbd8e820e66602ef26dff9cd40,1
0xcc946cb041c7d0a7493c9ea639353bfb70595812,1
0xcd30b6de9dadb0a1598eb12a4ccf34b98c98c1df,1
0xcd3342108fc481b2af64b4fc7d3bcaefc07b6256,1
0xcd3ac198c71fa65f8d82b0bac8d84884e1395006,1
0xcdb2961d0e2dab84d12b41d17b1ba7879201b6ea,1
0xce56a746edaf84e65aa6a2bbb45b2328f6a99935,1
0xce6f3e2449e6d96e93edcd88a7d505891e2506e0,1
0xce8ad80ce1a979381d209ac230d02adafb9fa897,1
0xce8b5f3f8b8520391c27c466f27273bce6bea4df,1
0xceab2935e06c646e560e2f6083c55db6e8e12099,1
0xcebc5f213fcdadd3a4c88e8a186e105aa5b33a4f,1
0xcf88fa6ee6d111b04be9b06ef6fad6bd6691b88c,1
0xd02d1718c2c62a5c152b27f86469b2bf2b436dc8,1
0xd1386560f0fa070b6b79e9968e8197cf17f3b8ae,1
0xd1409fc95ff7e45db3e4a5aa7f48478e74665e86,1
0xd1f6e5592361257aef68b96df42aef064080c5cc,1
0xd25a430b1fe01439d4c5d361dae57c17d4f4ee45,1
0xd26e23aaa39f29e07b299da734c77765f6866a0e,1
0xd2b09dc390aa62da598cedd4afb3f0bee5ce69d5,1
0xd2b9f9d1e6734f241b2a6eb64ef7f6e63af0a97d,1
0xd3069c9e486a8b77add55ae3ceb3a4b138fb76c7,1
0xd36590461162795ee33099b2076a0d4e017ae17c,1
0xd3aefe3c531e3e2eb0689206e7d495843c943550,1
0xd3cbf8645d8f28f6758504b0cf2ab4206c5dd7cc,1
0xd4012980ef607f79b839095781a31cb2595461cf,1
0xd4284c8cc59941565f1bf687209cebbba6da1d5a,1
0xd49e55b8078dec84a3c0315fd76d89047768d0a3,1
0xd537a2b2b97d104f2d9c7a84377fc11573629085,1
0xd55ca002c8ac7d73b8423696ed55f8f40652914a,1
0xd61bee56435dc7eeca895bae90fc8b9c7fe709eb,1
0xd66a2ac715fd7628bbcbf49ac3dd4a0f3a5b847f,1
0xd69e257ae6088b717ae6d2ddec9297703b4fb725,1
0xd7342ea20a5afbf24352b5ca61e09844167914cb,1
0xd787001237818c10614bc6cef5d39ccb0348a9da,1
0xfDfcA754BA734DF524F7a72E336AaC8d159C9d96,1
0xd7f624d0a67d09171b9555e2f43bde7acb16d79e,1
0xd8909b786e604ccc24cd13d6b66e4436990ae437,1
0xda21d2e1ee1830eebcd5f85e3cf5eb6e23f34f3a,1
0xda22ecb2897040eb15da2a98765446ee07fdcc81,1
0xda23ab0b2636c3f9806a868278d73aef2439ab60,1
0xda4ff7b6a1eb3176c347a3ffc56a26ee82fb6893,1
0xda75f63b9cb1cf7668bb0ee34fa718bc1cb5bbc1,1
0xdb6faf49a81fbce7238e0699ca053c63b566afa6,1
0xdb9986bd0596b8a4873b09b4a10b81b13f2c9ddd,1
0xdcaa90d9f3b75cda80764326f6594b58d0585d21,1
0xdcab53e3c8a2c37cc5e2509c2db0caa6c04f3ce0,1
0xdcb82a17c0e6f7b61e5869c4a0d468c98879bfa5,1
0xdd0a979d9a277144e73e05aab18261f71ee020a7,1
0xdd2d31348acdef864309a9c535160e7fe914bb7d,1
0xddc27a0a0c24d60b607dbc7b008f2016585e57bf,1
0xddf5e7cc43c3c63a85b0b51b1c9554e4817ca50c,1
0xde1b6dd59a147a5cbd584f5ec2e0954cfecd2816,1
0xdee54d1e2b120b372992fb65a75623a3f516a67c,1
0xdf1dd8f308bd9116f5eb03157bca7ea311010974,1
0xdf6ef836af8a66b7fc4f3f241e3a4363a304c7b8,1
0xdf85b9146d73a852d7b900d1abd974f2a8119f57,1
0xdf8b134fb7743acd805ecdee11335dd0cca921fc,1
0xdfba1c121d57d317467dcf6eba3df7b32c5c736f,1
0xe001891949372e1aa33c50c7ea19568be32ecde7,1
0xe048ca2aa2b5fe1991487bbe46bbfafaf4234402,1
0xe12e5e9c1258865ddea0f7167b1904bc70c13d06,1
0xe1e57c6d779adea0f34cd3b84fb6bae3a54d1cfd,1
0xe2b18ff370bf86cb4a7ff7ce2b93dce225a5a951,1
0xe2b76c9f15a1e5841a91b404ab4be1c3e5d19551,1
0xe2cacedac44bd674d9c5e816422cbd603db9cc1c,1
0xe34efbce9bb931b6c2083237b4f93b1870e41582,1
0xe37582cb7ae307196d6e789b7f8ccb665d34ac77,1
0xe444861afdbf1537cd6ab787aa285ef2fbabf3b4,1
0xe48ab528f2b51fa68e22d57069cffafcd4aa2b6c,1
0xe4fdfd7f2b4e4926759f2b1ad403d45a1aa9106a,1
0xe540a8d94bd379c4d9c0478c8fe9f7fe7f0b06e1,1
0xe6563194f9baa6e3064086a98bf73608fc17cbfd,1
0xe69cae620953aef05e9276f35a7d3cb598bf4b20,1
0xe6d6758d2fc0a7a0c476794855d035f3bcba245f,1
0xe6e4d92009406d08851c2e65ce6dd324ad76a87e,1
0xe77d44e642c53db943aa0a71ef60cbff719e644e,1
0xe79c263403b0071093bd7968ad1b6ea94d3bcf1c,1
0xe7c5ef2cee9c15b04fc7dea61a1ec443dd8e7fd1,1
0xe974e75da812e3764dcc746c8fa82e25fb9f0627,1
0xe9b5a2529ad21454cb5e4d172dcb4bc501789463,1
0xe9e7f10a129ed34be0cab9e1fb0c8a309d3526d9,1
0xea0ed16746257eb2bc11de2fefd63cdeece23a98,1
0xea9e2ad8a87008b4e7d021965fcd1e307eee2bb9,1
0xeac5f9b3cd48123a69fe69ce93a7f58100a56552,1
0xeafcc7bad1afede83f065146b14066a5d04ac3d2,1
0xeb057c509cf30cc45b0f52c8e507ac3cf8e78777,1
0xeb8661e8548dc074b9ff411080fdd9a377e6ed1e,1
0xebf1f3ffb7b4e213048fce25ae7beff6918f63cf,1
0xec9e512fe7e90134d8ca7295329ccb0a57c91ecb,1
0xed1e25178d7a6438c356d3459fc3efa9458ad52b,1
0x59405cb53Fb84706F3C4b522C57D71f125Fe5182,1
0xeec0efa48234b92388989b3c7f74dd2401594b7b,1
0xeefc51b651d31db81d4082f3fcd7df9140aeb69e,1
0xf01bcb0090cd0f734688ce77ae067da58e9d8005,1
0xf0b4e5f9bf9e02637748153b956819cd3e96326a,1
0xf141a37978d4b14a4a63936d4b3aaac479fef943,1
0xf15a6b54e68884d27e1bebb1624d70c227b7d04b,1
0xf1e1c701b49b1dc2405a9e8ef40f9f88802b80fa,1
0xf1f476f144df01480297dca47efca565e8b0c9f1,1
0xf21e12ab125d919f821098510c18fa896770e708,1
0xf2e9db3c5d06015833df31ed3c37172a2b34ee7f,1
0xf3154c58930a67685db1559147d5ef439b8230f6,1
0xf4406f50666f4373bdad5017a9322f59d5e3691c,1
0xf476cd75be8fdd197ae0b466a2ec2ae44da41897,1
0xf4a12bc4596e1c3e19d512f76325b52d72d375cf,1
0xf5559d32946212a8f718c8d6c79c19c6200c9d6e,1
0xf568b4ea972ae15f69453d96fa172093971a6304,1
0xf5731ba57f5648562d159e912cbc2e921c8cd5d5,1
0xf58f88a84872409859f884d7e0a8aa33cacdb5f5,1
0xf7200f7a475b53446a10421dea95299fa9319a85,1
0xf7474070f2b9843df17e41213b6d89a1a6648b86,1
0xf956447568f990afe6d123a171585c152c24bc96,1
0xf9eabed5cfb85a0e9caed2ccd12cfc6a7cfc9501,1
0xfa977a0125c16a658a59ca1e59c7c48d58142226,1
0xfb39a75697b375daba7bf3b109c31c4a271abad6,1
0xfc0ac71b8ca9b219b3c74625755f62202d19ad39,1
0xfc681305295ae89991d3aac5c444fb6d96b3ffae,1
0xfcc6cce3ed9b313adfceb11bbac0ac734cd78556,1
0xfd5d8237da011a140949eb23517fbbb9edf142ce,1
0xfde25d8e5e1e3b03f4d0b1d5c793e3916fd85bc4,1
0xfe3b3f0d64f354b69a5b40d02f714e69ca4b09bd,1
0xfe4da73ff6543b17b2b18e0e5d94bc87bd79f527,1
0xff0bbe1aebeb8e1860a3b717aec5f6ac3f5a7611,1
0xffa4410d9d8e63f255146475f0e3326667996482,1
0xffe296bbbc86dfac056b42c6180d9f8b4cb412aa,1
0xfff423212eb0b97788d43a0c38b7d5762ba3c6e6,1